Id,Name,Type,Price,Mall,2026-02-07 00:40:22
125786,인텔 소켓775 정품,,8000,1몰,
143925,잘만 CNPS9500 AT,,90000,1몰,
157080,디직스 아이스피아 300-775 LED,,4890,12몰,
284022,잘만 CNPS9700 LED,,90000,1몰,
411184,COOLERTEC SPIRE SP508C0-A,,38260,13몰,
553542,디직스 아이스피아 700-775 HP,,9290,19몰,
553676,COOLERTEC ICEBERG-775 BLUE 사일런트 유체,,8800,3몰,
559849,디직스 아이스피아 300-775 NEO,,7550,9몰,
640713,EVERCOOL CPM3-410CA,,20000,66몰,
650126,EVERCOOL HPH-9525CU,,54890,9몰,
674218,COOLERTEC INTEL XEON PWM FAN,,9200,16몰,
773769,COOLERTEC ICECAP AM2 옐로우,,3700,17몰,
892975,COOLERTEC ICECAP AM2 SILENT WHITE,,6280,73몰,
893273,디직스 아이스피아 300-775S,,6600,6몰,
916269,COOLERTEC ICEBAY WHITE PWM,,20280,6몰,
920841,COOLERTEC CT-775-1U,,25990,12몰,
1084217,COOLERTEC CT-1156-1U-Blower,,30200,1몰,
1165954,COOLERTEC CT-775-1U-PASSIVE,,28400,73몰,
1174153,COOLERTEC CT-1156-1U-Blower (PWM),,29740,58몰,
1206375,잘만 CNPS9900 MAX 블루,,90000,1몰,
1206389,인텔 소켓1156 정품,일반형,4690,86몰,
1269720,COOLERTEC GIANT-775 ORANGE-PP,,9450,65몰,
1279962,Thermalright TRUE Spirit Ni,,53000,35몰,
1281283,COOLERTEC ICECAP AM2 AM3 옐로우,,3550,64몰,
1363740,XIGMATEK Gaia SD1283,,34900,35몰,
1363882,XIGMATEK Achilles 2 SD1284,,47730,2몰,
1390751,COOLERTEC CT-775-1U-BLOWER (PWM),,23900,72몰,
1434301,XIGMATEK PRIME SD1484,,58760,1몰,
1460534,COOLERTEC INTEL XEON-771 FAN,,8720,54몰,
1536172,Thermalright True Spirit 140,,60000,67몰,
1538213,COOLERTEC CT-775-1U(2 BALL),,25120,36몰,
1538215,COOLERTEC CT-1155/1156-1U(2BALL),,28490,60몰,
1612222,TITAN TTC-MS1AB,,5000,2몰,
1683210,EVERCOOL LGAL1156A-B715,,40130,2몰,
1685601,TYAN JYC1R04ATPG-0,,72000,1몰,
1722074,EVERCOOL LGAL2011A-B715,,38400,85몰,
1827552,NOCTUA NH-L9i,,75800,81몰,
1841012,COOLERTEC NBCC-CO5,,21830,21몰,
1841016,COOLERTEC NCH-01,,17200,2몰,
1841017,COOLERTEC NCH-02,,16630,14몰,
1841018,COOLERTEC NCH-03,,16640,1몰,
1841019,COOLERTEC NCH-04,,16630,14몰,
1841020,COOLERTEC NCH-05,,16630,14몰,
1881041,EVERCOOL VENTI,,34200,1몰,
1959996,XIGMATEK Dark Knight SD1283 Night Hawk Edition,,54490,55몰,
2108228,NOCTUA NH-U12S,,115260,80몰,
2121557,COOLERTEC CT-1155/1156-Slim(CU),,15220,47몰,
2191779,디직스 아이스피아 300-1000SQ,,5490,10몰,
2191818,디직스 아이스피아 300-1000S,,6190,10몰,
2198445,COOLERTEC CT-2011-1U-BLOWER-PWM(4Pin),,28490,69몰,
2198482,COOLERTEC BETA-50-BLUE,,11300,9몰,
2232721,Thermalright AXP-200,,97000,30몰,
2245580,COOLERTEC ALPHA-100-BLUE,,10990,57몰,
2245591,COOLERTEC GAMMA-100-BLUE,,6210,67몰,
2359447,Thermalright AXP-200R ROG,,97000,2몰,
2405745,GELID SLIMHERO,,41000,52몰,
2434395,COOLERTEC CT-1150/1155/1156-Slim(AL),,9500,70몰,
2487885,COOLERTEC Intel 1155/1156-AL,,7900,1몰,
2523582,Thermalright TRUE Spirit 120M(BW) Rev.A,,58000,1몰,
2525509,디직스 아이스피아 WIND1000,,8390,9몰,
2563768,COOLERTEC ICECAP AM2 AM3 SILENT WHITE,,6480,15몰,
2633155,EVERCOOL EC115X-BLUE LED,,11804,84몰,
2700232,REEVEN HANS,,54870,56몰,
2756636,Thermalright TRUE Spirit 140 POWER,,97000,1몰,
2777869,DEEPCOOL CK-11508,,4200,1몰,
2779900,DEEPCOOL THETA 31 PWM,,16500,31몰,
2843184,XIGMATEK LOKI II,,27000,60몰,
2852606,Thermalright Archon IB-E X2,,112000,28몰,
2934619,NOCTUA NH-D9L,,92410,79몰,
2934642,NOCTUA NH-U9S,,100720,96몰,
2935655,COOLERTEC CT-2011-2U (PWM),,41140,67몰,
2976757,REEVEN OURANOS,,71710,48몰,
2996635,NOCTUA NH-D15,,166610,90몰,
3078976,Thermalright Macho 90,,48500,2몰,
3087310,EVERCOOL HPS-810CP,,18020,95몰,
3102434,GELID SNOWSTORM,,30000,53몰,
3125086,GELID TRANQUILLO Rev.3,,43000,33몰,
3125149,GELID SLIM SILENCE AM1,,27000,49몰,
3131104,NOCTUA NH-L9x65,,95530,82몰,
3154741,EVERCOOL EC155A-915BP SLIM,,13720,96몰,
3214925,NOCTUA NH-C14S,,131870,72몰,
3214929,NOCTUA NH-D15S,,147090,64몰,
3321967,COOLERTEC ALPHA-500 CU,,42730,59몰,
3356578,CRYORIG H5 ULTIMATE,,70000,31몰,
3401607,SCYTHE IORI,,42360,16몰,
3425024,인텔 인텔 115X 정품,,4780,88몰,
3441428,COOLERTEC CT-2011-1U-PWM (2BALL),,34980,57몰,
3496070,GELID POLAR,,19500,12몰,
3512103,COOLERTEC JACLF11C,,36500,59몰,
3531783,DEEPCOOL GAMMAXX 200T,,19800,1몰,
3559009,EVERCOOL MCI02-510BA,,27140,57몰,
3662339,COOLERTEC ALPHA-600-BLUE,,11890,46몰,
3662668,Thermalright Macho Zero,,91000,2몰,
3716687,명인일렉트로닉스 엠트루 쿨러 S20070,,83670,41몰,
3716720,명인일렉트로닉스 엠트루 쿨러 S40092,,121890,35몰,
3727757,써모랩 VA2011-1U,,36840,12몰,
3772008,쿨러마스터 MASTERAIR MAKER 8,,195000,4몰,
3777900,Thermalright Silver Arrow ITX,,124000,22몰,
3871203,ID-COOLING SE-903 AMD,,28500,1몰,
4154501,EVERCOOL HPH-9525EP FOR 115X,,39200,1몰,
4255158,GELID ANTARCTICA,,65500,51몰,
4359705,인텔 소켓1156 정품,고급형,5590,53몰,
4466024,REEVEN STEROPES Rev.B,,55870,52몰,
4547389,COOLERTEC ALPHA-800 BLUE-CU,,13860,23몰,
4553183,REEVEN BRONTES Rev.B,,47510,46몰,
4603181,ASUS Royal Knight White,,29600,73몰,
4631853,AMD 정품 쿨러,,1400,26몰,
4673723,Thermalright TRUE Spirit 140 Direct,,64000,59몰,
4673746,Thermalright AXP-100RH,,77000,3몰,
5020897,COOLERTEC CT-478 PLUS,,9450,69몰,
5093966,ASUS Royal Knight White for 라이젠,,30340,38몰,
5142506,COOLERTEC CT-1366-1U (2 Ball),,41280,1몰,
5200073,RAIJINTEK LETO BLUE,,28000,2몰,
5200097,RAIJINTEK LETO RED,,18000,1몰,
5254618,NOCTUA NH-L9i 해외구매,,83990,15몰,
5303268,DEEPCOOL GAMMAXX 300R LED,,20900,98몰,
5304008,COOLERTEC ALPHA 1000 WHITE,,13760,64몰,
5304076,COOLERTEC CT 2011 1U V3,,37400,68몰,
5304094,COOLERTEC CT 2011 2U V3,,42050,75몰,
5340689,명인일렉트로닉스 엠트루 S3647-2UA,,86840,34몰,
5405935,CRYORIG H7 QUAD LUMI,,90880,68몰,
5429793,NOCTUA NH-U12S TR4-SP3,,179260,3몰,
5468657,NOCTUA NH-U9 TR4-SP3,,133050,55몰,
5592367,NOCTUA NH-L12S,,103620,86몰,
5592415,NOCTUA NH-L9a-AM4,,75800,96몰,
5616193,EVERCOOL EC155C-915BP,,19150,82몰,
5623581,Antec C400 BLUE LED,,50000,7몰,
5623597,Antec C40 BLUE LED,,34000,2몰,
5717779,RAIJINTEK LETO PRO RGB,,25000,3몰,
5719232,RAIJINTEK TISIS CORE EDITION,,36000,4몰,
5732991,RAIJINTEK TISIS CORE EDITION + AURA12 2팬 패키지,레드,69000,2몰,
5733033,RAIJINTEK TISIS CORE EDITION + AURA12 2팬 패키지,그린,79000,2몰,
5733051,RAIJINTEK TISIS CORE EDITION + AURA12 2팬 패키지,블루,79000,2몰,
5733084,RAIJINTEK TISIS CORE EDITION + AURA12 2팬 패키지,화이트,79000,1몰,
5759510,DYNATRON B3,,67980,66몰,
5759543,DYNATRON B5,,66470,74몰,
5759568,DYNATRON B11,,66470,73몰,
5759605,DYNATRON R14,,67990,90몰,
5759688,DYNATRON R27,,67980,72몰,
5852917,쿨러마스터 STANDARD A30,,8250,45몰,
5959412,AMD 레이스 쿨러,,32000,2몰,
5998016,DYNATRON K199,,55990,90몰,
6049265,AMD Wraith Max,,33730,2몰,
6074873,DYNATRON B9,,86720,93몰,
6074902,DYNATRON K666,,67980,65몰,
6217081,COOLERTEC AMD Server-AL9490H27,,16190,52몰,
6244281,REEVEN E12 BLUE,,31720,19몰,
6244289,REEVEN E12 RED,,31650,22몰,
6268175,NOCTUA NH-D9 DX-3647 4U,,169330,55몰,
6293064,ALSEYE EDDY-120WT 화이트 LED,,18320,20몰,
6293080,ALSEYE WIND-DR Plus 화이트 LED,,19930,18몰,
6293139,ALSEYE WIND CUBE LP,,26560,17몰,
6375041,잘만 CNPS9X OPTIMA WHITE LED,,54260,1몰,
6380248,COOLERTEC ALPHA-200-WHITE LED,,7040,65몰,
6385912,라이트컴 COMS BT076,,30010,33몰,
6385986,라이트컴 COMS BT077,,38900,63몰,
6457076,EVERCOOL AMD AM4 쿨러,,13300,2몰,
6459475,라이트컴 COMS BT074,,10630,90몰,
6459522,라이트컴 COMS BT078,,17940,50몰,
6526115,DYNATRON B13,,61000,94몰,
6624940,SilverStone SST-NT08-115XP,,19710,26몰,
6739393,ID-COOLING DK-03i RGB PWM,,11650,89몰,
6864766,DYNATRON K2,,55990,90몰,
6942640,RAIJINTEK MYA RBW,,59000,2몰,
7140199,명인일렉트로닉스 엠트루 S40200-Narrow,,111200,41몰,
7172737,COOLERTEC AMD-AM4 RYZEN-AL,,2500,5몰,
7303453,라이트컴 COMS BT079,,7510,78몰,
7491625,Antec A400 RGB,,44380,31몰,
7512625,DYNATRON K129,,62980,54몰,
7543492,DEEPCOOL GAMMAXX GTE,,35400,1몰,
7639102,NOCTUA NH-U12A,,179640,90몰,
7808539,ARCTIC Freezer 34 eSports DUO,화이트,49430,28몰,
7906234,SilverStone SST-AR01-V2,,49420,32몰,
7926145,ARCTIC Freezer 34 eSports DUO,레드,62000,1몰,
7932706,COOLERTEC CTV-AF 04,,5300,45몰,
7978027,be quiet DARK ROCK SLIM,,96000,1몰,
8037406,Shenzhen Newtech CooNong 3647 2U,,96760,3몰,
8180158,3RSYS Socoool RC100 RGB,실버,17860,143몰,
8449491,바이퍼테크 75S-20,,13490,43몰,
8461341,SilverStone SST-AR01-V2.1,,48280,21몰,
8922236,ALSEYE EL120D RGB,,23230,16몰,
9219813,COOLERTEC OMEGA-100-AL,,13980,54몰,
9219849,COOLERTEC OMEGA-100-CU,,15690,65몰,
9354741,에너맥스 ETS-T50 AXE,,48450,101몰,
9364272,써멀테이크 UX200 ARGB Lighting,,17200,16몰,
9483522,에너맥스 ETS-T40 Fit,,38600,92몰,
9483702,에너맥스 ETS-T50 AXE ARGB,블랙,64790,1몰,
9483753,에너맥스 ETS-T50 AXE ARGB,화이트,56030,94몰,
9663501,DYNATRON K17,,61270,78몰,
9828390,앱코 SUITMASTER 자이로스 X201 RGB,,22000,2몰,
9964230,NOCTUA NH-D15 chromax.black,,179640,98몰,
9964281,NOCTUA NH-L9i chromax.black,,86180,74몰,
9964338,NOCTUA NH-U12S chromax.black,,340960,1몰,
10029645,잘만 CNPS17X,,21470,104몰,
10029720,잘만 CNPS20X,,126000,5몰,
10614258,NOCTUA NH-L9a-AM4 chromax.black,,86180,80몰,
10820766,SilverStone SST-AR12-RGB,,32540,18몰,
10822347,잘만 CNPS16X,블랙,70090,70몰,
10822371,잘만 CNPS16X,화이트,75260,76몰,
10854153,AMD Wraith Stealth,,840,124몰,
11295096,SCYTHE SHURIKEN 2,,38900,35몰,
11333841,바이퍼테크 VIP SLIM 115X CU,,13500,48몰,
11442231,잘만 CNPS80G Rev.1,,8600,1몰,
11766722,조이쿨 RGB-120,,11370,75몰,
11813689,3RSYS Socoool RC 1000,,79000,1몰,
11872747,DEEPCOOL THETA 15 PWM,,14580,38몰,
11916583,ID-COOLING SE-224M-B,,30000,1몰,
11916676,ID-COOLING IS-50 MAX RGB,,50490,9몰,
12004964,RAIJINTEK TISIS CORE EDITION + Boreas Alpha 2팬 패키지,블랙,79000,2몰,
12023681,잘만 CNPS10X OPTIMA II RGB,화이트,39900,1몰,
12192281,PCCOOLER GI-X4S,,20900,1몰,
12207320,ID-COOLING DK-03 RGB,,10570,43몰,
12319754,쿨러마스터 H115 병행수입,,8460,18몰,
12360800,Thermalright Assassin King 120,,47520,77몰,
12360944,Thermalright Assassin King 120 PLUS,,55930,79몰,
12360986,Thermalright Assassin Spirit 120,,47000,1몰,
12361040,Thermalright Assassin Spirit 120 RGB,,39850,97몰,
12361127,Thermalright Assassin X 120,,40290,68몰,
12361208,Thermalright TRUE SPIRIT 120 REV.B,,57000,82몰,
12361223,Thermalright TRUE SPIRIT 120 PLUS,,62970,76몰,
12361271,Thermalright FROST SPIRIT 140,,76470,75몰,
12361301,Thermalright FROST SPIRIT 140 RGB,,86900,76몰,
12532517,be quiet SHADOW ROCK 3 WHITE,,74500,41몰,
12658235,인텔 소켓 1200 정품,고급형,7190,34몰,
12710657,조이쿨 RGB-4PIPE90,,16000,16몰,
12743672,PNC PARTNER EVEREST PN-HF681 RGB PWM,,19730,1몰,
12758804,NOCTUA NH-D15S chromax.black,,164070,77몰,
12795854,Iceberg Thermal IceFLOE T95,,12420,53몰,
12911468,조이쿨 RGB-6PIPE90,,23000,7몰,
12946577,DEEPCOOL ASSASSIN 3 해외구매,,129570,1몰,
13000961,SCYTHE KOTETSU MARK II ARGB,,49900,37몰,
13006916,BRAVOTEC M4 마블 블랙팬서,,29500,22몰,
13006964,BRAVOTEC M4 마블 스파이더맨,,18980,63몰,
13006982,BRAVOTEC M4 마블 아이언맨,,18980,74몰,
13007003,BRAVOTEC M4 마블 캡틴아메리카,,18980,77몰,
13007036,BRAVOTEC M4 마블 타노스,,18980,83몰,
13019285,AMD Wraith Prism,,35490,21몰,
13083413,조이쿨 RGB-90CU SILENT,,8980,97몰,
13166085,조이쿨 JH80CU-2600-PWM,,9000,72몰,
13166118,조이쿨 JH80CU-4000-PWM,,9370,56몰,
13182689,JONSBO CR-2100 AUTO RGB,,54000,3몰,
13252115,조이쿨 MJC-90CU,,8270,66몰,
13256300,NOCTUA NH-D15 해외구매,,207730,18몰,
13329263,쿨러마스터 MASTERAIR MA624 STEALTH,,154000,1몰,
13365653,인텔 인텔 115X 정품 중고,,1890,74몰,
13379615,COOLMOON PROST X400 ARGB,,24000,2몰,
13409756,GELID PHANTOM ARGB,,38000,2몰,
13410701,GELID TORNADO ARGB,,21650,7몰,
13410929,앱코 NCORE CL120 AUTO RGB,화이트,49690,1몰,
13425197,AMD Wraith Spire,,16000,1몰,
13436081,조이쿨 RGB-AM4,,5720,70몰,
13485356,Thermalright HR-02 PLUS,,113160,69몰,
13485446,Thermalright VENOMOUS PLUS,,105970,71몰,
13779797,DEEPCOOL AS500 PLUS 해외구매,,111890,5몰,
13831010,조이쿨 MHJ-115X,,4220,70몰,
13831103,조이쿨 MRM-90 SLIM,,6430,127몰,
13868216,조이쿨 MRM-90 CU,,8270,88몰,
13943513,조이쿨 MINI BLUE-92,,8050,65몰,
13999142,ID-COOLING IS-40X (병행수입),,24920,1몰,
14059886,TaiSol FRU-TH-0220,,7580,50몰,
14110475,PCCOOLER PALADIN 400,블랙,29090,232몰,
14144915,잘만 CNPS10X PERFORMA ST,,46990,99몰,
14258252,EVERCOOL CUW3B-625BA,,27140,66몰,
14258447,EVERCOOL EC-AM4-915BP,,8940,60몰,
14259230,SCYTHE MUGEN 5 BK ARGB,,68900,38몰,
14273261,FOXCONN PVA092G12P-P07-09,,3890,50몰,
14285618,NOCTUA NH-L9a-AM4 chromax.black 해외구매,,123470,6몰,
14345735,써멀테이크 TOUGHAIR 310,,52000,16몰,
14345807,써멀테이크 TOUGHAIR 510,,69500,16몰,
14362643,ARCTIC FREEZER 50 TR 해외구매,,196490,4몰,
14362868,ARCTIC FREEZER 50,,119000,1몰,
14422412,에너맥스 ETS-F40-FS ARGB,블랙,48490,77몰,
14441402,에너맥스 ETS-F40-FS ARGB,화이트,50380,102몰,
14465459,CORSAIR A500 해외구매,,179420,1몰,
14588288,be quiet DARK ROCK SLIM 서린,,96000,96몰,
14598668,Thermalright AXP90-X47,그레이,48900,2몰,
14598740,Thermalright AXP90-X53,그레이,57900,2몰,
14600501,be quiet SHADOW ROCK 3 서린,,82650,2몰,
14600561,be quiet SHADOW ROCK 3 WHITE 서린,,77000,66몰,
14674061,XIGMATEK Windpower WP1266 RGB,,32700,61몰,
14680634,NOCTUA NH-P1,,180660,68몰,
14684588,ICEGIANT ProSiphon Elite,,205000,2몰,
14697149,잘만 CNPS9X OPTIMA RGB,,31500,8몰,
14705225,PCCOOLER PALADIN 400 ARGB,,29490,185몰,
14750051,NOCTUA NH-D15S 해외구매,,182990,10몰,
14750108,NOCTUA NH-D15 chromax.black 해외구매,,228690,28몰,
14764865,COOLERTEC CT-AM4-SLIM-CU(PWM),,15820,67몰,
14885810,NOCTUA NH-L9a-AM4 해외구매,,90190,21몰,
14924333,darkFlash Ellsworth S11 AUTO RGB,블랙,32000,1몰,
14942309,LEADCOOL POONG AC-2100 RAINBOW,블랙,23500,1몰,
14942360,LEADCOOL POONG AC-3100 ARGB,블랙,22000,7몰,
14942684,ID-COOLING IS-27i,,26790,3몰,
14992247,Segotep S4 AGHP,,16900,6몰,
15190550,명인일렉트로닉스 엠트루 S40260,,130820,24몰,
15191018,명인일렉트로닉스 엠트루 S40090,,124990,37몰,
15191213,명인일렉트로닉스 엠트루 S20090,,106280,34몰,
15191354,명인일렉트로닉스 엠트루 S4189-2UA,,115000,2몰,
15258752,DEEPCOOL UD551 ARGB,,19570,109몰,
15258818,DEEPCOOL UL551 ARGB,,19570,99몰,
15279728,DEEPCOOL AK620,블랙,73000,6몰,
15301145,3RSYS TEAMMOST TM-50 RGB,블랙,62850,2몰,
15335261,Thermalright Frost Commander 140 WHITE,,109900,1몰,
15382175,Thermalright AXP90-X47 FULL,,86000,1몰,
15382196,Thermalright AXP90-X47,화이트,59000,1몰,
15382238,Thermalright AXP90-X36,블랙,51900,2몰,
15382499,Thermalright Assassin King 120 MINI WHITE ARGB,,57950,77몰,
15455354,Thermalright TA120 EX MINI,실버,60900,2몰,
15455486,Thermalright TA140 EX,,66860,74몰,
15507467,COOLERTEC GAMMA-300 ORANGE-CU,,13760,65몰,
15507569,COOLERTEC CT-AM4-SLIM-CU(PWM)-2,,15830,69몰,
15578330,NOCTUA NH-L12S 해외구매,,125570,25몰,
15578444,NOCTUA NH-D9L 해외구매,,105000,15몰,
15674840,Thermalright Peerless Assassin 120 서린,,67940,86몰,
15674933,Thermalright Peerless Assassin 120 WHITE 서린,,69000,11몰,
15674972,Thermalright Peerless Assassin 120 BLACK 서린,,66210,103몰,
15687926,Thermalright AXP-100 C65,,113000,6몰,
15688298,NOCTUA NH-U12A chromax.black,,197680,101몰,
15700661,잘만 CNPS7600 ARGB,,18890,56몰,
15884915,Thermalright Assassin King 120 MINI WHITE ARGB 서린,,63800,1몰,
15885011,Thermalright Assassin King 120 서린,,49500,1몰,
15885335,Thermalright Assassin X 120 서린,,40700,15몰,
15902024,Thermalright SILVER SOUL 135 해외구매,,77240,2몰,
15902564,Thermalright TA120 EX,그레이,61900,2몰,
15903707,Thermalright TRUE SPIRIT 120 REV.B 서린,,57500,7몰,
15911942,Thermalright Peerless Assassin 120 WHITE ARGB 서린,,72160,99몰,
15918464,Thermalright Ultra-120 eXtreme Rev.4,화이트,81220,75몰,
15937388,Thermalright AXP90-X36 서린,블랙,50000,107몰,
15937445,Thermalright AXP90-X36 서린,그레이,44140,115몰,
15937553,Thermalright AXP90-X47 서린,블랙,56700,108몰,
15937622,Thermalright AXP90-X47 서린,그레이,43810,106몰,
15937664,Thermalright AXP90-X47 서린,화이트,56700,111몰,
15937730,Thermalright AXP90-X53 서린,그레이,55650,101몰,
15937751,Thermalright AXP90-X53 서린,블랙,62980,97몰,
15937877,Thermalright AXP90-X47 FULL 서린,,81700,99몰,
15939698,COOLERTEC CT-AM4-1U-BLOWER,,38920,69몰,
15956870,Thermalright Assassin X 120 Refined SE ARGB,,23900,5몰,
15969608,Thermalright Peerless Assassin 120 SE,,39900,16몰,
15969662,Thermalright Peerless Assassin 120 SE ARGB,,45900,12몰,
15988991,조이쿨 M103 RGB-120,,10000,3몰,
16046924,darkFlash Ellsworth S11 PRO ARGB,블랙,27170,116몰,
16046939,darkFlash Ellsworth S11 PRO ARGB,화이트,28270,137몰,
16065755,DYNATRON Q5,,71650,90몰,
16065854,DYNATRON Q6,,67960,79몰,
16065980,DYNATRON A35,,66460,78몰,
16084124,잘만 CNPS10X PERFORMA,화이트,57990,125몰,
16092590,PCCOOLER BT896,,13510,131몰,
16109648,NOCTUA NH-L9i-17xx,,77970,32몰,
16123430,ALSEYE M120D PLUS,블랙,69420,43몰,
16150331,SRHX NB779,,6550,107몰,
16169126,SilverStone SST-XE04-SP3,,108000,22몰,
16181579,3RSYS TEAMMOST TM41 ARGB,블랙,20200,1몰,
16181612,3RSYS TEAMMOST TM41 ARGB,화이트,26100,2몰,
16208849,Thermalright Assassin X 120 Refined SE 서린,블랙,21890,109몰,
16209023,Thermalright Assassin X 120 Refined SE ARGB 서린,,23080,113몰,
16209245,Thermalright Peerless Assassin 120 SE WHITE ARGB,,49900,7몰,
16234136,PNC PARTNER EVEREST BK092 WHITE LED,,8720,75몰,
16274006,ID-COOLING IS-50 MAX RGB V2,,45200,3몰,
16274216,ID-COOLING IS-30 V2,,29500,3몰,
16311476,DYNATRON S3,,83580,74몰,
16311617,DYNATRON S5,,71650,90몰,
16311743,DYNATRON S6,,72580,78몰,
16319249,인텔 Laminar RS1,,9890,34몰,
16319306,인텔 Laminar RM1,,10990,121몰,
16321499,조이쿨 MINI BLACK-92 PWM,,9490,76몰,
16328453,JONSBO HX6250 해외구매,,99770,6몰,
16328675,JONSBO CR-1400 ARGB 해외구매,,28100,10몰,
16351370,NOCTUA NH-L9i-17xx chromax.black,,86180,91몰,
16353515,마이크로닉스 MA420 스웰로우 ARGB,,22900,49몰,
16525058,Thermalright Peerless Assassin 120 SE 서린,,37990,158몰,
16525448,Thermalright Peerless Assassin 120 SE ARGB 서린,,43760,131몰,
16593230,SilverStone NT09-1700 아이보라,,14670,17몰,
16593356,DYNATRON N11,,72580,65몰,
16593428,DYNATRON N3,,72580,73몰,
16593566,DYNATRON Q3,,67970,72몰,
16605650,3RSYS TEAMMOST RC800 ARGB,,24300,89몰,
16649792,ARCTIC Freezer A35 A-RGB (병행수입),,39900,3몰,
16649870,ARCTIC Freezer A35 (병행수입),,52900,1몰,
16649915,ARCTIC Freezer i35 (병행수입),,31900,5몰,
16649966,ARCTIC Freezer i35 A-RGB (병행수입),,64900,1몰,
16739627,IHTP i70,,13000,2몰,
16755317,XIGMATEK AIR-KILLER PRO ARGB,,34980,66몰,
16766954,DYNATRON K555,,67970,86몰,
16796009,DEEPCOOL AK620,화이트,76480,116몰,
16843061,ALSEYE M120D PLUS,화이트,66790,71몰,
16851251,Thermalright Assassin King 90 서린,,41500,3몰,
16852175,Thermalright Peerless Assassin 120 SE WHITE ARGB 서린,,47770,144몰,
16853087,Thermalright SILVER SOUL 110 서린,블랙,83000,4몰,
16853231,Thermalright SILVER SOUL 110 서린,화이트,84400,4몰,
16871084,ARCTIC Freezer A35,,31900,13몰,
16871363,ARCTIC Freezer A35 A-RGB,,60200,12몰,
16871678,ARCTIC Freezer A35 CO,,53190,10몰,
16872002,ARCTIC Freezer i35,,52000,18몰,
16872203,ARCTIC Freezer i35 A-RGB,,39900,22몰,
16872341,ARCTIC Freezer i35 CO,,53300,18몰,
16884749,ID-COOLING DK-17 PWM,,8050,64몰,
16884899,ID-COOLING DK-19 PWM,,9660,57몰,
16921916,DYNATRON B14,,66000,76몰,
16921976,DYNATRON R5,,72980,53몰,
16922066,DYNATRON R17,,67970,52몰,
16964660,AEROCOOL RIME 4,,29740,55몰,
16964816,AEROCOOL RIME 4 DUAL,,38890,52몰,
16998947,IHTP A100 PLUS RGB,,13000,1몰,
17002862,PCCOOLER PALADIN EX400 ARGB,,23340,179몰,
17004314,NOCTUA NH-D12L,,149560,68몰,
17004536,NOCTUA NH-D12L 해외구매,,177620,7몰,
17007263,조이쿨 MINI BLACK-92 PWM V2,,10000,62몰,
17007398,조이쿨 RGB-120 V2,,12000,68몰,
17007479,조이쿨 RGB-4PIPE90 V2,,16000,9몰,
17007560,조이쿨 RGB-6PIPE90 V2,,25000,21몰,
17047442,Thermalright Assassin X 120 Refined SE WHITE ARGB 서린,,24890,121몰,
17047709,Thermalright AXP120-X67 서린,,67000,60몰,
17085785,Thermalright Assassin King 120 SE,,35600,2몰,
17110703,Thermalright Assassin X 120 Refined SE WHITE ARGB,,26900,7몰,
17110790,Thermalright AXP120-X67 ARGB,화이트,94100,2몰,
17110904,Thermalright AXP120-X67,,66960,26몰,
17143517,Thermalright Assassin King 120 SE 서린,,28230,119몰,
17143568,Thermalright AXP120-X67 ARGB 서린,화이트,78950,90몰,
17153636,Thermalright Macho MAXX,,98120,72몰,
17182961,PCCOOLER PALADIN S9 ARGB,,60000,22몰,
17200370,조이쿨 ITX16-115X 3P,,9090,72몰,
17200415,조이쿨 ITX16-115X PWM,,10000,10몰,
17200469,조이쿨 ITX20-115X/1700,,13500,75몰,
17200706,조이쿨 JHC-1700-80 PWM,,6770,46몰,
17200886,조이쿨 ITX39-4HEAT90,,22080,72몰,
17214314,PNC PARTNER EVEREST BK1700/1200,블랙,4560,76몰,
17214341,PNC PARTNER EVEREST BK1700/1200 RGB,블랙,5070,70몰,
17215028,DEEPCOOL GAMMAXX 400 PRO 해외구매,,84110,3몰,
17220398,JONSBO HX6240,블랙,67450,2몰,
17220758,JONSBO HX6240,화이트,62770,98몰,
17221538,DEEPCOOL AG400,,20480,175몰,
17253425,JONSBO HX6240 해외구매,,81310,11몰,
17313470,iHTP aurora RGB,,9500,7몰,
17371445,Thermalright Peerless Assassin 120 SE ARGB 해외구매,,81700,2몰,
17382056,Thermalright Peerless Assassin 120 SE 해외구매,,59900,17몰,
17382080,Thermalright Peerless Assassin 120 해외구매,,62620,6몰,
17383661,NOCTUA NH-U14S 해외구매,,194000,11몰,
17384006,NOCTUA NH-D15 SE-AM4 라이젠 해외구매,,184320,4몰,
17450348,DEEPCOOL AG620,,36900,26몰,
17468486,Thermalright Assassin King 120 SE ARGB,실버,31800,12몰,
17468537,Thermalright Assassin King 120 SE ARGB,화이트,33630,91몰,
17469008,Thermalright AXP120-X67 ARGB 서린,블랙,69500,101몰,
17469209,Thermalright FROST SPIRIT 140 WHITE V3,,131270,1몰,
17478938,Thermalright AXP120-X67 ARGB,블랙,79000,2몰,
17549768,JIUSHARK JF100,블랙,28000,84몰,
17549846,JIUSHARK JF100S,블랙,34000,98몰,
17549933,JIUSHARK JF200S,블랙,39900,87몰,
17587622,agecooler XUAN HU 100,,7140,35몰,
17605442,NOCTUA NH-U12A chromax.black 해외구매,,198260,24몰,
17607386,JONSBO HX6200D WHITE ARGB 해외구매,,48080,1몰,
17621789,JIUSHARK JF200 ARGB,블랙,56000,65몰,
17621792,JIUSHARK JF200 ARGB,화이트,59000,3몰,
17621795,JIUSHARK JF100,화이트,30000,90몰,
17621804,JIUSHARK JF100 ARGB,블랙,33000,65몰,
17658305,잘만 CNPS9X PERFORMA,블랙,16050,60몰,
17658332,잘만 CNPS9X PERFORMA,실버,27900,1몰,
17659082,DEEPCOOL AK400 해외구매,,56070,3몰,
17663030,ID-COOLING IS-55 ARGB,블랙,48630,75몰,
17667137,EVERCOOL EC1700B-915BP Slim,,13030,75몰,
17667158,EVERCOOL EC1700B(CU)-915BP Slim,,19770,82몰,
17688773,조이쿨 MCJ-1700/1200 알루미늄,,4450,71몰,
17688878,조이쿨 MCJ-1700/1200 구리,,6550,10몰,
17688992,조이쿨 ITX20-1700,,14220,73몰,
17694737,야인컴퓨터 YAIN YC-700 LED,,7150,52몰,
17707277,DEEPCOOL AK400,화이트,39000,2몰,
17805449,써멀테이크 TOUGHAIR 310 해외구매,,55450,6몰,
17805512,써멀테이크 TOUGHAIR 110 해외구매,,60430,42몰,
17805596,쿨러마스터 Hyper 212 RGB Black Edition 해외구매,,192290,2몰,
17806307,써멀테이크 TOUGHAIR 510 해외구매,,116000,5몰,
17808380,DEEPCOOL AG400 ARGB,,25900,8몰,
17813201,Antec A400i RGB,,34000,22몰,
17813288,Antec T120 RGB,,19200,38몰,
17822858,GIGABYTE AORUS ATC800 해외구매,,312630,2몰,
17823230,Iceberg Thermal IceFLOE T95 해외구매,,35250,1몰,
17845538,DEEPCOOL AG620 해외구매,,54160,1몰,
17971931,NCTOP LYP-I7C008Y01,,12930,77몰,
17972258,NCTOP LYP-17A4009Y01,,9500,1몰,
17972324,NCTOP LYP-I7C3512Y01,,11740,18몰,
17984129,잘만 CNPS80G Rev.3,,8550,125몰,
17984243,조이쿨 JH80CU-2600-115X,,8540,71몰,
17984306,조이쿨 JH80CU-2600-1700,,8070,65몰,
18011876,조이쿨 JH80CU-4000-115X,,8370,68몰,
18011933,조이쿨 JH80CU-4000-1700,,8370,65몰,
18129620,NOCTUA NH-P1 해외구매,,195480,9몰,
18130043,NOCTUA NH-D15S chromax.black 해외구매,,195270,22몰,
18160802,NOCTUA NH-U12S chromax.black 해외구매,,207990,9몰,
18164471,Thermalright BLACK EAGLE 해외구매,,106730,1몰,
18167726,NOCTUA NH-U12A 해외구매,,243770,9몰,
18167906,NOCTUA NH-L9i-17xx chromax.black 해외구매,,118480,10몰,
18167966,NOCTUA NH-L9i chromax.black 해외구매,,138060,1몰,
18168074,NOCTUA NH-U9S chromax.black 해외구매,,149890,17몰,
18168173,NOCTUA NH-U9S 해외구매,,132400,19몰,
18176903,NOCTUA NH-U12S redux 해외구매,,116900,10몰,
18180461,DYNATRON A35 해외구매,,68000,3몰,
18185057,be quiet DARK ROCK TF 2 해외구매,,182890,1몰,
18185663,JONSBO HX7280 해외구매,,85620,10몰,
18209894,ARCTIC Freezer 7 X CO 해외구매,,54640,1몰,
18252224,DEEPCOOL AK620 ZERO DARK 해외구매,,86500,7몰,
18261077,PCCOOLER PALADIN 400,화이트,29920,182몰,
18261941,Thermalright SI-100 WHITE ARGB 해외구매,,31410,14몰,
18264548,NOCTUA NH-U9 TR4-SP3 해외구매,,238000,2몰,
18264722,NOCTUA NH-D9 DX-3647 4U 해외구매,,186870,3몰,
18265415,NOCTUA NH-U14S DX-3647 해외구매,,189580,3몰,
18265763,be quiet SHADOW ROCK 3 WHITE 해외구매,,131390,2몰,
18267821,ID-COOLING SE-207-XT SLIM,,56610,50몰,
18267890,ID-COOLING SE-207-XT SLIM 해외구매,,115680,3몰,
18294482,3RSYS Socoool RC1800 ARGB,블랙,91940,1몰,
18294509,3RSYS Socoool RC1800 ARGB,화이트,86680,3몰,
18310538,Thermalright SI-100,그레이,52900,2몰,
18310931,Thermalright Ultra 120EX Rev.4,,66710,94몰,
18312041,Thermalright AXP90-X36,그레이,45900,5몰,
18318599,DEEPCOOL AG400 해외구매,블랙,19390,26몰,
18327062,조이쿨 MRM-90 CU V2,,8540,68몰,
18327125,조이쿨 MRM-90 SLIM V2,,6430,63몰,
18434681,EVERCOOL COOLMARKER CM-1200/115X 2U 서버쿨러,,36010,65몰,
18435752,인텔 Laminar RH1 벌크,,21650,69몰,
18436109,EVERCOOL COOLMARKER CM-2011-N 2U 서버쿨러,,34740,67몰,
18436349,EVERCOOL COOLMARKER CM-1200 2U PLUS 서버쿨러,,45570,57몰,
18442457,조이쿨 JHC-1700-RGB,,7440,71몰,
18442487,조이쿨 RGB-90CU V2,,9050,114몰,
18463769,EVERCOOL COOLMARKER CM-1700 2U 서버쿨러,,44520,69몰,
18475733,3RSYS Socoool RC150 RGB,,16880,155몰,
18498419,COOLCOM I-17X RGB SILVER,,6000,16몰,
18498461,COOLCOM I-17X RGB COPPER,,8100,50몰,
18510587,EVERCOOL COOLMARKER CM-1200/115X 1U 서버쿨러,,36800,5몰,
18530567,Thermalright AXP90-X47 FULL 해외구매,,43740,26몰,
18531767,NOCTUA NH-L9i-17xx 해외구매,,101000,8몰,
18532028,JIUSHARK JF100 Crystal,블랙,23000,95몰,
18532067,JIUSHARK JF100 Crystal,화이트,23000,102몰,
18614222,라이트컴 COMS NB780,,6610,136몰,
18633329,darkFlash Ellsworth S21 ARGB,블랙,26840,153몰,
18633476,darkFlash Ellsworth S21 ARGB,화이트,26840,141몰,
18633506,darkFlash Ellsworth S21,블랙,25720,136몰,
18633524,darkFlash Ellsworth S21,화이트,25500,141몰,
18645425,비콘즈 AIR COOLER 12TH,,7370,21몰,
18713288,COOLERTEC BETA-3020 BLUE,,5160,74몰,
18745964,조이쿨 HF-681 PWM,블랙,9100,71몰,
18745991,조이쿨 HF-681 PWM,화이트,9100,72몰,
18746018,조이쿨 HF-681 화이트LED,,9200,72몰,
18764267,Thermalright FROST TOWER 120,,104000,1몰,
18771662,조이쿨 XC90-36W,화이트,22890,74몰,
18780407,마이크로닉스 MA-100,,18900,45몰,
18788102,JIUSHARK JF100RS Crystal,블랙,19000,117몰,
18788129,JIUSHARK JF100RS Crystal,화이트,20000,105몰,
18788165,JIUSHARK JF100RS Crystal ARGB,블랙,21000,109몰,
18788168,JIUSHARK JF100RS Crystal ARGB,화이트,21000,100몰,
18827993,잘만 CNPS9X PERFORMA ARGB,블랙,35900,14몰,
18828074,잘만 CNPS9X PERFORMA ARGB,화이트,38500,13몰,
18831803,조이쿨 RGB-MINI90,,9670,68몰,
18881600,PentaWave Z06D,블랙,63860,179몰,
18955331,야인컴퓨터 YAIN YC-T180,,14590,58몰,
19004561,SilverStone SST-XE02-SP3,,81750,41몰,
19032809,조이쿨 MINI BLACK-80 PWM,,8570,71몰,
19032854,조이쿨 MINI BLACK-80 PWM V2,,8260,54몰,
19230314,NOCTUA NH-L9a-AM5,,78020,99몰,
19230371,NOCTUA NH-L9a-AM5 chromax.black,,85970,94몰,
19240523,Thermalright SI-100 서린,그레이,47560,108몰,
19240649,Thermalright SI-100 WHITE ARGB,,60770,97몰,
19240694,Thermalright SI-100 서린,블랙,64380,107몰,
19240877,Thermalright Phantom Spirit 120 SE,,58900,27몰,
19240931,Thermalright Phantom Spirit 120 SE ARGB,,59500,3몰,
19241069,Thermalright AXP90-X53 서린,화이트,63180,95몰,
19282190,PCCOOLER PALADIN EX400,블랙,17400,8몰,
19402913,ARCTIC Alpine 17,,11000,13몰,
19403165,ARCTIC Alpine 17 LP,,9800,6몰,
19474394,조이쿨 MVC-90 LED PWM,,13970,72몰,
19474619,조이쿨 MVC-90 PWM,,8000,70몰,
19498664,ID-COOLING DK-07I RAINBOW,,15000,2몰,
19507160,ID-COOLING IS-30A,,39700,1몰,
19525703,JIUSHARK JF100RS Crystal Auto RGB,블랙,21000,115몰,
19525793,JIUSHARK JF100RS Crystal Auto RGB,화이트,21000,114몰,
19690001,쿨러마스터 HYPER 620S ARGB,,38940,99몰,
19707470,쿨러마스터 HYPER 212 HALO,화이트,20990,95몰,
19709420,PCCOOLER G6,화이트,49900,13몰,
19904822,upHere N1055CF SIMPLE,블랙,33000,65몰,
19905035,upHere N1055CF SIMPLE,화이트,32050,67몰,
19905659,upHere N2055CF ARGB,블랙,43170,1몰,
19905983,upHere N2055CF ARGB,화이트,43900,16몰,
19921121,Thermalright Ultra 120EX Rev.4 서린,,72710,1몰,
19924001,NOCTUA NH-U12S DX-4677,,214580,86몰,
20074010,조이쿨 JC-115X-2U PWM,,48000,4몰,
20074232,조이쿨 JC-1366-2U PWM,,48000,8몰,
20074436,조이쿨 JC-1700-2U PWM,,48000,7몰,
20102228,마이크로닉스 MA-4 Frigate,블랙,28890,44몰,
20102411,마이크로닉스 MA-4 Frigate,화이트,29880,40몰,
20223032,조이쿨 X600 BW PWM,,20240,73몰,
20223293,조이쿨 X600 블랙 PWM,,22080,66몰,
20223641,조이쿨 X600 화이트 PWM,,22700,71몰,
20224346,조이쿨 X600 화이트LED PWM,,23000,66몰,
20228606,ID-COOLING IS-40X V3,,29000,61몰,
20283164,COUGAR FORZA 135,,87000,40몰,
20358905,ARCTIC Alpine 17 서린,,11540,95몰,
20360642,3RSYS Socoool RC1800 LITE,블랙,71580,1몰,
20360744,3RSYS Socoool RC1800 LITE,화이트,48750,153몰,
20502161,Thermalright COGAGE IMPACT 120 서린,,19310,75몰,
20502488,Thermalright COGAGE Sanction 120 서린,,48000,2몰,
20506862,발키리 SL125,블랙,71500,1몰,
20512169,LEADCOOL POONG AC-6200 BOOSTER ARGB,,48950,113몰,
20545649,명인일렉트로닉스 엠트루 S41130EGS,,124970,32몰,
20546120,명인일렉트로닉스 엠트루 S21130EGS,,123040,33몰,
20570498,PentaWave Z06D,화이트,63860,155몰,
20645612,다산코퍼레이션 디프렌드 ODIN DA-613,,22550,97몰,
20646221,다산코퍼레이션 디프렌드 ODIN DA-613 ARGB,,28990,95몰,
20704223,Thermalright Assassin X 120 Refined SE 서린,화이트,20960,125몰,
21435419,다산코퍼레이션 디프렌드 ODIN C200 RGB mini,,9560,84몰,
21455318,DEEPCOOL AK400 DIGITAL,블랙,52830,5몰,
21530684,조이쿨 ITX21-115X/1200,,14700,73몰,
21530984,조이쿨 ITX21-1700,,14700,71몰,
21766538,쿨러마스터 HYPER 622 HALO,블랙,40350,10몰,
22017014,DEEPCOOL ASSASSIN 4,블랙,145920,101몰,
22041824,쿨러마스터 HYPER 622 HALO,화이트,58500,8몰,
24143474,NOCTUA NH-U9 DX-4677,,217880,2몰,
24703598,NOCTUA NH-U9 DX-4677 해외구매,,238290,3몰,
27498677,JONSBO CR-1400 EVO AUTO RGB,블랙,19490,16몰,
27570650,NOCTUA NH-L12 고스트 S1 에디션 해외구매,,98270,29몰,
27604451,앱코 ABKONCORE CT406W DUAL,,29900,1몰,
27604952,Antec A30 NEO,,17890,20몰,
27605162,Antec A30 NEO ARGB,,20000,27몰,
27685838,JONSBO CR-1000 EVO AUTO RGB,블랙,21940,116몰,
27685874,JONSBO CR-1000 EVO AUTO RGB,화이트,21940,119몰,
27685958,JONSBO CR-1000 EVO STANDARD,블랙,18530,115몰,
27694469,be quiet PURE ROCK LP,,97700,3몰,
27696548,Thermalright Assassin X 120 Refined SE PLUS 서린,,29230,110몰,
27731327,앱코 ABKONCORE CT404B DUAL SYNC,,25000,1몰,
27808526,3RSYS Socoool RC 1100 PWM,,49620,155몰,
27809138,3RSYS Socoool RC 1800 Quiet ARGB,화이트,71400,1몰,
27864488,ID-COOLING IS-50X V3 Ver2.0,,44390,53몰,
27890018,NOCTUA NH-U14S DX-4677,,209720,91몰,
27890357,NOCTUA NH-D9 DX-4677 4U,,196260,76몰,
27940178,조이쿨 X600 ARGB PWM,,23730,72몰,
28024406,쿨러마스터 HYPER 212 HALO SF6 RYU WHITE,,59360,75몰,
28154891,앱코 ABKONCORE CT408B SPECTRUM,,27900,34몰,
28269965,SilverStone SST-XE04-SP5,,142000,5몰,
28334051,SilverStone SST-XE02-4677,,151000,1몰,
28604852,3RSYS Socoool RC-1800 Quiet 솔더링,블랙,104500,1몰,
28604933,3RSYS Socoool RC-1800 Quiet 솔더링,화이트,67490,105몰,
28621370,DEEPCOOL ASSASSIN 4,화이트,144350,117몰,
28887482,DEEPCOOL AK620 DIGITAL,화이트,99000,1몰,
28887731,조이쿨 JH80-2600 SLIM,,6770,58몰,
28888994,조이쿨 JHC-1700-90,,6560,93몰,
28889081,조이쿨 JHF-1700-80 PWM,,6560,68몰,
29481626,3RSYS Socoool RC-1300 ARGB,블랙,54440,2몰,
29481635,3RSYS Socoool RC-1300 ARGB,화이트,51000,4몰,
29631110,잘만 CNPS9X PERFORMA RGB,실버,49890,2몰,
29666954,DEEPCOOL AG620 병행수입,,45000,4몰,
29689358,쿨러마스터 HYPER 420S ARGB,,29430,2몰,
29846852,be quiet DARK ROCK ELITE,,203370,114몰,
29847737,be quiet DARK ROCK PRO 5,,172880,110몰,
29934665,JIUSHARK JF200MINI Crystal,블랙,29000,117몰,
29934701,JIUSHARK JF200MINI Crystal,화이트,29000,107몰,
29935097,JIUSHARK JF200MINI Crystal Auto RGB,블랙,33000,99몰,
29935199,JIUSHARK JF200MINI Crystal Auto RGB,화이트,33000,114몰,
29975516,PCCOOLER PALADIN EX400S,,22330,135몰,
30025514,DEEPCOOL AG400 ARGB 해외구매,화이트,21320,26몰,
30027641,앱코 자이로스 95XF V2 1700 ONLY FRGB,,7800,84몰,
30032303,darkFlash Ellsworth D21,블랙,42140,105몰,
30032534,darkFlash Ellsworth D21,화이트,54040,7몰,
30032633,darkFlash Ellsworth D21 ARGB,블랙,46330,146몰,
30032663,darkFlash Ellsworth D21 ARGB,화이트,48710,133몰,
30093860,Thermalright Assassin X 90 SE ARGB 서린,,27080,103몰,
30094172,Thermalright Assassin Spirit 120 V2 서린,,29900,11몰,
30139847,DEEPCOOL AG400 ARGB 병행수입,블랙,26800,4몰,
30210149,Thermalright Assassin Spirit 120 EVO 서린,,41560,106몰,
30210467,Thermalright Assassin X 120 V2 서린,,39250,28몰,
30231716,NOCTUA NH-D9 TR5-SP6 4U,,201380,94몰,
30233138,NOCTUA NH-U14S TR5-SP6,,218050,67몰,
30268700,ARCTIC Freezer 4U-M,,78280,5몰,
30317147,쿨러마스터 HYPER 620S ARGB 해외구매,,37500,9몰,
30317228,DEEPCOOL AG620 ARGB 해외구매,블랙,64040,7몰,
30317258,DEEPCOOL AG620 ARGB 해외구매,화이트,82630,4몰,
30317747,DEEPCOOL AG400 ARGB 해외구매,블랙,25500,32몰,
30331970,3RSYS Socoool RC1200 ARGB,블랙,49450,1몰,
31317590,Thermalright Assassin King 120 MINI V2 서린,,26900,106몰,
31375001,be quiet DARK ROCK PRO 4 해외구매,,130200,6몰,
31413653,DEEPCOOL AG400 ARGB 병행수입,화이트,33040,3몰,
31413920,잘만 CNPS13X,블랙,44020,125몰,
31431347,DEEPCOOL AG400 DIGITAL,블랙,27720,140몰,
31462493,EVERCOOL COOLMARKER CM-1700 SCREW,,4800,68몰,
31463735,ID-COOLING SE-207-XT ADVANCED,,49410,60몰,
31464632,DEEPCOOL AG620 DIGITAL,,56330,124몰,
31464695,ID-COOLING IS-30i BLACK,,35750,57몰,
31464803,DEEPCOOL AG620 DIGITAL ARGB,블랙,69000,4몰,
31464851,DEEPCOOL AG620 DIGITAL ARGB,화이트,69000,4몰,
31464965,ID-COOLING SE-207-XT ARGB,,70000,58몰,
31480700,Thermalright AXP120-X67 ARGB 해외구매,화이트,31770,58몰,
31480817,Thermalright AXP90-X47 해외구매,화이트,37800,32몰,
32003399,ARCTIC Freezer 4U-M 서린,,85800,103몰,
32003555,LEADCOOL POONG AC-2100 RAINBOW,화이트,17360,47몰,
32088968,ARCTIC Freezer 4U-M 피씨디렉트,,86590,66몰,
32125523,SCYTHE FUMA 3,,42270,47몰,
32126357,SCYTHE KOTETSU MARK 3,,48660,46몰,
32417909,COOLERTEC Intel 1155/1156-CU,,7660,14몰,
32503109,CORSAIR A115,,149000,2몰,
32917871,SilverStone SST-XE02-4189 마이크로닉스,,87900,88몰,
32917892,SilverStone SST-XE02-4677 마이크로닉스,,118780,60몰,
32917958,SilverStone SST-XE04-4189 마이크로닉스,,115990,78몰,
32917985,SilverStone XE04-4677V 마이크로닉스,,128390,92몰,
33780215,iHTP J8 ARGB,블랙,21000,63몰,
33782753,iHTP J8 ARGB,화이트,21000,55몰,
33898853,PCCOOLER PALADIN EX400 해외구매,블랙,36000,25몰,
33992429,Thermalright AXP90-X53 FULL 서린,,83000,13몰,
33992507,Thermalright Assassin Spirit 120 EVO DARK 서린,,35100,107몰,
33992594,Thermalright Assassin Spirit 120 EVO ARGB 서린,화이트,42070,110몰,
34393763,EVERCOOL COOLMARKER CM-1200 SCREW,,3790,64몰,
35224769,EVERCOOL COOLMARKER CM-1700/1200 PLUS,,4290,36몰,
35843018,잘만 CNPS14X DUO,,48820,108몰,
35953094,마이크로닉스 ICEROCK MA-410,블랙,19890,87몰,
36307913,앱코 자이로스 92X4 INTEL ONLY FRGB,블랙,17820,81몰,
36835805,PentaWave Z04E SRB ARGB,,21580,136몰,
37927877,Thermalright Peerless Assassin 120 MINI 서린,블랙,59000,114몰,
38756369,조이쿨 ITX32-115X-AL,,11780,73몰,
38758904,조이쿨 ITX32-115X-CU,,14980,74몰,
38766806,조이쿨 XC90-39W,화이트,23580,70몰,
41264117,마이크로닉스 ICEROCK MA-410,화이트,22770,80몰,
42193148,잘만 CNPS13X DS,블랙,57990,125몰,
43491386,이메이크 아이솔레이션 CC1700,,12000,1몰,
43491392,이메이크 아이솔레이션 CC1700LED,,15000,2몰,
44184425,APNX AP1-V ARGB,블랙,57970,100몰,
44186252,APNX AP1-V ARGB,화이트,57990,107몰,
44415308,JIUSHARK JF200MINI Crystal ARGB,블랙,33000,91몰,
44415335,JIUSHARK JF200MINI Crystal ARGB,화이트,33000,94몰,
48925325,DEEPCOOL ASSASSIN 4S,블랙,121390,55몰,
48925331,DEEPCOOL ASSASSIN 4S,화이트,120060,47몰,
50129339,라이트컴 COMS BT198,,24540,10몰,
51415508,아이티젠 비티즈 T400 LED RGB,블랙,14490,11몰,
51553748,아이티젠 비티즈 T80 LED RGB,블랙,8990,11몰,
51815528,3RSYS Socoool RC1900 ARGB 솔더링,블랙,79180,216몰,
51815567,3RSYS Socoool RC1900 ARGB 솔더링,화이트,81880,176몰,
52068632,3RSYS Socoool RC1800 LITE Quiet,화이트,70800,1몰,
52261076,3RSYS Socoool RC1900N 솔더링,블랙,76300,182몰,
52261094,3RSYS Socoool RC1900N 솔더링,화이트,77860,178몰,
52369547,LEADCOOL POONG AC-3100 ARGB,화이트,23000,5몰,
54327485,SilverStone SST-XE02-SP5 마이크로닉스,,116900,60몰,
54327524,SilverStone SST-XE04-SP5 마이크로닉스,,136110,93몰,
54328526,EVERCOOL COOLMARKER CM-1200/115X 1U T110 서버쿨러,,31640,51몰,
54328658,EVERCOOL COOLMARKER CM-1700 1U T110 서버쿨러,,32000,62몰,
54481052,EVERCOOL COOLMARKER CM-1700 1U T180 서버쿨러,,69240,56몰,
54817085,NOCTUA NH-L12Sx77,,125790,66몰,
54964802,SilverStone SST-XE04-4677V,,139500,3몰,
55044998,라이트컴 COMS BT197,,13410,60몰,
55384346,앱코 타이폰 120X5 PRO ARGB,,72660,2몰,
55386254,COOLERTEC ALPHA-300 BLUE PLUS,,15960,70몰,
55386302,COOLERTEC ALPHA-400 GOLD PLUS,,16270,1몰,
55386368,COOLERTEC ALPHA-1700 GOLD,,38470,70몰,
55386449,COOLERTEC CT-1700-1U-BLOWER PWM,,38470,56몰,
55457177,DYNATRON U10,,67970,91몰,
56062061,야인컴퓨터 YAIN ZERO YC1900,블랙,18290,72몰,
56144279,3RSYS Socoool RC250 ARGB,블랙,19440,145몰,
56144294,3RSYS Socoool RC250 ARGB,화이트,21780,137몰,
56144339,3RSYS Socoool RC750N PWM,,24990,141몰,
57290522,야인컴퓨터 YAIN ZERO YC1900,화이트,19520,60몰,
59763428,JIUSHARK JF120R Emerald,블랙,18900,93몰,
59763551,JIUSHARK JF120R Emerald,화이트,18900,90몰,
60007442,EVERCOOL COOLMARKER CM-1200AL PWM,,5810,61몰,
60007643,EVERCOOL COOLMARKER CM-1700AL PWM,,5790,54몰,
60322490,SilverStone SST-XE04-4189,,154480,2몰,
60418736,DEEPCOOL AK400 DIGITAL PRO,블랙,56200,122몰,
61423475,DEEPCOOL AK620 DIGITAL PRO,블랙,143500,1몰,
61440650,PCCOOLER CPS R400 ARGB,화이트,23390,125몰,
62640926,be quiet DARK ROCK 5,,137440,118몰,
62792285,JIUSHARK JF120R Emerald ARGB,블랙,19900,111몰,
62792327,JIUSHARK JF120R Emerald ARGB,화이트,19900,95몰,
62794622,Thermalright Assassin X 90 SE V2 서린,,23600,55몰,
63031013,Supermicro 4U Active SNK-P0081AP4,,120990,65몰,
63031046,Supermicro 4U Active SNK-P0084AP4,,141000,1몰,
63035510,Supermicro 4U Active SNK-P0064AP4 해외구매,,142980,1몰,
63141959,앱코 자이로스 92X4 INTEL ONLY FRGB,화이트,18850,72몰,
63268043,JIUSHARK JF120R Emerald RGB,블랙,19900,101몰,
63268052,JIUSHARK JF120R Emerald RGB,화이트,19900,102몰,
63559763,JONSBO CR-1300 EVO RGB,블랙,17600,116몰,
63559766,JONSBO CR-1300 EVO RGB,화이트,17600,100몰,
63560096,PCCOOLER CPS RC400-53,,42620,104몰,
63562445,JONSBO CR-3000E RGB,블랙,36000,1몰,
63562469,JONSBO CR-3000E RGB,화이트,36000,1몰,
64300121,PROLIMATECH GENESIS TWIN,,27330,61몰,
65221277,EVERCOOL COOLMARKER CM-1700 RGB,,5900,16몰,
65222087,EVERCOOL COOLMARKER CM-1200/115X RGB,,6179,19몰,
65914526,앱코 자이로스 120X4 FRGB,블랙,19500,68몰,
65915510,앱코 자이로스 120X4 FRGB,화이트,20000,68몰,
65966438,PCCOOLER CPS RT400,블랙,20290,154몰,
66138173,Thermalright Assassin King 120 Mini ARGB V3 서린,화이트,30830,106몰,
67369196,Thermalright Peerless Assassin 90 SE 서린,기본색상,34300,107몰,
67369214,Thermalright Peerless Assassin 90 SE 서린,블랙,38280,115몰,
67369229,Thermalright Peerless Assassin 90 SE 서린,화이트,38280,109몰,
67370144,조이쿨 JC-115x/1200-1U,,32000,46몰,
67370159,조이쿨 JC-1700-1U,,28800,44몰,
67511930,3RSYS Socoool RC370 ARGB 램프리,블랙,20500,147몰,
67511942,3RSYS Socoool RC370 ARGB 램프리,화이트,20440,144몰,
67511963,3RSYS Socoool RC370N PWM 램프리,블랙,18440,140몰,
67511990,3RSYS Socoool RC370N PWM 램프리,화이트,18450,146몰,
67512053,3RSYS Socoool RC1050N PWM 램프리,블랙,28490,137몰,
67512074,3RSYS Socoool RC1050N PWM 램프리,화이트,28500,136몰,
67512092,3RSYS Socoool RC1050 ARGB 램프리,블랙,30490,121몰,
67512098,3RSYS Socoool RC1050 ARGB 램프리,화이트,30420,147몰,
67683296,NOCTUA NH-D15 G2 LBC,,252400,76몰,
67683347,NOCTUA NH-D15 G2 HBC,,245060,75몰,
67683362,NOCTUA NH-D15 G2,,252420,98몰,
69053876,PCCOOLER CPS RZ820,블랙,158110,138몰,
69471230,몬스타 옥시푸스 아이오타 A62,블랙,59000,5몰,
69471272,몬스타 옥시푸스 아이오타 A62,화이트,52390,79몰,
69471329,몬스타 옥시푸스 아이오타 A40,블랙,33000,9몰,
69471353,몬스타 옥시푸스 아이오타 A40,화이트,31500,77몰,
69471683,몬스타 옥시푸스 델타 A62,블랙,47620,91몰,
69471692,몬스타 옥시푸스 델타 A62,화이트,49130,85몰,
69471710,몬스타 옥시푸스 델타 A40,블랙,25810,82몰,
69471713,몬스타 옥시푸스 델타 A40,화이트,27270,88몰,
69471746,COUGAR FORZA 135 서린,,85800,95몰,
69471764,COUGAR FORZA 50 ESSENTIAL 서린,,28410,100몰,
69471797,COUGAR FORZA 50 ARGB 서린,,40850,91몰,
69658322,COUGAR FORZA 85 ESSENTIAL 서린,,51300,104몰,
69658520,COUGAR FORZA 85 ARGB 서린,,69000,102몰,
69697937,EVERCOOL COOLMARKER CM-1700 2U 240W 서버쿨러,,64690,56몰,
70532753,PCCOOLER PALADIN 400 DIGITAL,,32230,159몰,
70767452,SilverStone SST-XE04-SP6P 마이크로닉스,,148310,93몰,
70767956,EVERCOOL COOLMARKER CM-2011 2U SQUARE,,47280,52몰,
71009951,Thermalright Assassin King 90 V2 서린,,42500,108몰,
71010644,SCYTHE SHURIKEN 3,,37980,30몰,
71010791,SCYTHE MUGEN 6,,49280,33몰,
71010860,SCYTHE MUGEN 6 DBE,,58880,37몰,
71066846,잘만 CNPS9X PERFORMA PLUS,블랙,26090,156몰,
71159942,DEEPCOOL AK620 DIGITAL PRO,화이트,95830,111몰,
71423771,Thermalright Peerless Assassin 140 서린,블랙,75890,103몰,
71423834,Thermalright Peerless Assassin 140 서린,화이트,74010,96몰,
71646884,Supermicro 2U Passive SNK-P0088P,,124720,63몰,
71646962,Supermicro 2U Active SNK-P0063AP4,,100580,71몰,
71647040,Supermicro 2U Passive SNK-P0083P,,88990,68몰,
71903669,SCYTHE MUGEN 6 DWR,,66630,38몰,
72006407,EVERCOOL COOLMARKER CM-2011 2U NARROW,,54740,61몰,
72006518,EVERCOOL COOLMARKER CM-3647 2U SQUARE,,50000,64몰,
72063182,다산코퍼레이션 디프렌드 D620 LITE ARGB,블랙,37910,93몰,
72063305,다산코퍼레이션 디프렌드 D620 LITE ARGB,화이트,39910,86몰,
72064292,잘만 CNPS9X PERFORMA ARGB PLUS,블랙,35830,112몰,
72064343,잘만 CNPS9X PERFORMA ARGB PLUS,화이트,38490,109몰,
72111326,다산코퍼레이션 디프렌드 D620 ARGB 솔더링,블랙,54990,88몰,
72111383,다산코퍼레이션 디프렌드 D620 ARGB 솔더링,화이트,57110,95몰,
72229094,GAMEMAX Gamma90 Digital,블랙,26980,37몰,
72229103,GAMEMAX Gamma90 Digital,화이트,27980,20몰,
72348254,GAMEMAX Sigma520 Digital,블랙,37470,37몰,
72348299,GAMEMAX Sigma520 Digital,화이트,37900,38몰,
72592505,DEEPCOOL ASSASSIN 4 VC VISION,,169880,125몰,
72592640,Thermalright Assassin Spirit 120 Vision ARGB 서린,블랙,42890,5몰,
72592652,Thermalright Assassin Spirit 120 Vision ARGB 서린,화이트,40750,109몰,
73253459,EVERCOOL COOLMARKER CM-4189 2U 300W 서버쿨러,,64760,41몰,
73428671,PCCOOLER CPS RT620A ARGB,블랙,39900,15몰,
73433390,Thermalright Royal Knight 120 서린,,65450,96몰,
73433396,Thermalright Royal Knight 120 SE 서린,,59620,101몰,
73692290,Thermalright Royal Pretor 130 서린,일반,76600,80몰,
73692326,Thermalright Royal Pretor 130 서린,블랙,83900,17몰,
73692356,Thermalright Royal Pretor 130 서린,화이트,85130,93몰,
73692587,JIUSHARK JF500 Ruby ARGB,블랙,30940,111몰,
73692656,JIUSHARK JF500 Ruby ARGB,화이트,31900,118몰,
73697573,마이크로닉스 ICEROCK MA-92 RGB,화이트,18890,90몰,
73697669,JIUSHARK JF500 Ruby,블랙,29900,98몰,
73697675,JIUSHARK JF500 Ruby,화이트,29900,98몰,
74011784,발키리 AL125 LCD ARGB,블랙,37430,133몰,
74011832,발키리 AL125 LCD ARGB,화이트,39480,122몰,
74421305,3RSYS Socoool RC450N PWM,,18160,33몰,
74809868,JIUSHARK JF800 Diamond,블랙,59000,83몰,
74809991,JIUSHARK JF800 Diamond,화이트,59000,89몰,
74810027,JIUSHARK JF800 Diamond ARGB,블랙,63500,102몰,
74810060,JIUSHARK JF800 Diamond ARGB,화이트,63500,105몰,
74954237,투민시스템 THERMANOVA NOVA6 ARGB,,15990,89몰,
74963399,투민시스템 THERMANOVA NOVA1 RGB,,7800,100몰,
74998970,몬스타 옥시푸스 감마 A40,화이트,21900,2몰,
75465839,ASRock DeskMini A300 X300 X600,,6690,4몰,
75470216,잘만 CNPS9X OPTIMA II ARGB,블랙,18050,147몰,
75541427,PCCOOLER R4000-I,,17900,116몰,
75600674,쿨러마스터 HYPER 612 APEX,블랙,78890,75몰,
75658277,COOLMARKER CM-3647 2U SQUARE ILM,,49780,14몰,
75858296,3RSYS Socoool RC930 RGB,블랙,35000,1몰,
75992123,잘만 ZM-LPH40 벌크,,8990,63몰,
76464695,ID-COOLING IS-67-XT 데이븐,,54180,89몰,
76464800,ID-COOLING IS-47-XT 데이븐,,44000,3몰,
76464857,ID-COOLING IS-40-XT 데이븐,,22920,101몰,
76465028,ID-COOLING SE-214-XT 오토 RGB 데이븐,,18900,96몰,
76465085,ID-COOLING SE-214-XT 데이븐,,18900,101몰,
76465136,ID-COOLING SE-214-XT ARGB 데이븐,화이트,19900,94몰,
76465199,ID-COOLING SE-903 XT FRGB 데이븐,,16510,59몰,
76465550,ID-COOLING FROZN A410 SE 데이븐,,25100,95몰,
76465619,ID-COOLING FROZN A620 데이븐,,48170,84몰,
76465640,ID-COOLING FROZN A620 PRO SE 데이븐,,35850,87몰,
76465676,ID-COOLING FROZN A620 PRO SE ARGB 데이븐,블랙,42510,100몰,
76465703,ID-COOLING FROZN A620 PRO SE ARGB 데이븐,스노우,47450,112몰,
76465757,ID-COOLING FROZN A720 데이븐,,88000,100몰,
76465892,써멀테이크 ASTRIA 600 ARGB Lighting,,79490,44몰,
77019773,DEEPCOOL AG400 오토 RGB,,23290,99몰,
77208827,ID-COOLING SE-214-XT ARGB 데이븐,블랙,19900,104몰,
77621870,3RSYS Socoool RC1920 DIGITAL 쌍철봉,블랙,88980,148몰,
77621900,3RSYS Socoool RC1920 DIGITAL 쌍철봉,화이트,88500,164몰,
77621978,3RSYS Socoool RC160 RGB,블랙,21500,3몰,
77623874,PCCOOLER CPS R400 ARGB,블랙,22330,136몰,
77860754,조이쿨 MC45-4,블랙,24190,11몰,
77861633,EVERCOOL COOLMARKER CM-1200/115X 1U 메탈브라켓,,31800,40몰,
78101324,JONSBO HX-6280 ARGB,블랙,69800,2몰,
78101369,JONSBO HX-6280 ARGB,화이트,59000,92몰,
78310442,잘만 CNPS4X V2,블랙,14830,130몰,
78533381,3RSYS Socoool RC-1800 Quiet 쌍철봉,,93620,3몰,
78716675,이그닉 사무용 PWM 구리심 쿨러,,8890,7몰,
78977780,조이쿨 MC45-6,블랙,28500,1몰,
79398914,3RSYS Socoool RC260N PWM,블랙,18300,121몰,
79399088,3RSYS Socoool RC270 ARGB,블랙,22930,126몰,
79399121,3RSYS Socoool RC270 ARGB,화이트,22720,123몰,
80149643,ID-COOLING FROZN A620 PRO SE ARGB 데이븐,화이트,41790,96몰,
81062570,Thermalright Assassin X 120 R Digital ARGB 서린,블랙,35580,90몰,
81062618,Thermalright Assassin X 120 R Digital ARGB 서린,화이트,37890,8몰,
81062792,Thermalright Assassin X 120 R Digital 서린,블랙,35420,88몰,
81062801,Thermalright Assassin X 120 R Digital 서린,화이트,33490,97몰,
81219638,Thermalright Peerless Assassin 120 Digital 서린,블랙,69390,88몰,
81249239,Thermalright Peerless Assassin 120 Digital 서린,화이트,70700,100몰,
81275693,Thermalright Peerless Assassin 120 Digital ARGB 서린,블랙,75260,99몰,
81281426,Thermalright Peerless Assassin 120 Digital ARGB 서린,화이트,76120,107몰,
81356444,JONSBO CR-3000E ARGB,블랙,33190,101몰,
81359483,JONSBO CR-3000E ARGB,화이트,33880,93몰,
82471301,JIUSHARK JF500 Ruby RGB,블랙,31900,93몰,
82471313,JIUSHARK JF500 Ruby RGB,화이트,31900,84몰,
85604711,EVERCOOL COOLMARKER CM-1200(CU) PWM,,7010,66몰,
85614398,EVERCOOL COOLMARKER CM-1700(CU) PWM,,7090,68몰,
88205900,PNC PARTNER EVEREST BK092 LED,블랙,8360,73몰,
88206167,티테크놀로지 M3-115X,,4210,31몰,
88206230,티테크놀로지 TX-910,,4970,18몰,
88206299,티테크놀로지 COOLER-115XS,,4240,26몰,
89604731,3RSYS Socoool RC1400 Quiet 쌍철봉,블랙,36400,116몰,
89604737,3RSYS Socoool RC1400 Quiet 쌍철봉,화이트,37000,134몰,
89731496,다산코퍼레이션 디프렌드 ODIN C400S Mini,,14290,88몰,
89731535,다산코퍼레이션 디프렌드 ODIN C400S RGB Mini,,15570,92몰,
90115058,EVERCOOL COOLMARKER CM-1200/115X 2U 240W 서버쿨러,,65000,51몰,
90116558,PCCOOLER CPS RT400,화이트,23510,144몰,
90116588,PCCOOLER CPS RZ820,화이트,160550,133몰,
90272192,쿨러마스터 HYPER 411 NANO ARGB,,25630,75몰,
90272207,쿨러마스터 HYPER 411 NANO,,23730,85몰,
90436232,SilverStone SST-XED120S-WS 마이크로닉스,,225760,58몰,
90577247,조이쿨 MVC-90AL 4P,,8000,10몰,
90577724,야인컴퓨터 YAIN ZERO YC1900 오토 RGB,블랙,20270,59몰,
90577799,야인컴퓨터 YAIN ZERO YC1900 오토 RGB,화이트,20870,60몰,
90580034,잘만 CNPS9X OPTIMA II RGB,블랙,19140,91몰,
90648158,EVERCOOL 2011S 2U-625BP 서버쿨러,,47890,43몰,
90889283,3RSYS Socoool RC1910 Quiet 쌍철봉,블랙,79950,153몰,
90889304,3RSYS Socoool RC1910 Quiet 쌍철봉,화이트,79960,152몰,
91349579,3RSYS Socoool RC1400N Quiet 쌍철봉,블랙,34090,148몰,
91349600,3RSYS Socoool RC1400N Quiet 쌍철봉,화이트,34090,129몰,
91493963,GAMDIAS BOREAS M2-61L,블랙,113320,47몰,
92045936,쿨러마스터 MASTER AIR MA824 STEALTH 해외구매,,136140,70몰,
92107424,타무즈 T4-V3 ARGB,블랙,23180,69몰,
92107460,타무즈 T4-V3 ARGB,화이트,22610,63몰,
92107589,타무즈 T4-V4D,블랙,25480,62몰,
92107994,타무즈 T4-V4D-ARGB,블랙,28620,74몰,
92108021,타무즈 T4-V4D-ARGB,화이트,28380,69몰,
92108081,타무즈 T6-V4D-ARGB,블랙,34940,69몰,
92108099,타무즈 T6-V4D-ARGB,화이트,34930,63몰,
92108159,타무즈 T660-V4D,블랙,46370,68몰,
92108243,타무즈 T660-V4D-ARGB,블랙,53270,69몰,
92108267,타무즈 T660-V4D-ARGB,화이트,53480,66몰,
92108297,타무즈 T880-V4D,블랙,56960,79몰,
92108354,타무즈 T880-V4D-ARGB,블랙,65540,13몰,
92108375,타무즈 T880-V4D-ARGB,화이트,64180,71몰,
92108567,타무즈 TC45-4 WD,블랙,18490,46몰,
92628221,쿨러마스터 HYPER 612 APEX,화이트,82600,69몰,
92889818,오존컴퍼니 마이크로박스 COOL 3400R-21 PWM,,19600,28몰,
92969423,be quiet PURE ROCK 3 블랙,,52300,77몰,
92969672,be quiet PURE ROCK 3 LX,,61600,73몰,
92969810,be quiet PURE ROCK PRO 3,,71400,79몰,
92969831,be quiet PURE ROCK PRO 3 블랙,,73000,89몰,
92969909,be quiet PURE ROCK PRO 3 LX,,96800,102몰,
93071264,아이보라 EC1700 INTEL 벌크,,7390,31몰,
93445250,야인컴퓨터 YAIN YC-700 PRO LED,,7190,50몰,
93445550,써멀테이크 UX400,,20850,71몰,
93445592,써멀테이크 UX400 ARGB Sync,블랙,21810,62몰,
93445610,써멀테이크 UX400 ARGB Sync,스노우,18800,62몰,
93497009,라이트컴 COMS BT738 CPU 쿨러,,7260,84몰,
93631772,쿨러마스터 HYPER 212 SPECTRUM V3 ARGB,,20120,70몰,
94025255,3RSYS Socoool RC1080 오토 RGB,블랙,26670,111몰,
94025267,3RSYS Socoool RC1080 오토 RGB,화이트,26670,107몰,
94025510,싸이번 BREEZE AC92,블랙,13860,85몰,
94025528,싸이번 BREEZE AC92,화이트,14010,78몰,
94080935,발키리 R125-L LCD ARGB,블랙,133430,124몰,
94080986,발키리 R125-L LCD ARGB,화이트,138230,126몰,
94081172,발키리 EL125 ARGB,블랙,54230,124몰,
94081187,발키리 EL125 ARGB,화이트,57510,117몰,
94081352,발키리 AQ125,블랙,18710,122몰,
94081382,발키리 AQ125,화이트,18990,117몰,
94081727,발키리 CL140,블랙,43670,125몰,
94081763,발키리 CL140,화이트,45710,125몰,
94085105,발키리 AQ125 ARGB,블랙,21930,122몰,
94085147,발키리 AQ125 ARGB,화이트,23280,119몰,
94086329,발키리 DX140 LCD ARGB,블랙,181430,113몰,
94086347,발키리 DX140 LCD ARGB,화이트,191030,94몰,
94204886,SilverStone SST-XE02-1700S 마이크로닉스,,94560,66몰,
94205294,Thermalright Assassin King 120 SE ARGB 해외구매,화이트,35600,27몰,
94205330,Thermalright Assassin King 120 SE ARGB 해외구매,실버,35400,11몰,
94522838,ARCTIC Freezer 8A,,25800,57몰,
94523027,ARCTIC Freezer 8i,,25990,10몰,
94523093,ARCTIC Freezer 8A CO,,26000,69몰,
94523120,ARCTIC Freezer 8i CO,,27990,10몰,
94523393,잘만 ZET 5 솔더링,블랙,66250,60몰,
94523459,잘만 ZET 5 솔더링,화이트,68290,83몰,
94635782,DEEPCOOL ASSASSIN VC ELITE,화이트,155220,112몰,
94810691,아이보라 2U-4677,,108970,48몰,
94810790,아이보라 4U-4677,,124940,47몰,
94810904,아이보라 2U-4189,,81210,47몰,
94810967,아이보라 4U-4189,,109170,49몰,
94811033,아이보라 4U-2066,,96580,50몰,
94811279,아이보라 2U-SP3,,76000,9몰,
94811378,아이보라 4U-SP3,,103780,10몰,
94811444,아이보라 2U-SP5,,103820,47몰,
94811576,아이보라 4U-SP5,,129170,48몰,
95201030,DEEPCOOL AK620 DIGITAL SE,블랙,65880,101몰,
95201069,DEEPCOOL AK620 DIGITAL SE,화이트,65880,84몰,
95281298,iHTP J15 DIGITAL ARGB,,27890,56몰,
95849714,EDDY CY100,블랙,20990,91몰,
95929487,MAXTILL MAX400,,20400,94몰,
95985374,JIUSHARK JF150RS Lily,블랙,21900,74몰,
95985413,JIUSHARK JF150RS Lily,화이트,21900,76몰,
95985494,JIUSHARK JF150RS Lily RGB,블랙,23900,74몰,
95985548,JIUSHARK JF150RS Lily RGB,화이트,23900,74몰,
95985602,JIUSHARK JF150RS Lily ARGB,블랙,23900,66몰,
95985617,JIUSHARK JF150RS Lily ARGB,화이트,23900,62몰,
96059513,PCCOOLER CPS RT620 PRO 카본스틸,블랙,39060,144몰,
96059525,PCCOOLER CPS RT620 PRO 카본스틸,화이트,39230,137몰,
96059657,MSI MAG 코어프로저 AA13 ARGB,블랙,18440,73몰,
96059660,MSI MAG 코어프로저 AA13 ARGB,화이트,18440,78몰,
96059915,잘만 CNPS9X ECO DS,,26090,113몰,
96314390,JONSBO CR-3000 ARGB,화이트,47230,85몰,
96424847,EDDY CY100A ARGB,블랙,23500,73몰,
96425567,MAXTILL MAX400 ARGB,블랙,25630,109몰,
96425588,MAXTILL MAX400 ARGB,화이트,25900,116몰,
96425630,MAXTILL MAX600,,36470,99몰,
96425693,MAXTILL MAX600 ARGB,블랙,36400,109몰,
96425723,MAXTILL MAX600 ARGB,화이트,39200,114몰,
96775685,앱코 타이폰 DT120X6,블랙,35900,65몰,
96775706,앱코 타이폰 DT120X6,화이트,38500,76몰,
96775862,DYNATRON Q11P,,89980,46몰,
96776843,Thermalright Peerless Assassin 140 Digital 서린,블랙,85040,90몰,
96776846,Thermalright Peerless Assassin 140 Digital 서린,화이트,87040,80몰,
96986732,컴이지 킹덤 X92-I LED,블랙,9890,17몰,
96986744,컴이지 킹덤 X92-I LED,화이트,10200,88몰,
97112777,아이티젠 비티즈 T600 ARGB 미러,블랙,22750,10몰,
97304276,아이보라 4U-3647N,,122810,32몰,
97356287,ID-COOLING IS-53 XT 데이븐,블랙,41060,67몰,
97356452,ID-COOLING DK-07A RAINBOW 데이븐,,12420,69몰,
97356572,ID-COOLING DK-07i RAINBOW 데이븐,,12460,68몰,
97356719,ID-COOLING SE-802 SD V3 데이븐,블랙,9580,65몰,
97356800,ID-COOLING SE-902 SD V3 데이븐,블랙,10530,67몰,
97410107,EVERCOOL COOLMARKER CM-1700 3U 270W,,89500,45몰,
97564514,3RSYS Socoool 고요 ARGB,블랙,59100,114몰,
97564550,3RSYS Socoool 고요 ARGB,화이트,59000,99몰,
97565075,3RSYS Socoool 고요N PWM,블랙,55400,100몰,
97565336,3RSYS Socoool 고요N PWM,화이트,55400,97몰,
97705640,PentaWave Z03I-53 SRB,,28720,69몰,
97778387,타무즈 TC400 RGB,블랙,15860,56몰,
97778825,타무즈 T4-V4,블랙,21380,61몰,
97839560,DEEPCOOL AK400 DIGITAL SE,블랙,39000,3몰,
97839587,DEEPCOOL AK400 DIGITAL SE,화이트,36280,96몰,
97847852,EDDY CY100A ARGB,화이트,25310,58몰,
97860953,EVERCOOL COOLMARKER CM-1851/1700 1U 메탈브라켓,,37200,39몰,
98076191,JIUSHARK JF550 Elite,블랙,31900,78몰,
98076224,JIUSHARK JF550 Elite,화이트,31900,69몰,
98076302,JIUSHARK JF550 Elite RGB,블랙,33900,67몰,
98076353,JIUSHARK JF550 Elite RGB,화이트,33900,64몰,
98076389,JIUSHARK JF550 Elite ARGB,블랙,33900,82몰,
98076419,JIUSHARK JF550 Elite ARGB,화이트,33900,87몰,
98414189,아이보라 4U-4677H,,159470,29몰,
98780894,darkFlash ELLSWORTH S31,블랙,17510,91몰,
98780957,darkFlash ELLSWORTH S31,화이트,16480,97몰,
98781146,darkFlash ELLSWORTH S31 PRO ARGB,블랙,18520,97몰,
98781200,darkFlash ELLSWORTH S31 PRO ARGB,화이트,18520,96몰,
98781398,컴이지 킹덤 X92-IA LED,블랙,9490,5몰,
98781425,컴이지 킹덤 X92-IA LED,화이트,9690,63몰,
98924414,DYNATRON S5 해외구매,,80310,16몰,
98924561,DYNATRON N11 해외구매,,83600,11몰,
98924681,DYNATRON K555 해외구매,,75900,14몰,
99287363,JIUSHARK JF100D Digital,블랙,24900,61몰,
99287507,DEEPCOOL ASSASSIN VC ELITE,블랙,156620,68몰,
99479663,SCYTHE FUMA 3 해외구매,,78940,23몰,
99479762,Thermalright Phantom Spirit 120 SE 해외구매,,69900,31몰,
99480575,Thermalright Assassin X 90 SE ARGB 해외구매,,32990,32몰,
99480755,Thermalright Assassin Spirit 120 PLUS V2 해외구매,,36730,17몰,
99713903,앱코 타이폰 ST120X4,블랙,17900,49몰,
99713924,앱코 타이폰 ST120X5,블랙,21000,48몰,
99737129,SCYTHE KOTETSU MARK 3 해외구매,,48100,6몰,
99737225,Thermalright Assassin X 120 R Digital ARGB 해외구매,블랙,42860,28몰,
99737249,Thermalright Assassin X 120 R Digital ARGB 해외구매,화이트,40260,9몰,
99737294,Antec T120 RGB 해외구매,,43420,14몰,
99737426,Thermalright AXP120-X67 ARGB 해외구매,블랙,54010,16몰,
99743453,DEEPCOOL AK620 G2 DIGITAL NYX,,94160,79몰,
99886364,DEEPCOOL AK620 G2,블랙,87210,87몰,
99886373,DEEPCOOL AK620 G2,화이트,87320,84몰,
99886484,DEEPCOOL AK700 DIGITAL NYX,,86940,76몰,
99886496,DEEPCOOL AK700 DIGITAL,화이트,87220,46몰,
99891908,LEADCOOL AC-3100 DIGITAL ARGB,블랙,23890,57몰,
99891917,LEADCOOL AC-3100 DIGITAL ARGB,화이트,23890,57몰,
99891959,LEADCOOL AC-3100 PRO ARGB,블랙,18890,55몰,
99892115,LEADCOOL AC-1100 RGB,블랙,16790,56몰,
99892157,LEADCOOL AC-1000 RGB,블랙,16790,48몰,
100193432,쿨러마스터 Hyper 212 3DHP,블랙,22700,65몰,
100193450,쿨러마스터 Hyper 212 3DHP ARGB,블랙,26480,53몰,
100193501,쿨러마스터 V4 Alpha 3DHP,블랙,37390,75몰,
100329635,타무즈 TC600 ARGB,블랙,31600,49몰,
100619627,DEEPCOOL AK400 G2 DIGITAL NYX,,52530,67몰,
100619651,DEEPCOOL AK400 G2,블랙,46940,71몰,
100619687,DEEPCOOL AK400 G2,화이트,48180,69몰,
100700171,EVERCOOL EC1700A-915BP SLIM,,14820,44몰,
101072159,NOCTUA NH-D15 G2 chromax.black,,267130,62몰,
101073269,PCCOOLER CPS RT620 PRO ARGB 카본스틸,블랙,44931,123몰,
101073308,PCCOOLER CPS RT620 PRO ARGB 카본스틸,화이트,48088,121몰,
101075261,3RSYS Socoool RC980N 쌍철봉,블랙,27170,93몰,
101075312,3RSYS Socoool RC980N 쌍철봉,화이트,27170,88몰,
101080094,PentaWave Z06D EX TURBO,블랙,127000,74몰,
101080121,PentaWave Z06D EX TURBO,화이트,127000,72몰,
101630804,GAMDIAS BOREAS M2-61L,화이트,117700,18몰,
101695601,darkFlash EXPLORE E400 PLUS ARGB,블랙,32890,80몰,
101704193,darkFlash EXPLORE E400 PLUS ARGB,화이트,34300,110몰,
102357791,써멀테이크 WAir,,177400,31몰,
102553373,PentaWave Z05C EX TURBO,,49900,7몰,
102618656,Thermalright Peerless Assassin 140 SE 서린,,62990,59몰,
102618698,Thermalright Peerless Assassin 140 SE ARGB 서린,,67890,64몰,
102759722,JONSBO CR-1400 오토 RGB,블랙,19250,45몰,
102759797,JONSBO CR-1400 오토 RGB,화이트,19270,46몰,
102914408,Thermalright Peerless Assassin 120 VISION 서린,블랙,91950,62몰,
102914426,Thermalright Peerless Assassin 120 VISION ARGB 서린,블랙,98100,66몰,
102914432,Thermalright Peerless Assassin 120 VISION ARGB 서린,화이트,98080,68몰,
102914450,Thermalright Phantom Spirit 120 VISION SNOW 서린,,138990,5몰,
103130507,EVERCOOL COOLMARKER CM-1200(CU)PWM 2BALL(W),,8490,37몰,
103130510,EVERCOOL COOLMARKER CM-1200(CU)PWM 2BALL(B),,8490,37몰,
103186868,3RSYS Socoool RC1910N Quiet 쌍철봉,블랙,79900,100몰,
103186895,3RSYS Socoool RC1910N Quiet 쌍철봉,화이트,82400,101몰,
103237556,PCCOOLER CPS RT400 TCL FULL ARGB,블랙,26380,93몰,
103237559,PCCOOLER CPS RT400 TCL FULL ARGB,화이트,26380,93몰,
103325393,마이크로닉스 ICEROCK MA-500 ARGB,블랙,21490,91몰,
103325402,마이크로닉스 ICEROCK MA-500 ARGB,화이트,23490,90몰,
103601963,ID-COOLING SE-214 XT V2 AUTO RGB 데이븐,블랙,20480,19몰,
103602080,SilverStone SST-XE02-SP3S 마이크로닉스,,82990,46몰,
104045012,ALSEYE W700 Pro,블랙,74890,60몰,
104045018,ALSEYE W700 Pro,화이트,79900,4몰,
104045033,ALSEYE Q120DT Plus,블랙,37330,74몰,
104045393,ALSEYE Q120S Plus,블랙,21360,57몰,
104595461,발키리 DQ125 쿼드빔,블랙,38900,1몰,
104595479,발키리 DQ125 쿼드빔,화이트,41000,1몰,
104595539,발키리 DQ125 쿼드빔 ARGB,블랙,43000,1몰,
104595545,발키리 DQ125 쿼드빔 ARGB,화이트,45000,1몰,
104616380,ID-COOLING IS-55 BLACK,블랙,51600,28몰,
104616698,ID-COOLING SE-214 XT V2 BLACK 데이븐,블랙,22430,30몰,
104616701,ID-COOLING SE-214 XT V2 ARGB 데이븐,블랙,22430,30몰,
104616704,ID-COOLING SE-214 XT V2 ARGB 데이븐,화이트,가격비교예정,0몰,
104940170,OH'S CV-620,블랙,36000,24몰,
104940176,OH'S CV-620,화이트,가격비교예정,0몰,
104940188,OH'S CV-420,블랙,21500,25몰,
104940194,OH'S CV-420,화이트,23500,24몰,
105679832,DEEPCOOL AG620 G2,,가격비교예정,0몰,
