Id,Name,Type,Price,Mall,2025-07-23 13:12:36
140215,RMS RMS-4831S 랙마운트 4U,블랙,84000,2몰,
552092,모드컴 FEEL 102,,23810,25몰,
873223,컴퓨터광장 GAMEBOX,실버,15880,20몰,
964993,선경씨앤씨 RPC-680,,170190,4몰,
1097157,씨넥스존 ZACR ICS-338B 3U 랙마운트,,156800,12몰,
1139540,NCTOP 3.5형 변환용 HDD 브라켓,,2740,7몰,
1141238,AMAQUEST F4514 4U 랙마운트,,141000,38몰,
1275869,IN WIN TRACK 전용 EZ-SWAP,,2070,22몰,
1285053,SilverStone Milo ML03B,,104910,59몰,
1342668,SilverStone FP55B,,9640,34몰,
1359127,쿨러마스터 USB 3.0 Adapter 대양케이스,,18990,35몰,
1401796,XOCOM zazac201,,132450,10몰,
1401797,XOCOM zazac201,120W 6.5A,178210,25몰,
1517641,거인전자 HELLO-Q,블랙,39200,5몰,
1517654,거인전자 HELLO-Q,스카이블루,39200,5몰,
1517658,거인전자 HELLO-Q 동물시리즈,,14000,1몰,
1517662,거인전자 HELLO-Q 표정시리즈,,14000,2몰,
1609818,거인전자 HELLO-Q 사랑시리즈,,14000,1몰,
1609838,거인전자 HELLO-Q,화이트,39220,5몰,
1742127,2MONS SERVER 2U D400,,89180,55몰,
1742137,2MONS SERVER 2U D560,,119000,50몰,
1742148,2MONS SERVER 3U D400,,82000,49몰,
1742806,SilverStone Grandia SST-GD04-USB3.0,블랙,130870,59몰,
1821768,2MONS 서버 4U TRAY D450,,84000,52몰,
1821778,2MONS 서버 4U PC D450,,60000,58몰,
1914612,BIGS LUNA 메탈 USB 3.0,,34500,1몰,
2085986,SilverStone Fortress SST-FT04-W,블랙,232970,29몰,
2186279,SilverStone Milo ML05B,,76060,62몰,
2186578,NCTOP E-MINI K3 다용도 고정 브라켓,,5820,10몰,
2186580,NCTOP E-MINI K3 전용 고정 브라켓,,5710,10몰,
2186735,IN WIN IW-R300,,132380,13몰,
2196575,AMAQUEST X3813 3U 랙마운트,,136000,35몰,
2245703,2MONS SERVER 2U D550 Plus,,91000,47몰,
2285366,IN WIN IW-RS110-02,,243570,12몰,
2285370,IN WIN IW-RS224-02,,391830,10몰,
2350203,셀텍 E-K3 ITX 120W 블랙,파워 어댑터 미포함,55100,1몰,
2350209,셀텍 E-K3 ITX 120W 실버,파워 어댑터 미포함,58000,1몰,
2350264,셀텍 E-2015 ITX 120W,12V/5A 60W 파워어댑터 포함,54269,4몰,
2350288,셀텍 E-2015 ITX 120W,파워 어댑터 미포함,46410,2몰,
2576168,라이트컴 COMS Express PCI 연장 아답터 (BE905),,7650,3몰,
2576310,라이트컴 COMS PCIe/1X to 16X Express PCI 아답터 (SP716),,15790,1몰,
2585051,쿨러마스터 HAF STACKER 935 상단커버,,24990,23몰,
2585065,쿨러마스터 HAF STACKER 935 하단 레일,,20000,23몰,
2605554,씨넥스존 ZACR ICS-445B 4U 랙마운트,,152000,8몰,
2607318,씨넥스존 ZACR ICS-238L 2U 랙마운트,,130590,12몰,
2624703,AEROCOOL DS CUBE WINDOW,블루,78790,25몰,
2624714,AEROCOOL DS CUBE WINDOW,골드,78790,25몰,
2624729,AEROCOOL DS CUBE WINDOW,그린,78800,3몰,
2624749,AEROCOOL DS CUBE WINDOW,오렌지,78560,25몰,
2624772,AEROCOOL DS CUBE WINDOW,핑크,78560,25몰,
2624787,AEROCOOL DS CUBE WINDOW,레드,78790,25몰,
2670531,라이트컴 COMS PCI Express 연장 아답터 1X (SP964),,6880,8몰,
2670611,라이트컴 COMS PCI Express 아답터 1X TO 16X (SP966),,9000,2몰,
2677916,라이트컴 COMS PCI Express 아답터 (BS755),,11970,3몰,
2677966,라이트컴 COMS PCI Express 1x 연장 케이블 (BS759),,7990,3몰,
2678000,라이트컴 COMS PCI Express 16x 연장 케이블 15cm (BS760),,9990,4몰,
2707312,SilverStone Grandia GD09B,,103190,57몰,
2753078,2MONS 2U D550 핫스왑*6,,262000,47몰,
2753144,2MONS 1.5U D280 핫스왑*2,,167000,52몰,
2826370,DAMONCOM DM-23 USB 3.0,,31940,33몰,
2836240,라이트컴 COMS Express PCI 아답터 키트 (IT982),,15000,33몰,
2848573,앱코 NCORE T30 스위티,,36000,1몰,
2848576,앱코 NCORE T40 크런키,,38710,1몰,
2855487,AMAQUEST K238F 2U 랙마운트,,76000,41몰,
2855634,AMAQUEST K338F 3U 랙마운트,,81490,38몰,
2881388,RAIDMAX 아구스타AX,,140390,5몰,
2884836,EVERCOOL HDB-100,,2150,6몰,
2884849,EVERCOOL HDB-252A,,4000,1몰,
2908392,Phanteks ENTHOO EVOLV,블랙,204100,38몰,
2908396,Phanteks ENTHOO EVOLV,화이트,221000,38몰,
2910165,2MONS 2U D550 PLUS USB3.0,,112000,50몰,
2911987,2MONS 서버 2U D560 USB 3.0,,130610,51몰,
2912109,Phanteks ENTHOO EVOLV,그레이,206600,35몰,
2914782,2MONS 서버 3U D400 USB3.0,,101000,48몰,
2915955,2MONS 서버 2U D400 USB3.0,,111000,57몰,
2916779,셀텍 E-K3 mini-ITX USB 3.0 블랙 120W,기본,52780,2몰,
2916808,셀텍 E-K3 Mini-ITX USB 3.0 실버 120W,기본,52780,2몰,
2919264,2MONS 1.5U D280 핫스왑*2 USB3.0,,167000,54몰,
2920397,2MONS 2U D550 핫스왑*6 USB3.0,,274000,45몰,
3013190,Phanteks ENTHOO Mini XL,,246500,32몰,
3043027,2MONS 서버 4U 멀티 D500,,122000,51몰,
3088902,마이크로닉스 QUANTA HMR-455N1,,150960,64몰,
3089595,마이크로닉스 QUANTA HMR-445N1,,134000,44몰,
3092287,마이크로닉스 QUANTA HMR-345N1,,150000,76몰,
3093870,마이크로닉스 QUANTA HMR-255N1,,140000,78몰,
3094901,SilverStone Sugo SST-SG13,블랙,68500,17몰,
3095050,마이크로닉스 QUANTA HMR-245N1,,136000,80몰,
3108227,마이크로닉스 QUANTA HMR-145N1,,156470,65몰,
3108232,마이크로닉스 QUANTA HMR-155N1,,169500,33몰,
3145064,SilverStone Sugo SST-SG13-Q,블랙,71910,29몰,
3155665,2MONS 서버 2U D400 에코,,69760,68몰,
3155867,2MONS 서버 2U D400 에코 USB3.0,,80990,49몰,
3156205,2MONS 서버용 SSD가이드,,1060,32몰,
3168723,2MONS 서버용 26인치 레일(2PCS/SET),,50000,43몰,
3319048,2MONS 2U 핫스왑*6 SATA3 USB3.0,,282000,45몰,
3330848,2MONS 1U D550 에코 USB3.0,,159000,52몰,
3362412,SilverStone Sugo SST-SG13,화이트블랙,70670,29몰,
3363372,2MONS 서버 1U D550 에코,,146000,46몰,
3412899,3RSYS L900 USB3.0,블랙,88000,17몰,
3503132,라이트컴 COMS Express PCI 아답터 (ITA519),,8690,3몰,
3511031,2MONS 미니서버 핫스왑*6 USB3.0,,152520,46몰,
3571802,마이크로닉스 루키,,22000,4몰,
3597766,마이크로닉스 QUANTA HMR-445SE,,107990,67몰,
3647413,라이트컴 COMS Express PCI 연장 아답터 (ITA520),,9340,3몰,
3656040,RAIDMAX 닌자2,,117690,6몰,
3661632,AMAQUEST AM 204N 2U 랙마운트,,127990,29몰,
3661666,AMAQUEST AM 440N 4U 랙마운트,,127990,27몰,
3678974,RAIDMAX 바이퍼2,레드,96290,7몰,
3678982,RAIDMAX 바이퍼2,블루,96290,7몰,
3678991,RAIDMAX 바이퍼2,그린,96290,7몰,
3696369,오존컴퍼니 VIPER MINI ITX,,32970,15몰,
3888279,AMAQUEST WG4514 4U 랙마운트,,181990,28몰,
3888489,AMAQUEST WG3812 2U 랙마운트,,149490,31몰,
3927781,AMAQUEST X5503 3U 랙마운트,,178630,28몰,
3969924,3RSYS J210 해머,,21000,1몰,
3979606,라이트컴 COMS A3271 나사 세트,,2900,2몰,
3992049,앱코 NCORE 볼트론 RX USB3.0 화이트,,19000,1몰,
4033315,앱코 NCORE 픽셀,,30790,7몰,
4037770,Phanteks ENTHOO EVOLV ATX TG,AG,329990,21몰,
4037771,Phanteks ENTHOO EVOLV ATX TG,GS,320000,39몰,
4059354,EVERCOOL 메인보드 절연 와샤,,480,51몰,
4129983,라이트컴 COMS PCI 연장 케이블 (BS761),,8930,1몰,
4170841,AMAQUEST K255F 2U 랙마운트,,92490,32몰,
4171046,AMAQUEST AMH-4400 (8bay Hot-swap) 4U 랙마운트,,210000,1몰,
4171281,AMAQUEST AM-4000D (12X13) 4U 랙마운트,,142990,31몰,
4184812,2MONS 서버 4U E-ATX D400,,79500,49몰,
4230343,앱코 NCORE 알리 3.0,,50440,1몰,
4231753,2MONS 서버 4U E-ATX D400 USB3.0,,93000,49몰,
4362961,2MONS 서버용 18인치 레일(2PCS/SET),,46500,42몰,
4378276,3RSYS L520,,126200,1몰,
4391262,2MONS 4U LCD 핫스왑*8 USB3.0,,310000,46몰,
4398158,쿨러마스터 MasterCase Glass Side Panel,,59000,18몰,
4484881,IN WIN 805 인피니티 블랙,,149000,33몰,
4525439,셀텍 E-T4 Thin Mini-ITX 실버,기본,35720,1몰,
4525443,셀텍 E-T4 Thin Mini-ITX 실버,쿨러 포함,41000,1몰,
4559351,SilverStone Sugo SST-SG13-Q,화이트블랙,75000,35몰,
4622544,AMAQUEST 2U 랙마운트 AMH2055 Hot-Swap,,265990,35몰,
4698711,써멀테이크 Core W100,,479990,18몰,
4698755,써멀테이크 Core P100,,189990,17몰,
4742536,3RSYS L530 강화유리,블랙,141100,1몰,
4742541,3RSYS L530 강화유리,화이트,77000,1몰,
4847659,Antec CUBE,,327420,1몰,
4862516,써멀테이크 The Tower 900,스노우,368700,1몰,
4872486,DAMONCOM DM-260 USB 3.0,블랙,34990,39몰,
4968795,2MONS 3U LCD 핫스왑*4 USB 3.0,,217000,45몰,
5043443,Fractal Design Define C,,269000,1몰,
5043749,DAMONCOM DM-230S 블랙 USB 3.0,,28990,38몰,
5113698,RAIJINTEK PAEAN BLACK,,159000,3몰,
5176071,3RSYS R350,,27500,85몰,
5267077,디지탈그리고나 e-STAR PCIe 라이져카드 BC-116,,5200,13몰,
5288789,COUGAR CONQUER,오렌지,495720,1몰,
5297301,마이크로닉스 Frontier H100 PC방,,26000,1몰,
5353598,Fractal Design Define C 강화유리,,158870,2몰,
5371791,DEEPCOOL EARLKASE RGB,,65160,43몰,
5385929,이지넷유비쿼터스 넥스트 PCIe 라이져카드 (NEXT-10BCR),,5200,49몰,
5452133,3RSYS T1000,화이트,219000,1몰,
5469555,2MONS 6U 비트코인 8way 2psu,,163000,45몰,
5519834,써멀테이크 Core P5 강화유리,스노우,220000,1몰,
5562431,AONE BTC PCI-E 1x to 16x 라이져카드,,4400,4몰,
5639074,리안리 Alpha330,블랙,110000,1몰,
5660258,2MONS 엘포즈7,,30420,61몰,
5660288,2MONS 엘포즈7 USB 4포트,,32110,55몰,
5660313,2MONS 엘포즈7 멀티포트,,38180,51몰,
5671528,AMAQUEST AM-480H15 4U 랙마운트,,143000,35몰,
5718431,앱코 SUITMASTER 361G 칼리스토 강화유리 DOUBLING,화이트,89000,2몰,
5718521,RAIJINTEK COEUS ELITE,,59000,3몰,
5820320,TYAN PCIe x16 2U 라이져카드 (LT-PCIEX16-A),,15890,27몰,
5913422,SilverStone Precision SST-PP08B,,9190,1몰,
6024625,쿨러마스터 MasterBox Q300P 풀 아크릴,,116540,44몰,
6099770,셀텍 E-K3 Mini-ITX USB 3.0 블랙 180W,180W 파워어댑터 포함,129200,1몰,
6099782,셀텍 E-K3 Mini-ITX USB 3.0 실버 180W,180W 파워어댑터 포함,129200,1몰,
6100007,마이크로닉스 Bohemian E-Space7 강화유리,,135000,1몰,
6105087,리안리 PC-O11 Dynamic,화이트,265500,1몰,
6141478,RAIJINTEK ZOFOS EVO WINDOW,,199000,1몰,
6193924,유한하이테크 YH-200S,,52480,32몰,
6228966,2MONS 채굴용 오픈케이스 6/8WAY,,26500,2몰,
6279876,CORSAIR CRYSTAL SERIES 280X RGB 강화유리,화이트,109890,37몰,
6304251,앱코 SUITMASTER 람세스 310 스펙트럼 SPIDER,,82000,1몰,
6313577,AMAQUEST F4500G 4U,,148000,47몰,
6412435,마이크로닉스 BOHEMIAN CLEO,,149500,1몰,
6427127,CABLEMATE CH318 SATA to eSATA 1포트 외장브라켓 (벌크),,530,22몰,
6427146,CABLEMATE CH315 SATA to eSATA 1포트 일반브라켓,0.45mm,1200,17몰,
6442823,IN WIN 101RGB,화이트,140000,1몰,
6456172,마이크로닉스 BOHEMIAN GUSTO,,41500,125몰,
6460690,be quiet HDD Slot Cover (Dark Base / Silent Base),,9300,26몰,
6482453,써멀테이크 Versa H17,,41390,39몰,
6486979,RAIJINTEK OPHION,블랙,106000,3몰,
6487034,RAIJINTEK OPHION EVO,블랙,75000,2몰,
6527593,COUGAR PANZER EVO RGB,,298000,1몰,
6547372,KRAFT KOREA R4 강화유리,,45490,20몰,
6558632,Phanteks STACKABLE HDD BRACKET,,15890,34몰,
6569198,Phanteks VERTICAL GPU RISER EXTENDER,Slimline 220mm/90,41500,4몰,
6569209,Phanteks VERTICAL GPU RISER EXTENDER,Premium 220mm/90,59990,21몰,
6603496,써멀테이크 Level 20 VT,,143000,1몰,
6626509,잘만 K1 SPECTRUM RGB 강화유리,,45000,4몰,
6683047,잘만 S2 풀 아크릴,,38490,72몰,
6749986,BRAVOTEC 트레저 X9 920T 타이탄 글래스,블랙,78980,57몰,
6759490,Antec TORQUE,블랙,538990,37몰,
7025194,2MONS 1U ITX D250,,115000,46몰,
7078111,3RSYS J230 RGB BLACK,,120000,1몰,
7078231,3RSYS J700 RGB BLACK,,388160,1몰,
7083517,SilverStone SST-PS15-G,블랙,66000,1몰,
7182562,Phanteks ECLIPSE P600S,블랙,271000,29몰,
7241245,3RSYS R2 USB 3.0,,21500,88몰,
7335787,ASUS TUF Gaming GT501,,185000,39몰,
7592995,AMAQUEST F4514B,,148000,47몰,
7614097,RAIJINTEK OPHION M EVO,,169000,1몰,
7665883,COUGAR GEMINI S,아이언 그레이,86400,1몰,
7689277,잘만 T6,,29110,55몰,
7706725,ASUS ROG STRIX HELIOS,,422000,33몰,
7743760,NZXT H500 OVERWATCH,,198000,28몰,
7825258,Phanteks VERTICAL GPU RISER EXTENDER,Flatline 220mm/90,41490,26몰,
7825297,Phanteks VERTICAL GPU RISER EXTENDER,Flatline 300mm/180,41490,24몰,
7851439,쿨러마스터 MasterBox NR400 강화유리,,60600,27몰,
7991602,써멀테이크 Commander C32 TG ARGB 에디션,,132890,26몰,
7991638,써멀테이크 Commander C33 TG ARGB 에디션,,132890,23몰,
7991707,써멀테이크 Commander C34 TG ARGB 에디션,블랙,132890,25몰,
8003710,마이크로닉스 루키 II,,15000,1몰,
8043859,앱코 NCORE 언더바,,21500,22몰,
8114950,Antec TORQUE,화이트,538990,37몰,
8141725,3RSYS EL-GUIDE,,3100,15몰,
8173504,BRAVOTEC SWORD S830 RGB 타이탄 글래스,블랙,58090,120몰,
8173525,BRAVOTEC SWORD S830 RGB 타이탄 글래스,화이트,67770,89몰,
8449863,바이퍼테크 VIP ITX,,34000,24몰,
8456739,darkFlash DLM21 RGB 강화유리,블랙,49500,1몰,
8457783,darkFlash DLM22 RGB 강화유리,블랙,75650,1몰,
8457879,darkFlash DLM22 RGB 강화유리,화이트,48190,86몰,
8577818,앱코 SUITMASTER 321X 듀얼리티 강화유리 스펙트럼 Dualight,블랙,74000,2몰,
8608640,darkFlash G-CLASS 500 RGB,블랙,127000,1몰,
8633168,대양케이스 T60 RGB 강화유리,,70000,1몰,
8671178,darkFlash Classic 1 RGB,,54190,1몰,
8752772,MSI MPG 세키라 500X,,282000,1몰,
8808818,NZXT H510 Elite,매트 블랙,218000,1몰,
8852222,AMAQUEST KN4-MT (4bay Hot-swap),,133000,39몰,
8869058,쿨러마스터 COSMOS C700P 강화유리 BLACK EDITION,,529000,1몰,
9000344,3RSYS S700 에스프레소 CT,화이트,69000,1몰,
9261588,쿨러마스터 MasterCase H100 RGB,,152490,1몰,
9295779,앱코 SUITMASTER 321X 듀얼리티 강화유리 스펙트럼 Dualight,화이트,78000,1몰,
9306483,잘만 X3 RGB 강화유리,블랙,129000,1몰,
9306525,잘만 X3 RGB 강화유리,화이트,129000,1몰,
9341127,쿨러마스터 Rotatable Graphics Card Bracket,,37980,38몰,
9354213,선경씨앤씨 RPC-480,블랙,96290,20몰,
9376470,darkFlash DLM21 RGB MESH 강화유리,블랙,54390,123몰,
9376491,darkFlash DLM21 RGB MESH 강화유리,화이트,56390,96몰,
9380817,RAIJINTEK OPHION,화이트,75000,4몰,
9380883,RAIJINTEK OPHION EVO,화이트,99000,1몰,
9381222,RAIJINTEK METIS PLUS,골드,39000,3몰,
9381225,RAIJINTEK METIS PLUS,레드,39000,2몰,
9381345,RAIJINTEK STYX,골드,46000,5몰,
9381360,RAIJINTEK STYX,핑크,46000,6몰,
9381363,RAIJINTEK STYX,레드,49000,3몰,
9381372,RAIJINTEK STYX,화이트,49000,3몰,
9399606,3RSYS S350 에스프레소 CT,화이트,118900,1몰,
9456939,앱코 SUITMASTER 322S 인테이커 강화유리 스펙트럼 Dualight,화이트,50880,35몰,
9458247,셀텍 E-U3 실버,기본,35720,1몰,
9514584,앱코 SUITMASTER 760S 어트랙션 강화유리 스펙트럼 Duplex,블랙,68480,28몰,
9647886,be quiet PURE BASE 500 WINDOW,화이트,122000,40몰,
9647904,be quiet PURE BASE 500 WINDOW,메탈릭 그레이,131510,36몰,
9677280,앱코 NCORE 타비,,62200,1몰,
9735324,마이크로닉스 Master Z4 강화유리,블랙,87000,3몰,
9735348,마이크로닉스 Master Z4 강화유리,화이트,90000,2몰,
9769494,Antec STRIKER,,404990,76몰,
9795618,대양케이스 ME NO.8 RGB 강화유리,블랙,78060,7몰,
9795630,대양케이스 ME NO.8 RGB 강화유리,화이트,83330,6몰,
9822903,Phanteks ECLIPSE P400A,블랙,141690,32몰,
9822933,Phanteks ECLIPSE P400A,화이트,141690,33몰,
9823071,Phanteks Vertical GPU Kit 2,,61700,29몰,
9831171,마이크로닉스 L4 강화유리,블랙,98400,2몰,
9870645,DEEPCOOL GAMER STORM MACUBE 310P,화이트,90980,33몰,
9885942,대양케이스 ME NO.9 RGB 강화유리,블랙,79840,1몰,
9916125,앱코 SUITMASTER 760S 어트랙션 강화유리 스펙트럼 Duplex,화이트,65500,29몰,
9930762,3RSYS S410,,46000,1몰,
9940566,3RSYS S450,블랙,58500,2몰,
9941820,영재컴퓨터 NUDI BRANCH,블랙,158260,28몰,
9944412,리안리 PC-O11D XL ROG,화이트,267720,77몰,
9985203,Antec P120 CRYSTAL,블랙,138980,42몰,
10006971,BRAVOTEC 트레저 X9 920T 타이탄 글래스,화이트,88980,50몰,
10071663,2MONS 2U E-ATX D650,,122000,50몰,
10071696,2MONS 2U E-ATX D650 USB3.0,,134000,55몰,
10085070,JONSBO A4,실버,198000,14몰,
10165092,마이크로닉스 COOLMAX 가성비 NO.2,,20890,78몰,
10181358,3RSYS S430,화이트,55000,1몰,
10249821,DEEPCOOL MATREXX 55 MESH ADD-RGB 4F,,85980,39몰,
10257831,앱코 NCORE 새턴 풀 아크릴 슬렌더,화이트,43500,1몰,
10274328,리안리 LANCOOL II-1X,,26000,65몰,
10274394,리안리 LANCOOL II-3X,,21990,47몰,
10288131,리안리 LANCOOL II-2X,,18500,3몰,
10289943,앱코 NCORE 식스팬 풀 아크릴 LUNAR,화이트,37000,1몰,
10317576,잘만 M3,,58000,6몰,
10317747,잘만 M3 PLUS,,79300,1몰,
10325004,AMAQUEST K430B,,60500,44몰,
10325019,AMAQUEST K230B,,55990,43몰,
10331349,앱코 SUITMASTER 341G 레오 강화유리 스펙트럼 Dualight,블랙,51800,1몰,
10359000,마이크로닉스 오피스,,32500,90몰,
10365696,마이크로닉스 Master Z5 메쉬 강화유리,,160000,1몰,
10367772,DEEPCOOL PAB 300 라이저 케이블,,47830,50몰,
10374831,앱코 NCORE T60 솔리드,블랙,77600,1몰,
10375032,COX AG 11L,,34000,1몰,
10385268,잘만 T7,,47000,1몰,
10386789,RAIJINTEK METIS EVO TGS,블랙,90090,5몰,
10386792,RAIJINTEK METIS EVO TGS,화이트,90090,5몰,
10386810,RAIJINTEK METIS EVO ALS,블랙,90090,6몰,
10386819,RAIJINTEK METIS EVO ALS,화이트,90090,5몰,
10419432,JONSBO MOD4,그레이,237490,58몰,
10423167,마이크로닉스 Master M60 메쉬,블랙,47720,152몰,
10455084,AMAQUEST M250GPU,,187000,1몰,
10487241,앱코 NCORE 미라클 강화유리 LUMIA,화이트,84000,1몰,
10558761,앱코 SUITMASTER TA210 플라즈마 아크릴 LUNAR,,61000,25몰,
10607151,마이크로닉스 QUANTA HMR-455N1 + 하드랙 패키지,,154000,1몰,
10901520,쿨러마스터 MasterBox H500P MESH WHITE ARGB,,557400,1몰,
10909788,Fractal Design Define 7,블랙,291990,67몰,
10910196,Fractal Design Define 7 Dark 강화유리,블랙,320990,40몰,
10910475,Fractal Design Define 7 Light 강화유리,블랙,321000,8몰,
10910499,Fractal Design Define 7 Light 강화유리,그레이,321000,1몰,
10910556,Fractal Design Define 7 Clear 강화유리,화이트,321000,1몰,
10958544,Fractal Design Define 7 XL,,312530,106몰,
10958601,Fractal Design Define 7 XL Dark 강화유리,,331660,107몰,
10990290,SilverStone SST-LD03 STCOM,,185000,1몰,
11047713,RAIJINTEK ALSP of OPHION EVO,,30000,2몰,
11048286,RAIJINTEK ERIS EVO,,490000,5몰,
11048751,RAIJINTEK NYX PRO,타이탄,299000,5몰,
11048808,RAIJINTEK NYX PRO,옐로우,299000,3몰,
11048997,RAIJINTEK SILENOS PRO,,69000,1몰,
11055525,Fractal Design Era ITX,카본,250840,1몰,
11096313,쿨러마스터 MasterBox MB311L ARGB,,54060,39몰,
11096421,쿨러마스터 MasterBox MB320L ARGB,,57000,32몰,
11113710,아이구주 HATCH 6 플렉스 메쉬 강화유리,블랙,39900,68몰,
11126688,앱코 NCORE CNM202,블랙,40500,1몰,
11169117,AEROCOOL AERO ONE FROST,,49900,17몰,
11169177,AEROCOOL AERO ONE MINI FROST,,46900,17몰,
11202177,darkFlash DLN25 SILENT,,96900,1몰,
11222055,써멀테이크 View 51 강화유리 ARGB 에디션,블랙,262000,13몰,
11222151,써멀테이크 View 51 강화유리 ARGB 에디션,스노우,271000,1몰,
11225553,3RSYS T800 풍통,화이트,138000,1몰,
11257095,몬스타 가츠 S620 RGB 강화유리,,38000,2몰,
11339625,아이구주 HATCH 6 플렉스 메쉬 강화유리,화이트,39900,63몰,
11420388,CORSAIR OBSIDIAN 1000D 4x 120mm Fan Tray,,22000,57몰,
11479695,Fractal Design Define 7 Compact,블랙,167990,50몰,
11479755,Fractal Design Define 7 Compact Dark 강화유리,,339220,1몰,
11480787,SilverStone Sugo SST-SG13B-C,,75010,28몰,
11501768,써멀테이크 S100 강화유리,블랙,38000,28몰,
11501774,써멀테이크 S100 강화유리,스노우,38290,25몰,
11540768,마이크로닉스 Master M60 메쉬,화이트,52320,136몰,
11554955,ASUS ROG STRIX HELIOS WHITE EDITION,,424900,32몰,
11555084,ASUS TUF Gaming GT501 WHITE EDITION,,201890,53몰,
11577749,darkFlash DLS480 RGB 강화유리,화이트,89000,1몰,
11601842,Fractal Design HDD Drive Tray Kit - Type B 블랙,2PACK,18890,25몰,
11601917,Fractal Design SSD Drive Tray Kit - Type B 화이트,2PACK,18890,49몰,
11605937,Fractal Design Hard Drive Cage Kit - Type B,,18890,23몰,
11610125,쿨러마스터 Universal Vertical GPU Holder Kit Ver.2,,36980,33몰,
11626910,앱코 NCORE 커넬 강화유리,,32490,102몰,
11675609,SilverStone SST-ML10B,,78160,45몰,
11719841,쿨러마스터 RISER CABLE PCI-E 3.0 x16 Ver.2,200mm,46000,1몰,
11719853,쿨러마스터 RISER CABLE PCI-E 3.0 x16 Ver.2,300mm,34990,36몰,
11731910,SilverStone SST-RC03B-220 라이저 케이블,,19770,31몰,
11739020,영재컴퓨터 NUDI BRANCH,화이트,169000,14몰,
11843785,darkFlash DLX22 RGB 강화유리,화이트,148000,1몰,
11847802,ANIX M6865 미니,,37350,12몰,
11876488,ANIX S612SE LP,,30440,13몰,
11884168,darkFlash DLX21 RGB MESH 강화유리,블랙,92490,145몰,
11884207,darkFlash DLX21 RGB MESH 강화유리,화이트,93470,157몰,
11900881,2MONS 엘포즈9 TFX,,51000,62몰,
11923699,BRAVOTEC GUARDIAN 800 ARGB 타이탄 글래스,블랙,85719,2몰,
11923717,BRAVOTEC GUARDIAN 800 ARGB 타이탄 글래스,화이트,78980,40몰,
12001715,리안리 LANCOOL II MESH RGB,블랙,129000,1몰,
12010583,Phanteks P300A,,90490,24몰,
12013670,앱코 NCORE 베놈 식스LED 강화유리,화이트,44000,3몰,
12024287,2MONS 1U LCD D400,,142000,48몰,
12084098,마이크로닉스 GH2-Metal 강화유리,블랙,100000,1몰,
12084116,마이크로닉스 GH2-Metal 강화유리,화이트,56750,1몰,
12177311,Phanteks ENTHOO PRO 2 TG,,284500,50몰,
12192491,darkFlash VB-X 라이저 케이블 지지대 KIT,네오민트,37970,52몰,
12192788,마이크로닉스 EM1-Woofer 강화유리,화이트,44900,140몰,
12204125,3RSYS J490 SILENCE,블랙,54450,73몰,
12279560,CORSAIR 4000D AF,블랙,129490,36몰,
12279584,CORSAIR 4000D AF,화이트,125960,47몰,
12279614,CORSAIR 4000D,블랙,125870,37몰,
12279629,CORSAIR 4000D,화이트,125870,43몰,
12279707,CORSAIR iCUE 4000X RGB,블랙,193690,52몰,
12279716,CORSAIR iCUE 4000X RGB,화이트,196990,53몰,
12329348,이아이인터내셔널 Mechanic Flex RGB 강화유리,블랙,218570,30몰,
12329420,이아이인터내셔널 Mechanic Flex RGB 강화유리,핑크,218570,30몰,
12345014,마이크로닉스 Master M80,,163800,1몰,
12359729,COOLMAI GOLDEN ARMOR MESH,,41000,16몰,
12399140,마이크로닉스 POCO ITX 강화유리,,123000,55몰,
12454685,쿨러마스터 MasterBox NR200P,화이트,87630,58몰,
12487766,darkFlash DLM ZERO 강화유리,,96390,27몰,
12499775,잘만 N4 i40 강화유리,,46000,1몰,
12531095,2MONS 4U LCD D650 GPU-6,,242000,43몰,
12531173,2MONS 3U D300 에코,,78000,62몰,
12551834,2MONS 4U D650 핫스왑-12,,360000,42몰,
12597299,AMAQUEST K500-4GPU Smart USB3.0,,135000,46몰,
12634190,AMAQUEST M250GPU Smart USB3.0,,174990,39몰,
12648995,앱코 SUITMASTER AL300M 강화유리,미드나잇블루,259500,22몰,
12649013,앱코 SUITMASTER AL300M 강화유리,로즈골드,259500,24몰,
12673769,Fractal Design Meshify 2,,215980,30몰,
12681041,Fractal Design Meshify 2 XL Light 강화유리,,315990,51몰,
12686750,컴이지 킹덤 라이트,,14360,52몰,
12689864,앱코 SUITMASTER AL1000,레드와인,852500,14몰,
12706487,Razer 토마호크 Mini-ITX,,219000,4몰,
12824978,LINKUP SV-027-nV Ultra PCIe 4.0 X16 라이저 케이블,,75000,1몰,
12826301,SilverStone FARA SST-FAV1MB-PRO STCOM,,37060,37몰,
12859169,SilverStone FARA SST-FAV1MB-PRO,,36500,35몰,
12862703,2MONS 4U D450 GPU-3,,61000,53몰,
12964061,마이크로닉스 GX1-PUNCH 강화유리,,108000,12몰,
12969350,앱코 SUITMASTER 391T 아르카스 강화유리,,50130,23몰,
12985601,darkFlash DLH21,블랙,63000,84몰,
12985625,darkFlash DLH21,화이트,97990,74몰,
12996623,darkFlash DLH21,핑크,63000,74몰,
13007426,BRAVOTEC M110 마블 블랙팬서 강화유리,,44980,47몰,
13007468,BRAVOTEC M110 마블 스파이더맨 강화유리,,44980,48몰,
13007498,BRAVOTEC M110 마블 아이언맨 강화유리,,44980,48몰,
13013060,큐닉스그룹 큐닉스 INFINITY M,화이트,145090,15몰,
13013129,큐닉스그룹 큐닉스 INFINITY F,,329000,1몰,
13029410,Antec P10 FLUX,,108350,60몰,
13050209,BRAVOTEC 트레저 X7 720T 타이탄 글래스,블랙,38980,56몰,
13068032,RAIJINTEK PAEAN PREMIUM,,298000,1몰,
13068332,RAIJINTEK SILENOS MS,화이트,55000,1몰,
13077236,ANIX S613 LP,,34580,11몰,
13089542,아이구주 M-CUBE,블랙,79900,5몰,
13089557,아이구주 M-CUBE,화이트,44900,62몰,
13122326,AMAQUEST M250GPU USB3.0,,157990,44몰,
13152371,CORSAIR 5000D,블랙,222590,50몰,
13152377,CORSAIR 5000D,화이트,222590,48몰,
13152452,CORSAIR 5000D AF,블랙,222590,45몰,
13152467,CORSAIR 5000D AF,화이트,221990,66몰,
13152539,CORSAIR iCUE 5000X RGB,블랙,284980,8몰,
13152545,CORSAIR iCUE 5000X RGB,화이트,269960,48몰,
13167026,잘만 Z3 아이스버그,화이트,62000,1몰,
13199333,마이크로닉스 QUANTA HMR-340SE,,105220,72몰,
13199378,마이크로닉스 QUANTA HMR-340SE + 하드랙 패키지,,143000,2몰,
13240022,JONSPLUS i100 Pro,블랙,217990,54몰,
13240034,JONSPLUS i100 Pro,실버,217990,57몰,
13243922,써멀테이크 AH T200 MICRO,블랙,168000,3몰,
13243946,써멀테이크 AH T200 MICRO,스노우,168000,2몰,
13270577,컴이지 킹덤 코디101 V2,블랙,32980,69몰,
13270586,컴이지 킹덤 코디101 V2,화이트,36620,68몰,
13275992,Antec DF700 FLUX MESH 강화유리,,99010,64몰,
13276412,Phanteks ECLIPSE P360A,블랙,111190,27몰,
13276415,Phanteks ECLIPSE P360A,화이트,112390,30몰,
13289675,잘만 Z-Machine 500,,685800,4몰,
13299434,리안리 O11DMINI-1,블랙,59000,57몰,
13333772,LINKUP SR-020 Ultra PCIe 4.0 X16 라이저 케이블,,69000,1몰,
13354073,Razer 토마호크 Mini-ITX (해외구매),,388500,2몰,
13354112,Razer 토마호크 ATX (해외구매),,376200,1몰,
13359593,잘만 Z9 아이스버그,블랙,184370,1몰,
13369385,셀텍 E-K3 mini-ITX USB 3.0 블랙 120W,120W 파워어댑터 포함,95990,2몰,
13369499,셀텍 E-K3 Mini-ITX USB 3.0 실버 120W,120W 파워어댑터 포함,108000,1몰,
13381619,darkFlash DK200 RGB 강화유리,블랙,37390,82몰,
13381634,darkFlash DK200 RGB 강화유리,화이트,43490,90몰,
13392233,잘만 T8,,29480,42몰,
13399667,컴이지 킹덤 GD-78,,129000,2몰,
13427846,AMAQUEST V2-590 2U 랙마운트,,307990,50몰,
13446017,마이크로닉스 EM1-Woofer 강화유리,블랙,39900,152몰,
13460804,3RSYS T700,블랙,68200,50몰,
13469342,ANIX 타이탄 레인보우 RGB,,37800,11몰,
13480289,리안리 PW-PCI-420,,35000,87몰,
13486406,셀텍 E-2015 ITX 120W,12V/10A 120W 파워어댑터 포함,88000,1몰,
13489595,Fractal Design Meshify 2 Compact,블랙,148990,82몰,
13490054,Fractal Design Meshify 2 Compact Clear 강화유리,화이트,206100,1몰,
13517816,아이구주 VENTI C60,,48000,6몰,
13531196,AMAQUEST AM-650H15 4U 랙마운트,,155000,31몰,
13537256,AONE PCI-Express 1x to 16X 009S LED 라이저카드,,4590,31몰,
13545416,AMAQUEST AM-650N 4U 랙마운트,,160990,44몰,
13607669,케이엘시스템 KLcom 6way/8way 겸용 가상화폐 채굴용 케이스,,19420,7몰,
13668224,써멀테이크 Tower 100,블랙,124690,1몰,
13676852,큐닉스그룹 큐닉스 INFINITY M,핑크,145090,13몰,
13735088,COX D200 강화유리,화이트,49900,33몰,
13778399,DEEPCOOL MATREXX 40,,58800,1몰,
13796111,3RSYS T700,화이트,67900,52몰,
13818002,darkFlash DLH21,민트,63000,81몰,
13828856,대양케이스 ME NO.11 메쉬 강화유리,화이트,95900,1몰,
13828877,대양케이스 ME NO.11 메쉬 강화유리,블랙,101700,1몰,
13848668,쿨러마스터 MasterFrame 700,,270150,64몰,
13851386,AONE PCIe 16x 008C 라이저 카드,,4400,2몰,
13917083,Phanteks EVOLV SHIFT 2,블랙,175200,25몰,
13918223,Phanteks EVOLV SHIFT 2,AG,175200,26몰,
13933289,3RSYS T840 풍통,블랙,111130,74몰,
13933700,3RSYS T840 풍통,화이트,189070,2몰,
13935476,darkFlash NEO 202 강화유리,블랙,96310,1몰,
13936562,Antec DARK CUBE,,254990,54몰,
13943759,ANIX PCI-E 1x to 16x6P 라이져카드,,1900,16몰,
13952603,바이퍼테크 VIP SLIM,,33990,14몰,
14078096,앱코 NCORE S10M 사일런티 II,블랙,39500,23몰,
14197820,SSEN PCI-E 3.0 16X 라이저케이블,200mm,28000,13몰,
14230871,잘만 Z9 아이스버그,화이트,110000,1몰,
14240843,RAIJINTEK PAN SLIM,블랙,119000,6몰,
14240870,RAIJINTEK PAN SLIM,화이트,259000,1몰,
14240885,RAIJINTEK PAN SLIM,실버,119000,6몰,
14296463,ANIX 6way/8way 겸용 마이닝 케이스,,28250,17몰,
14298059,쿨러마스터 MasterBox 540,,97520,40몰,
14320649,RAIJINTEK PAXX-S 벌크,,19000,1몰,
14321411,몬스타 LINKUP PCIe4.0 라이저케이블 + VGA홀더 Kit,,79000,2몰,
14437292,3RSYS R500,화이트,100200,2몰,
14437454,LINKUP SR-030 Ultra PCIe 4.0 X16 라이저 케이블,,42000,5몰,
14438621,CHENBRO PC61739,,124990,48몰,
14439017,CHENBRO SR10569,,185000,36몰,
14468801,시소닉 SYNCRO Q704 with DPC-850 PLATINUM,,792500,1몰,
14482634,잘만 ZM-RCG422 PCIe 4.0 x16 라이저 케이블,,76040,70몰,
14483075,잘만 M2 mini,그레이,170000,2몰,
14483120,잘만 M2 mini,실버,169980,46몰,
14501921,Phanteks ECLIPSE P200A DRGB,,101990,34몰,
14508371,3RSYS L700,화이트,89500,11몰,
14562113,마이크로닉스 EM1-Woofer + Classic II 600W 화이트 패키지,,108900,67몰,
14566301,마이크로닉스 Master M60 + Classic II 600W 화이트 패키지,,122000,30몰,
14567456,SSEN PCI-E 3.0 16X 라이저케이블,250mm,31000,11몰,
14636300,CORSAIR iCUE 7000X RGB,화이트,442990,49몰,
14636762,CORSAIR iCUE 7000X RGB,블랙,442990,48몰,
14637833,CORSAIR 7000D AIRFLOW,화이트,335160,89몰,
14637875,CORSAIR 7000D AIRFLOW,블랙,335190,86몰,
14644658,be quiet Silent Base 802,블랙,262700,62몰,
14644682,be quiet Silent Base 802,화이트,262860,48몰,
14644838,be quiet Silent Base 802 WINDOW,블랙,284990,85몰,
14644919,be quiet Silent Base 802 WINDOW,화이트,262240,76몰,
14652674,Antec P10 FLUX (해외구매),,206800,8몰,
14654675,리안리 O11DMINI-1X-4,블랙,87000,81몰,
14654723,리안리 O11DMINI-1W-4,화이트,97000,32몰,
14705840,앱코 NCORE G30 트루포스,블랙,46990,109몰,
14728892,써멀테이크 TT Premium PCI 4.0 Extender,300mm,99000,9몰,
14751392,쿨러마스터 NR200P,핑크,92560,37몰,
14751968,쿨러마스터 NR200P,민트,93070,42몰,
14763245,몬스타 MOD7,블랙,119000,3몰,
14763371,몬스타 MOD7,화이트,119000,3몰,
14796527,포게임 FORGAME S-J 강화유리,,47500,1몰,
14799467,앱코 PUBG 배틀그라운드 하자드 에디션,,63840,23몰,
14807990,G.SKILL Z5i,,81600,50몰,
14830772,ANIX M6509 MINI,,30620,26몰,
14837864,be quiet HDD CAGE 서린,,9000,4몰,
14837960,be quiet PSU SHROUD for DARK BASE PRO 900 서린,,32890,57몰,
14840138,Fractal Design Define R6 강화유리,블랙,226000,1몰,
14903585,Antec NX200M MESH 강화유리,블랙,37740,41몰,
14916101,잘만 N3 FM 강화유리,블랙,38070,55몰,
14920292,2MONS 4U D650 핫스왑-16,,405000,38몰,
14920439,2MONS 4U D650 HD-28,,176000,3몰,
14922485,AONE PCI-E 3.0 16X 300mm 라이저케이블,블랙,23900,26몰,
14924150,잘만 Z1 PLUS 강화유리,,53810,42몰,
14930405,마이크로닉스 GH3-TROIKA 강화유리,,55500,5몰,
14976353,쿨러마스터 ELITE 500 강화유리,블랙,78000,36몰,
14990672,SilverStone SST-RC05B-220 라이저 케이블,,68690,37몰,
15024860,Fractal Design Torrent TG Clear Tint 강화유리,화이트,339000,9몰,
15025229,Fractal Design Torrent Solid,블랙,241340,35몰,
15031841,MSI MAG 뱀파이어 300R,,90000,2몰,
15043808,MSI MPG 벨록스 100R,블랙,109570,3몰,
15050393,앱코 SUITMASTER P1000 강화유리,화이트,59000,65몰,
15063971,앱코 NCORE G30 트루포스,화이트,52680,111몰,
15118730,Antec P120 CRYSTAL,화이트,139020,43몰,
15164108,리안리 O11DMINI-1X-4,화이트,97000,26몰,
15319016,앱코 NCORE S10M 사일런티 II,화이트,44500,5몰,
15407192,아이구주 HATCH 1 야인,블랙,24790,74몰,
15407204,아이구주 HATCH 1 야인,화이트,25800,4몰,
15437438,ANIX M6832GW 미니,,33460,10몰,
15437651,ANIX S616LP,,32540,26몰,
15440441,AMAQUEST V4-590 4GPU 4U 랙마운트,,404000,40몰,
15470654,SilverStone SETA SST-SEQ1B,,220400,34몰,
15491819,AMAQUEST AM-550N PLUS 4U 랙마운트,,147990,43몰,
15511661,쿨러마스터 MasterAccessory Riser Cable PCIe4.0 x16,200mm,91990,22몰,
15511673,쿨러마스터 MasterAccessory Riser Cable PCIe4.0 x16,300mm,96990,32몰,
15539957,써멀테이크 Core P6 강화유리,블랙,218000,27몰,
15558575,아이구주 VENTI D1000,블랙,81900,4몰,
15690299,쿨러마스터 MasterBox NR200P MAX,,547660,41몰,
15708788,COUGAR DUST2,데저트 샌드,99000,35몰,
15726461,컴퓨터광장 채굴용 오픈케이스 ver.2,,26390,34몰,
15738686,3RSYS R200,블랙,35400,91몰,
15738857,3RSYS R200,화이트,39600,89몰,
15746174,DEEPCOOL CG560,,75120,42몰,
15794921,리안리 PC-O11D XL LOL 영혼의 꽃 아리 에디션,,314000,83몰,
15803354,잘만 Z1 아이스버그,블랙,53760,3몰,
15823037,3RSYS L600,블랙,82000,85몰,
15823055,3RSYS L600,화이트,86000,4몰,
15840551,SilverStone SST-ALTA F1 STCOM,블랙,155680,48몰,
15894449,앱코 SUITMASTER H2000 스마트 쿨링,화이트,78000,52몰,
15906290,마이크로닉스 COOLMAX BANSHEE,,43500,1몰,
15912644,SilverStone SST-SG16W 아이보라,,99590,46몰,
15931955,잘만 N3 FM 강화유리,화이트,41240,57몰,
15963779,몬스타 MOD7 PLUS,시크블랙,149000,4몰,
15963782,몬스타 MOD7 PLUS,모던화이트,149000,3몰,
15983618,PNC PARTNER EVEREST PCI-E 1x to 16X 009S-PLUS LED 라이저카드,,7470,2몰,
16079039,Antec DF800 FLUX MESH 강화유리,블랙,112250,43몰,
16121369,쿨러마스터 HAF 500,블랙,118960,45몰,
16121708,쿨러마스터 HAF 500,화이트,125390,46몰,
16128968,CORSAIR iCUE 5000X RGB QL Edition,트루 화이트,412170,50몰,
16139177,DEEPCOOL CK560,블랙,117980,37몰,
16139204,DEEPCOOL CK560,화이트,122980,38몰,
16144583,DAVEN KAISER AIR 강화유리,블랙,79630,3몰,
16144622,DAVEN KAISER AIR 강화유리,화이트,53160,92몰,
16154180,케이엘시스템 KLcom 채굴용 라이저카드 PCI-E 1x to 16x VER 009S,,3000,27몰,
16177940,쿨러마스터 MasterBox 500,블랙,61560,35몰,
16178162,쿨러마스터 MasterBox TD300 Mesh,블랙,61820,28몰,
16178309,쿨러마스터 MasterBox TD300 Mesh,화이트,65510,39몰,
16185371,앱코 G20M 미니킬러,화이트,36630,7몰,
16282388,아이구주 V-CUBE,,69000,42몰,
16298882,마이크로닉스 LO1- FINO Plus,,51900,8몰,
16327118,CORSAIR iCUE 4000D RGB AIRFLOW QL Edition,트루 화이트,251870,54몰,
16329788,JONSBO T8 PLUS,블랙,138980,73몰,
16329815,JONSBO T8 PLUS,실버,136060,75몰,
16336322,써멀테이크 Divider 200 TG Snow Micro,,157000,4몰,
16336736,써멀테이크 Divider 200 TG Air Black Micro,,149200,2몰,
16336760,써멀테이크 Divider 200 TG Air Snow Micro,,157000,1몰,
16338701,리안리 PC-O11D EVO 애디셔널 IO 킷,블랙,27490,47몰,
16338725,리안리 PC-O11D EVO 애디셔널 IO 킷,화이트,27490,53몰,
16338776,리안리 PC-O11D EVO 업라이트 GPU 킷,화이트,94200,1몰,
16338878,리안리 PC-O11D EVO 탑 패널 IO 킷,그레이,18890,65몰,
16339061,리안리 PC-O11D EVO 프론트 메쉬 킷,블랙,26890,35몰,
16384043,HYTE Revolt 3,블랙,174300,76몰,
16384217,HYTE Revolt 3,화이트,174300,78몰,
16387049,GEO메트릭퓨처 Model8 로한,블랙,119290,1몰,
16387082,GEO메트릭퓨처 Model8 로한,화이트,130890,51몰,
16407032,Fractal Design Torrent Compact Black Solid,,222980,31몰,
16407419,Fractal Design Torrent Nano Black Solid,,173000,6몰,
16407467,Fractal Design Torrent Nano Black TG Dark Tint,,179550,94몰,
16407632,Fractal Design Torrent Nano White TG Clear Tint,,187830,6몰,
16413707,CORSAIR iCUE 5000T RGB,블랙,525080,53몰,
16413866,CORSAIR iCUE 5000T RGB,화이트,525080,52몰,
16413920,CORSAIR iCUE LC100 Case Accent Lighting Panels,Starter Kit,134280,51몰,
16414049,CORSAIR iCUE LC100 Case Accent Lighting Panels,Expansion Kit,160000,2몰,
16430159,앱코 SUITMASTER 930Z 건틀렛,,126000,2몰,
16435712,오존컴퍼니 마이크로박스 ITX ALU USB2.0 알루미늄 케이스,,41000,15몰,
16435757,오존컴퍼니 마이크로박스 ITX ALU USB3.0 알루미늄 케이스,,42000,16몰,
16445945,마이크로닉스 Glory,,31200,126몰,
16483829,3RSYS L300 코드,블랙,42000,63몰,
16483853,3RSYS L300 코드,화이트,43500,62몰,
16503638,ALPHACOOL SERVERRACK ES 4U 19형,,582690,32몰,
16516295,리안리 A4-H2O,실버,268000,5몰,
16526645,라벤타 8-12WAY 마이닝 케이스,,32000,3몰,
16541072,마이크로닉스 GL1 모타,,36500,72몰,
16541294,darkFlash DK1000 MESH 강화유리,화이트,69090,137몰,
16542008,darkFlash DK1000 MESH 강화유리,블랙,64070,134몰,
16545083,Phanteks SHIFT XT,GS,256000,27몰,
16555925,GEO메트릭퓨처 Model6 세잔,,82380,51몰,
16555982,GEO메트릭퓨처 Model6 달리,,79970,52몰,
16556030,GEO메트릭퓨처 Model6 반고흐,,93490,52몰,
16604054,앱코 SUITMASTER V2000 베놈 ARGB,화이트,56680,58몰,
16663688,앱코 SUITMASTER V3000 베놈 ARGB,블랙,61480,49몰,
16676309,darkFlash DK210 그래피티 ARGB 강화유리,,64320,71몰,
16687646,앱코 SUITMASTER V3000 베놈 ARGB,화이트,127600,2몰,
16710428,마이크로닉스 GM3-문,,46000,88몰,
16833815,darkFlash VB-X 4.0 라이저 케이블 지지대 KIT,화이트,68000,2몰,
16850843,3RSYS L920 SWING DOOR,블랙,120730,24몰,
16850870,3RSYS L920 SWING DOOR,화이트,123000,50몰,
16859912,HYTE Y60,블랙,268980,67몰,
16859927,HYTE Y60,화이트,262290,67몰,
16869143,써멀테이크 Versa T26 TG ARGB,,131990,17몰,
16869404,써멀테이크 Versa T27 TG ARGB,,131990,18몰,
16900727,앱코 G40 시그니처,블랙,59900,9몰,
16900748,앱코 G40 시그니처,화이트,55500,88몰,
16901807,HYTE Y60,레드,269000,29몰,
16902230,써멀테이크 TT Premium PCI 4.0 Extender,600mm,118000,7몰,
16902581,써멀테이크 DIVIDER 550 TG Ultra,,308380,20몰,
16910258,리안리 PC-O11D EVO 업라이트 GPU 브라켓,화이트,9900,24몰,
16983374,2MONS 2U D550 PLUS 핫스왑-3,,201000,35몰,
16983740,2MONS 4U 멀티 D500 핫스왑-4,,219770,47몰,
17000354,피닉스CNS 지니어스 M-701,,19000,30몰,
17000444,피닉스CNS 지니어스 M-707,,19490,32몰,
17000510,피닉스CNS 지니어스 M-707 RGB,,21790,33몰,
17006102,JONSBO VR3 PCIe 4.0,블랙,195690,59몰,
17015456,darkFlash DF7100 MESH 강화유리,,264140,1몰,
17030096,Phanteks P600S,매트 화이트,281990,23몰,
17030141,Phanteks EVOLV X,매트 화이트,374000,33몰,
17030348,Phanteks VERTICAL GPU RISER EXTENDER PCIe 4.0,Flatline 150mm/90,89990,22몰,
17030387,Phanteks VERTICAL GPU RISER EXTENDER PCIe 4.0,Flatline 220mm/90,89990,27몰,
17030969,Phanteks VERTICAL GPU KIT 4.0,,106000,25몰,
17033048,Antec P10 C SILENT,,116780,73몰,
17076743,Fractal Design USB-C 10Gbps Cable Model E,,17130,67몰,
17093102,DAVEN D10 강화유리,블랙,40500,1몰,
17093132,DAVEN D10 강화유리,화이트,44500,1몰,
17130326,아이구주 HATCH 2 소이,블랙,62900,1몰,
17185946,잘만 Z10,,83980,49몰,
17192498,잘만 Z10 PLUS,블랙,94070,86몰,
17192525,잘만 Z10 DUO,블랙,115990,61몰,
17224280,Antec NX200M RGB MESH 강화유리,,39000,62몰,
17234591,잘만 N4 CTRL,,43220,53몰,
17308433,써멀테이크 The Tower 500 TG,블랙,222000,9몰,
17308448,써멀테이크 The Tower 500 TG,스노우,221990,19몰,
17334362,써멀테이크 DIVIDER 170 ARGB TG,블랙,100800,19몰,
17334371,써멀테이크 DIVIDER 170 ARGB TG,스노우,100800,15몰,
17334425,써멀테이크 DIVIDER 370 ARGB TG,블랙,153990,16몰,
17334437,써멀테이크 DIVIDER 370 ARGB TG,스노우,154000,2몰,
17353112,ASUS PRIME AP201,블랙,100290,62몰,
17353130,ASUS PRIME AP201,화이트,106000,35몰,
17356964,Fractal Design Pop Air RGB Clear 강화유리 Core,오렌지,152980,25몰,
17356982,Fractal Design Pop Air RGB Clear 강화유리 Core,그린,152990,52몰,
17357018,Fractal Design Pop Air RGB Clear 강화유리 Core,시안,152990,31몰,
17357036,Fractal Design Pop Air RGB Clear 강화유리 Core,마젠타,152990,30몰,
17357096,Fractal Design Pop Air RGB Clear 강화유리,블랙,155990,57몰,
17357132,Fractal Design Pop Air RGB Clear 강화유리,화이트,156000,4몰,
17357537,Fractal Design Pop Air Clear 강화유리,블랙,137140,25몰,
17357669,Fractal Design Pop Air Solid,블랙,141710,64몰,
17357819,Fractal Design Pop XL Air RGB Clear 강화유리,블랙,188980,44몰,
17357855,Fractal Design Pop XL Air RGB Clear 강화유리,화이트,188990,30몰,
17357972,Fractal Design Pop Mini Air RGB Clear 강화유리,블랙,152990,73몰,
17357984,Fractal Design Pop Mini Air RGB Clear 강화유리,화이트,155490,76몰,
17358986,Fractal Design Pop Silent Clear 강화유리,블랙,142980,22몰,
17359076,Fractal Design Pop Silent Solid,블랙,141700,69몰,
17359157,Fractal Design Pop XL Silent Solid,블랙,172990,84몰,
17359220,Fractal Design Pop Mini Silent Solid,블랙,141510,112몰,
17359325,Fractal Design Pop Mini Silent Clear 강화유리,블랙,141710,64몰,
17359469,Fractal Design USB-C 10Gbps Cable Model D,,17360,66몰,
17359541,Fractal Design SSD Bracket Kit Type D,,13880,50몰,
17362415,SilverStone SST-GD11B 아이보라,,188510,61몰,
17382209,Antec CANNON,,649000,1몰,
17387444,Antec DF800 FLUX MESH 강화유리,화이트,123910,47몰,
17396630,darkFlash V4.0 라이저 케이블,215mm,55390,58몰,
17409059,3RSYS L600 Quiet,블랙,87550,131몰,
17409083,3RSYS L600 Quiet,화이트,91600,119몰,
17421899,KRAFT KOREA R6,블랙,42990,33몰,
17433503,3RSYS J740 Quiet,화이트,71600,63몰,
17451719,마이크로닉스 GX2-뉴런 글래스,,112000,58몰,
17456618,KRAFT KOREA THANOS RGB 강화유리,블랙,100990,44몰,
17458325,KRAFT KOREA THANOS RGB 강화유리,화이트,103390,45몰,
17472191,DAVEN THE KING ARGB 강화유리,화이트,90000,4몰,
17477087,Phanteks G360A DRGB,블랙,143890,28몰,
17477102,Phanteks G360A DRGB,매트 화이트,161310,34몰,
17484737,리안리 RB-001,,12790,65몰,
17484743,3RSYS S700 HNK,블랙,69500,9몰,
17484746,3RSYS S700 HNK,화이트,72000,32몰,
17485355,be quiet WINDOW SIDE PANEL for DARK BASE 900,,42000,47몰,
17525390,darkFlash DLX200 MESH RGB 강화유리,블랙,119000,3몰,
17525405,darkFlash DLX200 MESH RGB 강화유리,화이트,125000,4몰,
17552036,DEEPCOOL CH510,화이트,93670,66몰,
17570285,써멀테이크 Tower 100,메탈릭 골드,99000,1몰,
17584163,darkFlash VB-X 4.0 라이저 케이블 지지대 KIT 215mm,블랙,64960,87몰,
17584208,darkFlash VB-X 4.0 라이저 케이블 지지대 KIT 215mm,화이트,63990,83몰,
17584226,darkFlash VB-X 4.0 라이저 케이블 지지대 KIT 215mm,네오민트,64440,56몰,
17584232,darkFlash VB-X 4.0 라이저 케이블 지지대 KIT 215mm,핑크,66020,66몰,
17641271,Fractal Design Define 7 Nano,블랙,292000,1몰,
17641316,Fractal Design Define 7 Nano Light 강화유리,블랙,184130,1몰,
17642054,Fractal Design Meshify 2 Nano Clear 강화유리,화이트,184120,3몰,
17661059,리안리 LANCOOL III,블랙,199000,1몰,
17661089,리안리 LANCOOL III,화이트,210770,65몰,
17661149,리안리 LANCOOL III RGB,블랙,202500,85몰,
17661170,리안리 LANCOOL III RGB,화이트,228990,102몰,
17669537,darkFlash DF7100 VB-F 4.0 라이저 케이블 지지대 KIT,,67700,3몰,
17671142,써멀테이크 View 300 MX,블랙,216000,1몰,
17671175,써멀테이크 View 300 MX,스노우,216000,1몰,
17672048,쿨러마스터 MasterBox 520 Mesh,화이트,76800,32몰,
17676842,Phanteks NEO QUBE 2 DRGB,블랙,203790,33몰,
17676848,Phanteks NEO QUBE 2 DRGB,화이트,203790,34몰,
17676860,Phanteks NEO QUBE 2 DRGB IM,블랙,256190,34몰,
17676863,Phanteks NEO QUBE 2 DRGB IM,화이트,256190,33몰,
17701940,컴이지 킹덤 AIR Mini RGB,,22210,60몰,
17711525,Fractal Design Focus 2 RGB TG Clear Tint,블랙,137990,27몰,
17711627,잘만 i3 NEO,블랙,54710,4몰,
17739239,3RSYS R10 아트오브제 01,블랙,95000,6몰,
17764370,앱코 SUITMASTER P3000 제우스 ARGB,화이트,85250,2몰,
17780918,아이구주 PRAY 30 PLUS,블랙,49000,60몰,
17783126,darkFlash DK360 MESH RGB 강화유리,블랙,47000,5몰,
17783147,darkFlash DK360 MESH RGB 강화유리,화이트,51490,79몰,
17791067,마이크로닉스 COOLMAX HEAVEN,블랙,18710,104몰,
17791136,마이크로닉스 COOLMAX HEAVEN,화이트,22000,9몰,
17865728,이엠텍 레드빗 OPTIMIZER A TYPE,,256750,5몰,
17865833,이엠텍 레드빗 OPTIMIZER B TYPE,,293180,64몰,
17892632,주연테크 CG2 LIONINE TURBO,,53690,35몰,
17907020,쿨러마스터 COSMOS C700M,화이트,750000,40몰,
17916311,오존컴퍼니 마이크로박스 ALU COOL47 알루미늄 케이스,,66000,18몰,
17951918,DAVEN 라피네,,15320,82몰,
17954243,darkFlash DS2000 MESH 강화유리,블랙,91970,82몰,
17954255,darkFlash DS2000 MESH 강화유리,화이트,94870,84몰,
17973449,AONE PCI-E 4.0 16X 300mm 라이저케이블,블랙,39000,1몰,
17976170,3RSYS S100 Quiet,화이트,72700,56몰,
17976938,darkFlash DK110,,18370,104몰,
17982779,SSUPD MESHROOM S,파슬 그레이,229000,74몰,
17982806,SSUPD MESHROOM S,차콜 블랙,191310,1몰,
17982827,SSUPD MESHROOM S,세이지 그린,229000,65몰,
17989769,몬스타 LINKUP PCIe 4.0 AVA 라이저 키트,,109000,2몰,
17989919,darkFlash LP20 ARGB PANEL,블랙,14380,82몰,
17989952,darkFlash LP20 ARGB PANEL,화이트,14380,82몰,
17990840,2MONS 엘포즈8 Type C,,39000,49몰,
17999627,SSUPD MESHROOM 알루미늄 피트 3cm,,34800,33몰,
18019721,아이구주 VENTI D1000,화이트,48900,71몰,
18053684,darkFlash DK200 RGB ADVANCED 강화유리,블랙,36490,95몰,
18053717,darkFlash DK200 RGB ADVANCED 강화유리,화이트,40970,98몰,
18147938,아이구주 PRAY 30 PLUS,화이트,54500,84몰,
18190976,darkFlash DS5000 MESH 강화유리,블랙,122010,111몰,
18190991,darkFlash DS5000 MESH 강화유리,화이트,126970,108몰,
18212909,DAVEN D6 MESH 강화유리,블랙,39800,136몰,
18212936,DAVEN D6 MESH 강화유리,화이트,44550,121몰,
18252827,COX G100 에스퍼,화이트,52000,1몰,
18294488,Fractal Design Ridge,블랙,235600,57몰,
18294494,Fractal Design Ridge,화이트,235600,49몰,
18316997,AMAQUEST K500-4GPU WC,,138750,52몰,
18317075,AMAQUEST K230RV,,93200,53몰,
18336293,HP 5.25 베이 필러,,14900,1몰,
18371330,DEEPCOOL QUADSTELLAR INFINITY,,497000,58몰,
18372062,써멀테이크 Core P3 TG PRO,블랙,207000,3몰,
18372071,써멀테이크 Core P3 TG PRO,스노우,201490,44몰,
18382964,ASUS TUF Gaming GT502,블랙,222000,28몰,
18396788,ASUS TUF Gaming GT502,화이트,221250,36몰,
18412277,Fractal Design Torrent RGB TG Clear Tint,화이트,431700,1몰,
18412304,Fractal Design Torrent Nano RGB TG Clear Tint,화이트,187030,9몰,
18412478,앱코 SUITMASTER U1000 ONE ARGB,블랙,92000,59몰,
18412487,앱코 SUITMASTER U1000 ONE ARGB,화이트,92000,59몰,
18419840,BRAVOTEC GUARDIAN 3100M V2 타이탄 글래스,블랙,86610,101몰,
18448688,Fractal Design North Mesh,차콜 블랙,246490,90몰,
18448706,Fractal Design North Mesh,초크 화이트,248360,85몰,
18448748,Fractal Design North TG Dark Tint,차콜 블랙,248990,62몰,
18448790,Fractal Design North TG Clear Tint,초크 화이트,248360,62몰,
18449441,BRAVOTEC GUARDIAN 3100M V2 타이탄 글래스,화이트,95600,117몰,
18515747,darkFlash DS5000 전면 강화유리 KIT,블랙,14380,71몰,
18515759,darkFlash DS5000 전면 강화유리 KIT,화이트,14380,71몰,
18538847,리안리 LANCOOL 216 RGB,화이트,138010,1몰,
18564095,3RSYS S401 Quiet,블랙,89000,1몰,
18570371,Phanteks G500A DRGB,블랙,270000,33몰,
18570377,Phanteks G500A DRGB,매트 화이트,270000,27몰,
18578447,DEEPCOOL CH370,블랙,81330,87몰,
18578462,DEEPCOOL CH370,화이트,88980,84몰,
18581042,잘만 Z10 PLUS,화이트,99930,109몰,
18587240,COOLMAI Simple OFFice,,33000,16몰,
18631685,앱코 C11 배럭2,,22960,64몰,
18637904,JONSBO D31 MESH SCREEN,블랙,138980,69몰,
18637934,JONSBO D31 MESH SCREEN,화이트,145760,70몰,
18642944,리안리 LAN216-1X ARGB Control & USB Module,블랙,20590,58몰,
18642950,리안리 LAN216-1W ARGB Control & USB Module,화이트,17200,64몰,
18684122,앱코 C20 크리스탈,화이트,30200,3몰,
18697988,오존컴퍼니 마이크로박스 COOL GL MINI,,37000,20몰,
18728303,Antec P20C ELITE 6FAN METAL MESH 강화유리,블랙,112000,55몰,
18728459,Antec P20CE ELITE 6FAN METAL MESH SOLID,,111990,83몰,
18750473,GEO메트릭퓨처 Model4 킹 아서,블랙,85590,58몰,
18750509,GEO메트릭퓨처 Model4 킹 아서,화이트,86490,55몰,
18765194,큐닉스그룹 큐닉스 INFINITY M,블랙,300000,1몰,
18769955,darkFlash DNX700 MESH RGB,블랙,66490,102몰,
18769988,darkFlash DNX700 MESH RGB,화이트,71270,103몰,
18826856,써멀테이크 Ceres 500 TG ARGB,블랙,227000,18몰,
18826883,써멀테이크 Ceres 500 TG ARGB,스노우,227000,20몰,
18846299,HYTE Y40,블랙,200000,81몰,
18846341,HYTE Y40,화이트,208990,70몰,
18854135,피닉스CNS 아르페지오 미니 강화유리,블랙,28210,37몰,
18854162,피닉스CNS 아르페지오 미니 강화유리,화이트,33700,37몰,
18878549,오존컴퍼니 마이크로박스 THIN ITX Tiny,,39000,24몰,
18918626,CORSAIR 4000D RGB AIRFLOW,블랙,185730,61몰,
18918650,CORSAIR 4000D RGB AIRFLOW,트루 화이트,180000,68몰,
18918815,CORSAIR 5000D RGB AIRFLOW,블랙,283960,54몰,
18918830,CORSAIR 5000D RGB AIRFLOW,트루 화이트,309000,1몰,
18922775,darkFlash DNM600 MESH RGB,화이트,48270,80몰,
18922919,darkFlash DNM600 MAX MESH RGB,화이트,81000,1몰,
18961142,2MONS 4U D650 핫스왑-8 워터쿨,,330000,54몰,
18963626,마이크로닉스 PCIE 4.0 라이저 케이블,100mm,45620,53몰,
18963641,마이크로닉스 PCIE 4.0 라이저 케이블,200mm,48480,59몰,
19043984,SilverStone SST-RM42-502B,,306400,19몰,
19073519,3RSYS R260,블랙,42350,79몰,
19073543,3RSYS R260,화이트,46200,80몰,
19105625,1stPlayer T5,블랙,55000,11몰,
19107038,1stPlayer Mi6 MUSIC BAR,블랙,76990,70몰,
19107068,1stPlayer Mi6 MUSIC BAR,화이트,81990,73몰,
19108916,1stPlayer SP5,블랙,66430,76몰,
19108943,1stPlayer SP5,화이트,73000,10몰,
19109225,1stPlayer SP5-G,블랙,67000,64몰,
19109243,1stPlayer SP5-G,화이트,78000,2몰,
19109372,1stPlayer SP6 MUSIC BAR,블랙,75530,75몰,
19109408,1stPlayer SP6 MUSIC BAR,화이트,80080,76몰,
19109480,1stPlayer SP6-G MUSIC BAR,블랙,83000,10몰,
19109501,1stPlayer SP6-G MUSIC BAR,화이트,80080,74몰,
19109630,1stPlayer SP7,블랙,109000,1몰,
19109651,1stPlayer SP7,화이트,91030,68몰,
19135712,3RSYS R150,블랙,28600,94몰,
19139711,리안리 LAN216-2X Dust Filter KIT,블랙,8900,42몰,
19176308,리안리 LAN3-1X Dust Filter Kit,블랙,14390,78몰,
19176332,리안리 LAN3-1W Dust Filter Kit,화이트,14390,71몰,
19183175,CORSAIR 5000 Series Wooden Panels,Sapele,114480,49몰,
19277042,Antec AX61 ELITE MESH 강화유리,,52780,60몰,
19278527,HYTE Y60,스노우 화이트,259000,101몰,
19299965,써멀테이크 LCD Panel Kit,블랙,171500,2몰,
19300001,써멀테이크 LCD Panel Kit,스노우,171500,2몰,
19317575,BRAVOTEC 트레저 X10 AERO,블랙,88980,62몰,
19317608,BRAVOTEC 트레저 X10 AERO,화이트,95520,59몰,
19389065,쿨러마스터 MasterBox TD500 Mesh V2,화이트,89400,36몰,
19448738,쿨러마스터 Vertical Graphics Card Holder Kit V3,블랙,125490,37몰,
19448786,쿨러마스터 Vertical Graphics Card Holder Kit V3,화이트,139780,1몰,
19583933,DAVEN D4 MESH,블랙,34990,90몰,
19637231,NZXT H7 Elite RGB,매트 블랙,336250,2몰,
19672418,마이크로닉스 EH1-몬드리안,화이트,69000,5몰,
19683875,SilverStone SST-RMS06-22,,77300,16몰,
19691387,마이크로닉스 EM1-Woofer + Classic II Bronze 750W 핑크 패키지,,128400,1몰,
19701731,Antec PERFORMANCE 1 FT MESH 강화유리,블랙,214840,52몰,
19743740,마이크로닉스 EH1-몬드리안,블랙,69000,106몰,
19814957,잘만 T3 PLUS,,28310,71몰,
19826405,ASUS ROG Hyperion GR701,블랙,677760,24몰,
19869497,2MONS 4U D470 GPU-4 워터쿨,,180000,55몰,
19881209,3RSYS R150,화이트,30700,98몰,
19975976,Antec NX200M MESH 강화유리,화이트,38990,53몰,
20031230,3RSYS T700 Quiet,블랙,99000,3몰,
20031641,3RSYS T700 Quiet,화이트,67780,50몰,
20050019,Phanteks NV7,블랙,326990,25몰,
20050028,Phanteks NV7,매트 화이트,326990,25몰,
20070125,SilverStone SETA SST-SED1-B 아이보라,,193800,13몰,
20095148,Antec PCI-E 4.0 라이저 케이블,"화이트, 200mm",53300,3몰,
20095157,Antec PCI-E 4.0 라이저 케이블,"화이트, 300mm",63830,1몰,
20095184,Antec PCI-E 4.0 라이저 케이블 KIT,"블랙, 200mm",62330,23몰,
20095187,Antec PCI-E 4.0 라이저 케이블 KIT,"화이트, 200mm",69500,4몰,
20095337,RAIJINTEK PAEAN C7 TG4 케이스,화이트,89000,1몰,
20095373,RAIJINTEK PAEAN C7 TG4 케이스,블랙,99000,1몰,
20120318,SilverStone SST-ALF2B-G 아이보라,블랙,1200910,12몰,
20125154,CORSAIR Premium PCIe 4.0x16 Extension Cable,300mm,94190,18몰,
20136845,잘만 i6,블랙,65440,59몰,
20136848,잘만 i6,화이트,75340,61몰,
20136923,잘만 N7,블랙,42780,43몰,
20162585,앱코 ABKONCORE C610S,,36120,35몰,
20163113,앱코 ABKONCORE HELIOS H500G SYNC,,62360,49몰,
20164172,앱코 ABKONCORE R760 SYNC,,197000,36몰,
20218466,Phanteks VERTICAL GPU KIT 4.0 WT,,104880,39몰,
20218475,Phanteks VERTICAL GPU RISER EXTENDER PCIe 4.0 WT,Flatline 220mm/90,89990,38몰,
20220104,3RSYS S403 Quiet,블랙,71000,1몰,
20220176,3RSYS S403 Quiet,화이트,76000,1몰,
20225990,2MONS 4U HQ D450 GPU-4,,77350,50몰,
20229629,1stPlayer Mi8,블랙,87490,66몰,
20229998,잘만 i3 NEO TG,블랙,67690,84몰,
20230046,잘만 i3 NEO TG,화이트,73090,87몰,
20255537,darkFlash DF2100 MESH RGB 강화유리,화이트,54120,47몰,
20255585,COOLMAI Magic Miror,블랙,73000,1몰,
20255591,COOLMAI Magic Miror,화이트,77000,1몰,
20255684,COOLMAI icafe no.1,블랙,52000,1몰,
20255690,COOLMAI icafe no.1,화이트,55000,1몰,
20304770,CORSAIR 2000D AIRFLOW,화이트,198990,1몰,
20305370,CORSAIR iCUE 2000D RGB AIRFLOW,화이트,109000,51몰,
20305394,CORSAIR iCUE 2000D RGB AIRFLOW,블랙,109000,49몰,
20344577,Fractal Design Terra,실버,338190,86몰,
20344595,Fractal Design Terra,제이드,338190,84몰,
20344610,Fractal Design Terra,그라파이트,355980,96몰,
20461073,마이크로닉스 MANIC GM4-윙,,56420,86몰,
20504855,darkFlash DLX4000 GLASS,블랙,33000,95몰,
20504921,darkFlash DLX4000 GLASS,화이트,39000,91몰,
20516348,잘만 i3 NEO,화이트,56400,91몰,
20516606,DEEPCOOL CH560,화이트,128980,70몰,
20516747,DEEPCOOL CH560 DIGITAL,블랙,142000,2몰,
20516759,DEEPCOOL CH560 DIGITAL,화이트,151980,73몰,
20555807,JONSBO C6 HANDLE,블랙,64980,24몰,
20592965,MSI MPG 벨록스 100R,화이트,103390,86몰,
20598131,DAVEN V200,블랙,19920,102몰,
20598152,DAVEN V200,화이트,22980,57몰,
20639660,PCCOOLER PLATINUM LM300 ARGB,블랙,39900,7몰,
20639669,PCCOOLER PLATINUM LM300 ARGB,화이트,42660,73몰,
20674661,Antec NX500M MESH 강화유리,,41000,1몰,
20685455,DAVEN V300,블랙,38570,90몰,
20737172,앱코 ABKONCORE R850 SYNC,,170200,41몰,
20779499,1stPlayer Mi6,화이트,69990,64몰,
21464180,KRAFT KOREA STARK PRO RGB,화이트,141990,54몰,
21488789,써멀테이크 The Tower 200 TG,스노우,165640,4몰,
21496067,잘만 i4,블랙,57690,71몰,
21522878,darkFlash DF5000 MESH ARGB 강화유리,화이트,68250,48몰,
21548477,1stPlayer MV8,블랙,73990,64몰,
21548498,1stPlayer MV8,화이트,73990,19몰,
21583037,앱코 SUITMASTER U3000 갤러리 ARGB 강화유리,블랙,100710,81몰,
21583046,앱코 SUITMASTER U3000 갤러리 ARGB 강화유리,화이트,111700,76몰,
21595940,AMAQUEST PCI-E 4.0 라이저 케이블,190mm,42390,38몰,
21625646,DAVEN APEX MESH 강화유리,블랙,42000,1몰,
21625649,DAVEN APEX MESH 강화유리,화이트,53000,1몰,
21674921,Phanteks G300A TRIPLE FAN EDITION,,100100,41몰,
21685748,CORSAIR 3000D RGB AIRFLOW Tempered Glass,블랙,102000,64몰,
21685772,CORSAIR 3000D RGB AIRFLOW Tempered Glass,화이트,102000,73몰,
21696707,KRAFT KOREA STARK IMPACT,화이트,132490,51몰,
21699143,KRAFT KOREA STARK IMPACT,블랙,132990,50몰,
24138818,앱코 V30 스퀘어 강화유리,,36000,90몰,
25219253,GAMDIAS NESO P1,블랙,189050,12몰,
25219676,GAMDIAS NESO P1,화이트,198990,49몰,
25220138,GAMDIAS NESO P1,블랙화이트,198500,69몰,
25253477,써멀테이크 CTE C750 Air,스노우,299000,1몰,
25264844,2MONS 4U D650 HD-28 워터쿨,,166000,44몰,
25642133,앱코 SUITMASTER B4000 스토리지 마스터 강화유리,,423560,2몰,
25763492,GAMDIAS ATHENA P1,,129600,1몰,
25767554,GAMDIAS ATHENA P1 LITE,,69900,4몰,
26446799,800 G5 TWR 먼지필터,,7000,1몰,
26516222,앱코 ABKONCORE AL700 SYNC,,90000,49몰,
27268151,darkFlash DS200 강화유리,블랙,40600,66몰,
27268553,darkFlash DS200 강화유리,화이트,42400,69몰,
27475526,MONTECH SKY TWO ARGB 강화유리,블루,118960,61몰,
27477173,1stPlayer Mi8 WING,화이트,176560,1몰,
27499652,리안리 PC-O11D EVO XL,블랙,403740,76몰,
27499688,리안리 PC-O11D EVO XL,화이트,417990,97몰,
27526658,쿨러마스터 MasterAccessory GEM,블랙,39460,48몰,
27526691,쿨러마스터 MasterAccessory GEM,화이트,39460,47몰,
27527177,BITFENIX TRACERY,블랙,79860,31몰,
27527207,BITFENIX TRACERY,화이트,87990,58몰,
27601835,KRAFT KOREA VISTA RGB 강화유리,화이트,79990,53몰,
27664790,MONTECH AIR 1000 PREMIUM 강화유리,블랙,89000,1몰,
27664805,MONTECH AIR 1000 PREMIUM 강화유리,화이트,97980,58몰,
27672776,3RSYS J500,블랙,41880,2몰,
27672788,3RSYS J500,화이트,45500,93몰,
27678284,잘만 P30,화이트,96240,113몰,
27678524,잘만 Z9 아이스버그 MS,블랙,128980,61몰,
27678959,ASUS A21,화이트,65450,15몰,
27689909,아이구주 HATCH MIO,블랙,38380,94몰,
27689957,아이구주 HATCH MIO,화이트,36800,92몰,
27694541,Fractal Design Flex 2 PCIe 4.0 VGA 라이저 킷,화이트,115990,39몰,
27696311,컴이지 킹덤 하이브 MESH 강화유리,블랙,39000,1몰,
27757268,2MONS 5U LCD D500 워터쿨 2psu,,395000,50몰,
27762230,앱코 G21M 니트,,35500,72몰,
27812831,Antec P20C ELITE 6FAN METAL MESH 강화유리,화이트,119900,1몰,
27922283,앱코 O20M 오피스,화이트,23000,90몰,
27922328,앱코 O20M 오피스,블랙,21400,81몰,
27989039,SSUPD MESHROOM D,차콜 블랙,169000,60몰,
27989129,SSUPD MESHROOM D,스노우 화이트,169000,53몰,
28025648,3RSYS R120,블랙,27600,101몰,
28025660,3RSYS R120,화이트,29700,96몰,
28025804,3RSYS R30,블랙,19600,122몰,
28025819,3RSYS R30,화이트,21600,122몰,
28058237,SSUPD MESHROOM 알루미늄 피트 4.5cm,,38400,41몰,
28058339,GAMDIAS PCIE 4.0 라이저 케이블,"240mm, 블랙",76660,5몰,
28058369,GAMDIAS PCIE 4.0 라이저 케이블,"240mm, 화이트",79000,1몰,
28058570,앱코 G15 세이퍼 아크릴,블랙,33860,93몰,
28059506,쿨러마스터 MASTER BOX TD500 Mesh V2 Street Fighter 6 Chun-Li,,91090,68몰,
28059635,쿨러마스터 MASTER BOX TD500 Mesh V2 Street Fighter 6 Ryu,,91090,50몰,
28154438,HYTE Y40,스노우 화이트,208990,99몰,
28191794,GAMDIAS NESO P1,블랙레드,198680,59몰,
28191824,GAMDIAS NESO P1,화이트화이트,185430,66몰,
28212629,darkFlash DLM4000 GLASS,블랙,53870,71몰,
28212656,darkFlash DLM4000 GLASS,화이트,57180,16몰,
28213517,리안리 O11DEXL-1 업라이트 GPU 브라켓,블랙,12120,1몰,
28265552,CORSAIR 5000D CORE AIRFLOW,블랙,184990,3몰,
28265576,CORSAIR 5000D CORE AIRFLOW,화이트,184990,4몰,
28326653,EDDY A1 MESH 강화유리,블랙,36700,56몰,
28394378,MSI MPG 궁니르 300R 에어플로우,블랙,199000,67몰,
28399298,잘만 P30,블랙,89130,118몰,
28399385,잘만 Z9 아이스버그 MS,화이트,131090,89몰,
28418435,잘만 M4,화이트,64890,92몰,
28418531,잘만 i4,화이트,63680,96몰,
28440818,Phanteks NV5,블랙,157570,37몰,
28440824,Phanteks NV5,매트 화이트,168000,25몰,
28462436,발키리 VK02 Touch LCD 메쉬 강화유리,블랙,249000,44몰,
28513877,써멀테이크 CTE C700 Air,블랙,238000,4몰,
28513898,써멀테이크 CTE C700 Air,스노우,235000,5몰,
28561178,3RSYS R240,블랙,40700,102몰,
28561205,3RSYS R240,화이트,42700,102몰,
28605620,2MONS 4U LCD D680 GPU-6 워터쿨 2psu,,328000,52몰,
28605887,AMAQUEST V4-590 4GPU Edition,,399000,58몰,
28607507,AMAQUEST M350GPU Smart,,184300,55몰,
28857275,마이크로닉스 COOLMAX 투헤븐,,51610,2몰,
29309942,앱코 G15 세이퍼 아크릴,화이트,39900,107몰,
29311676,MSI PCI-E 4.0 X16 라이저 케이블,"180mm, 블랙",67690,73몰,
29311724,MSI PCI-E 4.0 X16 라이저 케이블,"180mm, 화이트",67690,67몰,
29371064,DAVEN M MASTER M4 CHAMBER,블랙,10000,20몰,
29392805,인네트워크 IN-N3750G 전면 거치 선반,,12900,37몰,
29655500,마이크로닉스 ANGEL MINI,,46950,139몰,
29679023,MSI MPG 궁니르 300R 에어플로우,화이트,199000,58몰,
29757155,PCCOOLER CPS C3 T500,블랙,78910,76몰,
29757200,PCCOOLER CPS C3 T500,화이트,84000,67몰,
29759999,Phanteks PREMIUM VERTICAL GPU BRACKET,블랙,151790,27몰,
29760011,Phanteks PREMIUM VERTICAL GPU BRACKET,화이트,142000,30몰,
29764037,영재컴퓨터 YJMOD DEVILRAY 6U 서버,,526290,28몰,
29822990,마이크로닉스 GH5-미다스,블랙,89000,10몰,
29823077,마이크로닉스 GH5-미다스,화이트,89420,124몰,
29876945,JONSBO TK-1,블랙,157580,76몰,
29876954,JONSBO TK-1,화이트,157580,87몰,
29905457,앱코 SUITMASTER M2000 NOVA ARGB 강화유리,블랙,74000,21몰,
29905487,앱코 SUITMASTER M2000 NOVA ARGB 강화유리,화이트,74000,82몰,
30027653,Antec PERFORMANCE 1 FT MESH 강화유리,화이트,218990,72몰,
30140324,앱코 NCORE R320 SYNC,,109450,43몰,
30141455,리안리 PC-O11D EVO XL 프론트 메쉬 킷,블랙,36790,39몰,
30228023,3RSYS S406 Quiet 리버스,블랙,134570,2몰,
30228047,3RSYS S406 Quiet 리버스,화이트,84800,108몰,
30249392,MSI MAG 포지 120A 에어플로우,,39890,116몰,
30249503,MSI MAG 포지 320R 에어플로우,블랙,59000,90몰,
30329945,리안리 PC-O11 VISION,블랙,207000,1몰,
30329966,리안리 PC-O11 VISION,화이트,219800,90몰,
30498506,EDDY M0,블랙,21700,85몰,
30498560,EDDY M0,화이트,22700,83몰,
31050638,SSUPD MESHROOM Extender 브라켓,블랙,65300,22몰,
31050650,SSUPD MESHROOM Extender 브라켓,화이트,65000,46몰,
31074701,Antec NX500M ARGB ELITE MESH 강화유리,,54000,17몰,
31285586,Phanteks NV9,매트 화이트,360000,21몰,
31286447,3RSYS R640 Quiet,블랙,90500,114몰,
31286465,3RSYS R640 Quiet,화이트,94700,115몰,
31339415,MONTECH KING 95 PRO,블랙,159000,84몰,
31339439,MONTECH KING 95 PRO,화이트,164500,85몰,
31339451,MONTECH KING 95 PRO,블루,251000,2몰,
31339514,MONTECH KING 95,블랙,161980,65몰,
31339535,MONTECH KING 95,화이트,176980,66몰,
31339550,MONTECH KING 95,블루,185980,64몰,
31408691,ASUS ProArt PA602,,369000,22몰,
31408898,ASUS ROG Hyperion GR701,화이트,709000,22몰,
31412510,앱코 O10M 오피스 라이트,블랙,17800,106몰,
31412546,앱코 O10M 오피스 라이트,화이트,20000,86몰,
31413674,darkFlash DRX70 MESH RGB 강화유리,블랙,49470,130몰,
31413680,darkFlash DRX70 MESH RGB 강화유리,화이트,51290,132몰,
31646423,앱코 G20 에픽 강화유리,블랙,33760,81몰,
31646468,앱코 G20 에픽 강화유리,화이트,39600,73몰,
31946408,GIGABYTE C301 GLASS V2,화이트,99000,1몰,
31957850,DAVEN V500,블랙,26790,78몰,
31979303,투민시스템 TS10,,27050,62몰,
31983635,DAVEN AQUA,블랙,29920,122몰,
31983662,DAVEN AQUA,화이트,35370,105몰,
31986029,앱코 G25 매그넘 강화유리,블랙,39900,73몰,
31986053,앱코 G25 매그넘 강화유리,화이트,48000,72몰,
32003387,JONSBO TK-2,블랙,137170,85몰,
32003396,JONSBO TK-2,화이트,137930,56몰,
32043569,3RSYS J540,,34650,85몰,
32043620,3RSYS S315 Quiet 리버스,블랙,76000,3몰,
32043641,3RSYS S315 Quiet 리버스,화이트,76000,78몰,
32061440,Antec NX416L ARGB MESH 강화유리,블랙,92430,85몰,
32061452,Antec NX416L ARGB MESH 강화유리,화이트,92900,82몰,
32074448,리안리 PC-O11D EVO RGB,블랙,275220,111몰,
32074469,리안리 PC-O11D EVO RGB,화이트,269000,116몰,
32102741,마이크로닉스 ML-420 BTF,블랙,137410,153몰,
32102759,마이크로닉스 ML-420 BTF,화이트,149800,146몰,
32104529,DAVEN AQUARIUM,블랙,50820,119몰,
32104556,DAVEN AQUARIUM,화이트,56520,127몰,
32127572,쿨러마스터 Ncore 100 MAX,다크 그레이,545690,60몰,
32127659,쿨러마스터 Ncore 100 MAX,브론즈,545690,56몰,
32485628,EDDY A0,블랙,26700,84몰,
32485634,EDDY A0,화이트,29700,81몰,
32861099,darkFlash DS900 ARGB 강화유리,블랙,52890,134몰,
32861129,darkFlash DS900 ARGB 강화유리,화이트,58200,151몰,
32865734,앱코 U20 큐빅 강화유리,블랙,33960,89몰,
32865761,앱코 U20 큐빅 강화유리,화이트,37500,74몰,
32919194,SilverStone RM51,,544990,38몰,
32927750,SilverStone RM400,,235990,54몰,
33037838,SilverStone RMS05-22 마이크로닉스,,133990,47몰,
33039626,SilverStone RMS06-22,,87900,51몰,
33360995,오존컴퍼니 마이크로박스 COOL MESH USB 2.0,,35000,17몰,
33361007,오존컴퍼니 마이크로박스 COOL MESH USB 3.0,,36000,15몰,
33362510,마이크로닉스 ML-420 View BTF,화이트,148090,152몰,
33439412,Antec C8 MESH,블랙,132900,92몰,
33439418,Antec C8 MESH,화이트,135900,92몰,
33484346,KRAFT KOREA VISTA Pro,화이트,108000,62몰,
33902402,EDDY A1 MESH 강화유리,화이트,43700,77몰,
33902477,몬스타 가츠 X220M,화이트,40700,101몰,
33902522,몬스타 가츠 X420A,블랙,28600,123몰,
33990845,투민시스템 TA10,,17210,71몰,
33990908,투민시스템 TA20,,18130,56몰,
34335563,AONE PCI-E 4.0 16X 250mm 라이저 케이블,블랙,38990,53몰,
34335575,AONE PCI-E 4.0 16X 250mm 라이저 케이블,화이트,55950,5몰,
34336412,앱코 SUITMASTER U3000M 갤러리 미니 리버스 ARGB BTF,블랙,69900,78몰,
34336442,앱코 SUITMASTER U3000M 갤러리 미니 리버스 ARGB BTF,화이트,74000,69몰,
34740608,2MONS 엘-미니멀,,38020,73몰,
34816706,3RSYS S402 Quiet 리버스 BTF,블랙,89000,87몰,
34816730,3RSYS S402 Quiet 리버스 BTF,화이트,97900,84몰,
34816799,바이퍼테크 VIP 6COM USB3.0,,39000,20몰,
34816853,몬스타 가츠 X520LA 리버스,화이트,55500,114몰,
35223455,1stPlayer T3 V2,블랙,54430,39몰,
35223488,1stPlayer T3 V2,화이트,55240,54몰,
35224325,잘만 P10,블랙,53280,78몰,
35224373,잘만 P10,화이트,55250,77몰,
35225318,몬스타 가츠 X320M,화이트,35500,52몰,
35225567,잘만 P30 Air BTF,블랙,92940,90몰,
35225579,잘만 P30 Air BTF,화이트,95690,87몰,
35229779,1stPlayer T7-P,블랙,38020,104몰,
35229785,1stPlayer T7-P,화이트,41300,102몰,
35233343,몬스타 가츠 X620A 리버스,화이트,55500,99몰,
35567324,GDEVIL GD3 강화유리,블랙,56240,14몰,
35569160,GDEVIL GD3 강화유리,화이트,60050,14몰,
35770283,몬스타 가츠 X320M,블랙,29570,109몰,
35805302,ASUS A21 PLUS,블랙,99000,50몰,
35805308,ASUS A21 PLUS,화이트,99000,49몰,
35810633,MONTECH KING 95 PRO,레드,600000,1몰,
35810675,MONTECH KING 95,레드,181450,63몰,
35843747,잘만 i4 TG,화이트,57980,65몰,
36155537,앱코 ABKONCORE AL1000 SYNC 강화유리,레드와인,847990,10몰,
36155783,앱코 ABKONCORE AL300M SYNC 강화유리,미드나잇블루,264990,12몰,
36155810,앱코 ABKONCORE AL300M SYNC 강화유리,로즈골드,265740,12몰,
36156659,리안리 PC-O11D EVO RGB 프론트 메쉬 킷,블랙,28790,72몰,
36156665,리안리 PC-O11D EVO RGB 프론트 메쉬 킷,화이트,28790,84몰,
36307577,몬스타 가츠 X620A 리버스,블랙,52100,110몰,
36307604,Antec PERFORMANCE 1 MESH SILENT,,195000,1몰,
36307751,ANIX ICE CUBE 강화유리,블랙,35630,59몰,
36307763,ANIX ICE CUBE 강화유리,화이트,38760,59몰,
36307802,ANIX 빙산 강화유리,블랙,51980,59몰,
36307838,ANIX 빙산 강화유리,화이트,54990,59몰,
36308180,써멀테이크 CTE E600 MX,블랙,277990,24몰,
36308186,써멀테이크 CTE E600 MX,스노우,275490,24몰,
36308210,써멀테이크 CTE E600 MX,하이드레인저 블루,278000,6몰,
36308270,리안리 PC-O11 VISION,크롬,225440,94몰,
36308360,몬스타 가츠 X520LA 리버스,블랙,52100,113몰,
36794582,BRAVOTEC SWORD S300 PATRON 타이탄 글래스,블랙,48310,90몰,
36794591,BRAVOTEC SWORD S300 PATRON 타이탄 글래스,화이트,53980,88몰,
36935618,darkFlash DK290 Air MESH RGB 강화유리,블랙,42570,19몰,
36937874,darkFlash DK290 Air MESH RGB 강화유리,화이트,46530,7몰,
37292048,darkFlash DF5000-BS MESH ARGB 강화유리,화이트,94030,80몰,
37690907,darkFlash DF5000 VB-F 4.0 라이저 케이블 지지대 KIT,블랙,45990,56몰,
37693031,darkFlash DF5000 VB-F 4.0 라이저 케이블 지지대 KIT,화이트,47970,54몰,
37930172,Antec CX200M RGB ELITE,화이트,56840,87몰,
38328545,아이구주 VENTI D2000,화이트,82000,1몰,
38454260,CORSAIR 6500D AIRFLOW,블랙,254450,97몰,
38454305,CORSAIR 6500D AIRFLOW,화이트,255520,83몰,
38454536,CORSAIR 6500X,블랙,259430,66몰,
38454563,CORSAIR 6500X,화이트,257990,92몰,
38454662,CORSAIR 6500X RGB,블랙,326990,53몰,
38454689,CORSAIR 6500X RGB,화이트,326990,62몰,
38455076,CORSAIR 2500D Airflow,블랙,188990,71몰,
38455100,CORSAIR 2500D Airflow,화이트,187790,77몰,
38455175,CORSAIR 2500X,블랙,188990,60몰,
38455181,CORSAIR 2500X,화이트,188990,38몰,
39253484,KRAFT KOREA SPECTER,블랙,137000,5몰,
39253505,KRAFT KOREA SPECTER,화이트,138000,56몰,
39614225,3RSYS S404 Quiet 리버스,블랙,67000,95몰,
39616661,3RSYS S404 Quiet 리버스,화이트,74900,94몰,
39767135,Antec CX200M RGB ELITE,블랙,57640,87몰,
40016330,Fractal Design North XL Clear 강화유리,초크 화이트,298900,25몰,
40016345,Fractal Design North XL MESH,초크 화이트,284040,103몰,
40016360,Fractal Design North XL Dark 강화유리,차콜 블랙,298980,24몰,
40016375,Fractal Design North XL MESH,차콜 블랙,284040,95몰,
40240178,EDDY A7 MESH 강화유리,블랙,79700,72몰,
40240187,EDDY A7 MESH 강화유리,화이트,89700,70몰,
40719836,Segotep P10 Endura Pro+ M,블랙,67000,8몰,
40719857,Segotep P10 Endura Pro+ M,화이트,80990,2몰,
40824866,DAVEN SIX FLOW,블랙,47080,40몰,
40826582,DAVEN SIX FLOW,화이트,53360,95몰,
40896488,1stPlayer T7,화이트,49490,61몰,
41415800,아이구주 L-CUBE,블랙,42000,2몰,
41417726,아이구주 L-CUBE,화이트,41500,57몰,
41495906,앱코 SUITMASTER M3000 뉴본 ARGB 강화유리,블랙,99000,6몰,
41495963,앱코 SUITMASTER M3000 뉴본 ARGB 강화유리,화이트,108000,63몰,
41499662,2MONS 6U LCD D680 AI 머신러닝,,454990,7몰,
41500874,몬스타 가츠 X740E,화이트,50550,99몰,
41613095,APNX Creator C1,블랙,159000,62몰,
41613173,APNX Creator C1,크로마 플레어,199000,78몰,
41613188,APNX Creator C1,화이트,169000,78몰,
41615831,Antec C3 ARGB,블랙,96920,81몰,
41615858,Antec C3 ARGB,화이트,96920,77몰,
42127208,CORSAIR 2500X RGB,블랙,284000,72몰,
42129812,CORSAIR 2500X RGB,화이트,281990,93몰,
42287291,HYTE Y70,블랙,328990,29몰,
42287327,HYTE Y70,레드,328990,28몰,
42287372,HYTE Y70,스노우 화이트,329000,37몰,
42287393,HYTE Y70,화이트,329000,29몰,
42291272,SSUPD MESHROOM S V2,차콜 블랙,176000,82몰,
42291293,SSUPD MESHROOM S V2,파슬 그레이,193660,1몰,
42291314,SSUPD MESHROOM S V2,스노우 화이트,176000,58몰,
42858077,몬스타 가츠 X520A,화이트,42100,86몰,
42858419,몬스타 가츠 X120M,블랙,20500,90몰,
42858452,몬스타 가츠 X120M,화이트,22990,99몰,
43532450,ANIX 2402,,22980,14몰,
44371118,darkFlash DBM60 MESH RGB 강화유리,화이트,48590,75몰,
44411645,몬스타 가츠 X840E,블랙,83200,103몰,
44906552,마이크로닉스 COOLMAX 버디,,19900,105몰,
44988845,선경씨앤씨 RPC-600 4U,,132500,36몰,
45022526,몬스타 가츠 X840E,화이트,82080,108몰,
45873428,Antec PCI-E 4.0 RTX40 라이저 케이블,"블랙, 200mm",57590,17몰,
45873434,Antec PCI-E 4.0 RTX40 라이저 케이블,"화이트, 200mm",64290,17몰,
46099073,Phanteks NV5 PREMIUM LED KIT,블랙,82590,42몰,
46099112,Phanteks NV5 PREMIUM LED KIT,화이트,83490,42몰,
46099124,Phanteks NV7 PREMIUM LED KIT,블랙,82890,42몰,
46099160,Phanteks NV7 PREMIUM LED KIT,화이트,82590,42몰,
46099175,Phanteks NV9 PREMIUM LED KIT,화이트,75980,43몰,
46100999,3RSYS T3000 Quiet,,243900,80몰,
47487926,JONSBO D300,블랙,79000,74몰,
47487935,JONSBO D300,화이트,79000,76몰,
47488172,써멀테이크 케이스 스탠드 키트,블랙,43500,38몰,
47488184,써멀테이크 케이스 스탠드 키트,스노우,43480,42몰,
47488190,써멀테이크 케이스 스탠드 키트,하이드레인저 블루,43480,30몰,
47488199,써멀테이크 케이스 스탠드 키트,말차 그린,43480,32몰,
47488211,써멀테이크 케이스 스탠드 키트,레이싱 그린,43480,31몰,
47488232,써멀테이크 케이스 스탠드 키트,범블비,43480,30몰,
47488256,써멀테이크 케이스 스탠드 키트,버블 핑크,43480,28몰,
47488265,써멀테이크 케이스 스탠드 키트,청록색,43480,27몰,
47488562,써멀테이크 The Tower 300,블랙,196850,71몰,
47488586,써멀테이크 The Tower 300,스노우,192450,67몰,
47488673,써멀테이크 The Tower 300,버블 핑크,208000,32몰,
47488694,써멀테이크 The Tower 300,범블비,207270,73몰,
47488703,써멀테이크 The Tower 300,하이드레인저 블루,207980,70몰,
47488715,써멀테이크 The Tower 300,말차 그린,208000,54몰,
47488730,써멀테이크 The Tower 300,레이싱 그린,208000,66몰,
47488748,써멀테이크 The Tower 300,청록색,206740,63몰,
47488814,몬스타 가츠 X420A,화이트,33300,97몰,
47488868,LINKUP AVA5 PCIE 5.0 X16 라이저 케이블,"블랙, 200mm",80000,1몰,
47488943,선경씨앤씨 RPC-2380 2U,,87980,29몰,
47489180,컴이지 킹덤 비바리움 미니,블랙,29000,84몰,
47489189,컴이지 킹덤 비바리움 미니,화이트,32490,95몰,
47799581,DAVEN 아쿠아마린 BTF,블랙,45000,4몰,
47840606,ASUS TUF Gaming GT302 ARGB,블랙,170000,68몰,
47840669,ASUS TUF Gaming GT302 ARGB,화이트,180000,60몰,
47841830,JONSPLUS Z20,블랙,94410,90몰,
47841839,JONSPLUS Z20,화이트,94240,89몰,
48395153,DAVEN U300,블랙,37040,98몰,
48395309,DAVEN V300 RGB,블랙,34900,1몰,
48476918,써멀테이크 3.9 LCD 스크린 키트,,127400,26몰,
48479537,아이구주 HATCH DIO,블랙,29570,86몰,
48479576,아이구주 HATCH DIO,화이트,32500,88몰,
48645560,BRAVOTEC 트레저 X80 EDGE 타이탄 글래스 BTF,블랙,95520,70몰,
48645605,BRAVOTEC 트레저 X80 EDGE 타이탄 글래스 BTF,화이트,105990,107몰,
48647222,be quiet DARK BASE 701,화이트,399000,3몰,
48648926,마이크로닉스 COOLMAX 스테디,블랙,42260,159몰,
48648947,마이크로닉스 COOLMAX 스테디,화이트,48370,154몰,
48926018,MSI MAG PANO M100R 프로젝트 제로,블랙,89790,119몰,
48926027,MSI MAG PANO M100R 프로젝트 제로,화이트,94020,113몰,
48926270,EDDY A6 강화유리,블랙,79700,85몰,
48926318,EDDY A6 강화유리,화이트,87700,85몰,
49536398,be quiet HDD CAGE 2,,11730,71몰,
49536632,be quiet Riser Cable PCIe 4.0,200mm,109000,64몰,
49643561,Phanteks ENTHOO PRO 2 CLOSED,블랙,299000,1몰,
49643708,Phanteks NEO AIR 2,블랙,115000,1몰,
49643717,Phanteks NEO AIR 2,화이트,105000,60몰,
49643804,Phanteks NEO AIR 2 DRGB,블랙,105000,60몰,
49643822,Phanteks NEO AIR 2 DRGB,화이트,105000,59몰,
49643972,Phanteks XT PRO,블랙,69000,58몰,
49644077,Phanteks XT PRO ULTRA,블랙,124000,2몰,
49644098,Phanteks XT PRO ULTRA,화이트,101090,56몰,
49644638,DAVEN AQUA A900,블랙,59000,7몰,
49644662,DAVEN AQUA A900,화이트,40000,103몰,
49644776,DAVEN AQUA M900,블랙,54800,5몰,
49644791,DAVEN AQUA M900,화이트,77000,4몰,
49645280,2MONS 외부포트 USB 2.0 케이블 벌크,,3200,26몰,
49645922,darkFlash DRX90 MESH RGB 강화유리,블랙,51070,115몰,
49645946,darkFlash DRX90 MESH RGB 강화유리,화이트,56170,115몰,
49831274,투민시스템 TM10,,14530,78몰,
49831322,투민시스템 TM10 Type-C,,19300,72몰,
49831355,투민시스템 TM20,,14060,75몰,
49995725,Phanteks XT VIEW,블랙,100100,59몰,
49995737,Phanteks XT VIEW,화이트,100100,62몰,
50126771,DAVEN AQUA EDGE,블랙,56800,105몰,
50126795,DAVEN AQUA EDGE,화이트,60600,1몰,
50127029,DAVEN SPIDER,블랙,33150,106몰,
51361766,주연테크 메쉬박스,블랙,72700,66몰,
51366674,주연테크 메쉬박스,화이트,75430,65몰,
51383924,주연테크 카운터 D4,블랙,33710,82몰,
51386318,주연테크 카운터 D4,화이트,39130,81몰,
51395597,주연테크 굿워크 D1,블랙,29560,84몰,
51398936,주연테크 굿워크 D1,화이트,31790,82몰,
51430739,ANIX G9 Multi & USB-C,,40300,24몰,
51549617,쿨러마스터 MASTERBOX 600 BTF,블랙,138000,5몰,
51549635,쿨러마스터 MASTERBOX 600 BTF,화이트,133520,51몰,
52066547,마이크로닉스 ML-420 View BTF,블랙,144890,148몰,
52152821,1stPlayer Mi5,블랙,40240,25몰,
52153256,1stPlayer Mi5,화이트,42490,28몰,
52155758,JONSBO N4 for NAS,블랙,126220,72몰,
52155776,JONSBO N4 for NAS,화이트,126220,73몰,
52156013,JONSBO TK-3 BTF,블랙,116840,93몰,
52370321,쿨러마스터 SNEAKER X,,1380000,34몰,
53416718,GEO메트릭퓨처 Model4 킹 아서 + Silence GI 120 ARGB,블랙 패키지,84510,70몰,
53416733,GEO메트릭퓨처 Model4 킹 아서 + Silence GI 120 ARGB,화이트 패키지,84510,77몰,
53416976,darkFlash DPX90 ARGB 강화유리,블랙,54570,102몰,
53417006,darkFlash DPX90 ARGB 강화유리,화이트,58170,101몰,
53417261,고랩 GLM140 RGB MESH 강화유리,블랙,44900,8몰,
53420144,DEEPCOOL CH160,블랙,78980,74몰,
53420384,DEEPCOOL CH160,화이트,77110,67몰,
53522297,고랩 GLM140 RGB MESH 강화유리,화이트,47220,3몰,
53522486,잘만 P30,블랙화이트,102980,107몰,
53783117,GAMDIAS TALOS E3 메쉬,블랙,36900,105몰,
53783126,GAMDIAS TALOS E3 메쉬,화이트,38900,106몰,
53783243,앱코 U30 마린,블랙,39900,128몰,
53783246,앱코 U30 마린,화이트,42900,125몰,
54101150,주연테크 MARINE D3,블랙,41390,65몰,
54101180,주연테크 MARINE D3,화이트,56890,53몰,
54327269,Antec C5 MESH ARGB BTF,블랙,148990,105몰,
54328283,잘만 P50 DS,블랙,138980,113몰,
54328352,잘만 P50 DS,화이트,135000,93몰,
54484415,MSI MAG 포지 320R 에어플로우,화이트,64000,66몰,
54484445,MSI MAG 포지 321R 에어플로우,블랙,66470,46몰,
54793637,주연테크 EXTREME D7,블랙,74520,49몰,
54796955,주연테크 EXTREME D7,화이트,79070,42몰,
54814022,리안리 LANCOOL 206,블랙,122890,75몰,
54814049,리안리 LANCOOL 206,화이트,129200,89몰,
54930383,Antec CX700 RGB ELITE,블랙,81820,31몰,
54931445,Antec CX700 RGB ELITE,화이트,81860,74몰,
54963182,PCCOOLER CPS C3 D510,블랙,65710,87몰,
54963227,PCCOOLER CPS C3 D510,화이트,71300,87몰,
55083089,MSI MAG PANO 100L 프로젝트 제로,블랙,114220,112몰,
55083104,MSI MAG PANO 100L 프로젝트 제로,화이트,114220,100몰,
55312943,COUGAR FV270,블랙,210890,97몰,
55316822,COUGAR FV270,화이트,220390,98몰,
55323101,COUGAR FV270 RGB,블랙,241300,85몰,
55324856,COUGAR FV270 RGB,화이트,246050,82몰,
55328717,COUGAR MX600 RGB,블랙,149000,25몰,
55329023,COUGAR MX600 RGB,화이트,149000,79몰,
55335074,COUGAR DUOFACE PRO RGB,블랙,113050,89몰,
55336196,COUGAR DUOFACE PRO RGB,화이트,113050,82몰,
55340483,COUGAR FV270 루미너스 로테이팅 플랫폼,블랙,29000,77몰,
55341437,COUGAR FV270 루미너스 로테이팅 플랫폼,화이트,29000,66몰,
56063507,이엠텍 레드빗 서버 케이스 전용 레일 키트 V2,,53700,22몰,
56138000,앱코 U20M 큐빅 미니,블랙,29100,104몰,
56138012,앱코 U20M 큐빅 미니,화이트,31500,111몰,
56138996,CORSAIR 3500X 강화유리,블랙,118990,106몰,
56139026,CORSAIR 3500X 강화유리,화이트,121990,98몰,
56139140,CORSAIR 3500X ARGB 강화유리,블랙,148990,115몰,
56139164,CORSAIR 3500X ARGB 강화유리,화이트,154220,111몰,
56139254,CORSAIR iCUE LINK 3500X RGB 강화유리,블랙,206510,118몰,
56139299,CORSAIR iCUE LINK 3500X RGB 강화유리,화이트,206510,117몰,
56149724,몬스타 가츠 X220M,블랙,36490,97몰,
56149874,DEEPCOOL PIXEL Series,화이트,6390,53몰,
56151341,COUGAR UNIFACE,블랙,79000,7몰,
56151359,COUGAR UNIFACE,화이트,75050,112몰,
56151482,COUGAR UNIFACE MINI,블랙,53000,4몰,
56151494,COUGAR UNIFACE MINI,화이트,54150,108몰,
56151596,COUGAR UNIFACE RGB,블랙,96020,103몰,
56151626,COUGAR UNIFACE RGB,화이트,94050,107몰,
56151668,COUGAR UNIFACE MINI RGB,블랙,60320,108몰,
56151686,COUGAR UNIFACE MINI RGB,화이트,64030,109몰,
56154374,마이크로닉스 WIZMAX 아스트라,,23460,129몰,
56156075,마이크로닉스 COOLMAX 멜로디 View,블랙,36730,104몰,
56156108,마이크로닉스 COOLMAX 멜로디 View,화이트,40490,126몰,
56295353,darkFlash DLX30 NEO silent,블랙,110000,1몰,
57304289,Antec CX500M RGB,블랙,70250,88몰,
57304298,Antec CX500M RGB,화이트,70250,82몰,
57307040,darkFlash DPW90M ARGB 강화유리,블랙,61170,107몰,
57307049,darkFlash DPW90M ARGB 강화유리,화이트,65170,91몰,
57308642,DEEPCOOL PIXEL Series,핑크,6390,53몰,
57308651,DEEPCOOL PIXEL Series,블랙,6390,50몰,
57308654,DEEPCOOL PIXEL Series,레드,6390,50몰,
57308663,DEEPCOOL PIXEL Series,옐로우,6390,50몰,
57308678,DEEPCOOL PIXEL Series,쿨 그레이,6390,52몰,
57308687,DEEPCOOL PIXEL Series,블루,6390,50몰,
57308690,DEEPCOOL PIXEL Series,마르스 그린,6390,50몰,
57308693,DEEPCOOL PIXEL Series,펌킨 오렌지,6390,52몰,
57308696,DEEPCOOL PIXEL Series,바이올렛,6390,50몰,
57508964,COUGAR PURITY RGB,블랙,45500,103몰,
57509000,COUGAR PURITY RGB,화이트,45510,99몰,
57509168,DAVEN U350,블랙,36090,104몰,
57509186,DAVEN U350,화이트,38940,100몰,
57709235,3RSYS L904 Quiet,블랙,90900,115몰,
57709253,3RSYS L904 Quiet,화이트,94500,112몰,
57709328,마이크로닉스 EM1-Woofer 시그니처 에디션,팝핀 레드,49900,139몰,
57709415,마이크로닉스 EM1-Woofer 시그니처 에디션,메리골드 오렌지,49900,125몰,
57709430,마이크로닉스 EM1-Woofer 시그니처 에디션,대니쉬 블루,49900,108몰,
58022915,Antec C8 MESH,알루미늄,132700,88몰,
58022924,Antec C8 MESH,우드,133300,93몰,
58023131,STCOM ST208B-750M,,1024000,51몰,
58023323,MONTECH SKY TWO GX ARGB 강화유리,블랙,97410,73몰,
58023332,MONTECH SKY TWO GX ARGB 강화유리,화이트,107390,74몰,
58023545,COUGAR MX360 RGB,,50350,89몰,
58096856,Antec C5 MESH ARGB BTF,화이트,146600,95몰,
58102571,써멀테이크 View 270 SP 에디션,블랙,129000,45몰,
58102586,써멀테이크 View 270 SP 에디션,스노우,128990,46몰,
58911584,3RSYS K101,블랙,32000,1몰,
58911602,3RSYS K101,화이트,35000,1몰,
58937570,MONTECH XR ARGB 강화유리,화이트,63890,76몰,
59086730,앱코 O30 오피스,블랙,26500,75몰,
59086790,앱코 O30 오피스,화이트,28000,84몰,
59542682,리안리 SUP01,블랙,190990,126몰,
59542694,리안리 SUP01,화이트,196500,126몰,
59761130,주연테크 굿워크 D2,,46900,31몰,
59762132,darkFlash DK301M RGB MESH 강화유리,블랙,31670,112몰,
59927054,마이크로닉스 COOLMAX 레디,,34900,133몰,
59928893,3RSYS K400 리버스,블랙,54100,114몰,
59928902,3RSYS K400 리버스,화이트,59800,118몰,
60009248,Fractal Design Mood,라이트 그레이,274540,90몰,
60009269,Fractal Design Mood,블랙,274540,71몰,
60063428,darkFlash PCIe 4.0 라이저 케이블,160mm,37370,66몰,
60065741,쿨러마스터 UNIVERSAL VERTICAL GPU HOLDER KIT ARGB,,116500,2몰,
60069011,리안리 A3-mATX,블랙,일시품절,0몰,
60069047,리안리 A3-mATX,화이트,114200,124몰,
60307979,COLORFUL COLORFIRE MEMPHIS-S MEOW 디앤디컴,오렌지,62390,47몰,
60321833,darkFlash DS900M RGB 강화유리,블랙,40590,130몰,
60321872,darkFlash DS900M RGB 강화유리,화이트,42370,133몰,
61534949,리안리 O11D EVO RGB 오토모빌리 람보르기니 에디션,,414460,98몰,
61844228,HYTE Y70 Touch Infinite,피치 블랙,679000,1몰,
61844234,HYTE Y70 Touch Infinite,스노우 화이트,675950,8몰,
61844240,HYTE Y70 Touch Infinite,판다,655480,87몰,
61845656,리안리 A3-1 라이저 케이블 킷,"블랙, A3-1X, 200mm",75530,70몰,
61845671,리안리 A3-1 라이저 케이블 킷,"화이트, A3-1W, 200mm",75530,69몰,
61845692,리안리 A3-2 강화유리 사이드 패널,"블랙, A3-2X",20020,72몰,
61845713,리안리 A3-2 강화유리 사이드 패널,"화이트, A3-2W",20020,77몰,
62071772,darkFlash DMO11,블랙,17890,114몰,
62071802,darkFlash DMO11,화이트,20930,123몰,
62568050,DAMONCOM G9 TFX,,35670,82몰,
62791454,마이크로닉스 WIZMAX ML-360 WIDE View BTF,블랙,94000,117몰,
62791472,마이크로닉스 WIZMAX ML-360 WIDE View BTF,화이트,96000,112몰,
62868647,잘만 Z10 DUO,화이트,133580,107몰,
63031391,MSI MAG PANO 100R 프로젝트 제로,블랙,135110,81몰,
63031403,MSI MAG PANO 100R 프로젝트 제로,화이트,135110,81몰,
63032180,SilverStone SST-RM52 마이크로닉스,,641300,65몰,
63034253,SilverStone SST-RM21-304 마이크로닉스,,509100,65몰,
63034277,SilverStone SST-RM21-308 마이크로닉스,,579120,66몰,
63034286,SilverStone SST-RM22-308 마이크로닉스,,483900,65몰,
63034319,SilverStone SST-RM22-312 마이크로닉스,,600200,65몰,
63034373,SilverStone SST-RM23-502-MINI 마이크로닉스,,157040,62몰,
63034448,SilverStone SST-RM41-506 마이크로닉스,,246250,65몰,
63034538,SilverStone SST-RM41-H08 마이크로닉스,,456000,70몰,
63034661,SilverStone SST-RM42-502 마이크로닉스,,311000,69몰,
63034964,SilverStone SST-RM43-320-RS 마이크로닉스,,976000,67몰,
63035051,SilverStone SST-RM44 마이크로닉스,,363750,71몰,
63035120,SilverStone SST-RM46-502-I 마이크로닉스,,428700,66몰,
63035153,SilverStone SST-RM47-502-I 마이크로닉스,,489800,63몰,
63035258,SilverStone SST-RM61-312 마이크로닉스,,1040500,60몰,
63035309,SilverStone SST-RM600 마이크로닉스,,844600,62몰,
63035342,SilverStone SST-RMS03-26 마이크로닉스,,134900,54몰,
63035828,크로셀 K-2,미드나잇 블랙,13840,78몰,
63141932,써멀테이크 View 380 TG ARGB,블랙,139000,14몰,
63141944,써멀테이크 View 380 TG ARGB,스노우,139000,16몰,
63141950,써멀테이크 View 380 TG ARGB,하이드레인저 블루,145000,15몰,
63141965,써멀테이크 View 380 TG ARGB,말차 그린,144980,20몰,
63417632,투민시스템 TM30 FRGB,,19700,77몰,
63419480,유한하이테크 YH-400S,,58000,15몰,
63419600,유한하이테크 YH-4000M,,55000,26몰,
63481319,AMAQUEST M250WC,,173850,49몰,
63481385,AMAQUEST M270GPU WC,,184000,49몰,
63481523,마이크로닉스 COOLMAX 멜로디 XL View,블랙,37990,144몰,
63481544,마이크로닉스 COOLMAX 멜로디 XL View,화이트,47900,125몰,
63482279,STCOM ST208B-750M + CRPS 1600W 리던던트 패키지,,1970000,28몰,
63482822,써멀테이크 The Tower 300,피치 퍼즈,208000,63몰,
63482834,써멀테이크 The Tower 300,말차 플럼,208000,62몰,
63557423,써멀테이크 케이스 스탠드 키트,피치 퍼즈,43490,17몰,
63557426,써멀테이크 케이스 스탠드 키트,말차 플럼,43480,23몰,
63559784,JONSBO C6-ITX,블랙,64300,53몰,
63559796,JONSBO C6-ITX,화이트,64770,84몰,
64268996,JONSBO T6,실버,188980,36몰,
64270742,잘만 Z10 DS,블랙,226860,101몰,
64295855,몬스타 가츠 Y623A 아쿠아,화이트,58500,103몰,
64300145,JONSBO TK-0,블랙,158980,73몰,
64300208,JONSBO TK-0,화이트,158980,54몰,
64300355,SilverStone SST-RM23-502 마이크로닉스,,166000,53몰,
64375502,컴이지 킹덤 데스크 미니,,14810,81몰,
64375550,아이구주 S-CUBE,블랙,36880,88몰,
64375559,아이구주 S-CUBE,화이트,37000,92몰,
64392029,앱코 U40M 웨일샤크 ARGB BTF,블랙,50210,110몰,
64392059,앱코 U40M 웨일샤크 ARGB BTF,블랙화이트,58290,104몰,
64392077,앱코 U40M 웨일샤크 ARGB BTF,화이트,56000,108몰,
64393598,2MONS 2U E-ATX D650 리던던트 파워용 KIT,,13800,34몰,
64464317,Antec C5 MESH BTF,블랙,77100,79몰,
64466027,아이구주 VENTI P1000,블랙,64000,7몰,
65303711,HYTE Y70 Touch Infinite Display Upgrade,피치 블랙,367280,50몰,
65303732,HYTE Y70 Touch Infinite Display Upgrade,스노우 화이트,367280,53몰,
65307710,ANIX S613 Type-C ECO,,33000,16몰,
65351987,darkFlash DB330M RGB 강화유리,블랙,36960,135몰,
65352020,darkFlash DB330M RGB 강화유리,화이트,40690,131몰,
65426303,DAVEN AQUA 다이버,블랙,39840,106몰,
65426339,DAVEN AQUA 다이버,화이트,45950,100몰,
65430776,2MONS 4U D680 핫스왑-24,,515000,47몰,
65432012,CORSAIR 6500X,블랙 월넛,306880,61몰,
65432030,CORSAIR 6500X,블랙 옵시디언,316790,67몰,
65432036,CORSAIR 6500X,화이트 세틴 그레이,316790,30몰,
65920166,써멀테이크 CTE E550 TG,블랙,218000,20몰,
65920190,써멀테이크 CTE E550 TG,스노우,215000,19몰,
65920202,써멀테이크 CTE E550 TG,말차 그린,214990,18몰,
65920268,써멀테이크 CTE E550 TG,그래벌 샌드,218000,19몰,
66039692,CORSAIR iCUE LINK 9000D RGB AIRFLOW,블랙,850000,3몰,
66039704,CORSAIR iCUE LINK 9000D RGB AIRFLOW,화이트,807500,71몰,
66334604,Antec C7 MESH ARGB BTF,블랙,156200,93몰,
66335597,Antec C7 MESH ARGB BTF,화이트,158990,89몰,
67510613,마이크로닉스 COOLMAX 댄디,,16710,112몰,
67513115,쿨러마스터 SHARK X,화이트,5469990,43몰,
67621040,몬스타 가츠 Y623A 아쿠아,블랙,53500,98몰,
67623128,DEEPCOOL CH170 DIGITAL,블랙,96650,47몰,
67625891,잘만 T4 PLUS,블랙,32830,67몰,
67677119,DEEPCOOL CH170 DIGITAL,화이트,96650,47몰,
67690010,마이크로닉스 WIZMAX ML-360 View,블랙,47030,144몰,
67690019,마이크로닉스 WIZMAX ML-360 View,화이트,54410,138몰,
67690940,DAVEN APEX V2,블랙,40000,91몰,
67690958,DAVEN APEX V2,화이트,49040,83몰,
67849079,DEEPCOOL CH160 MESH,블랙,77110,72몰,
67849094,DEEPCOOL CH160 MESH,화이트,75050,86몰,
67851380,몬스타 가츠 Y226 RGB 아크릴,블랙,33000,56몰,
67851413,몬스타 가츠 Y226 RGB 아크릴,화이트,36500,56몰,
68242727,Fractal Design Era2,차콜 그레이,367990,75몰,
68242736,Fractal Design Era2,미드나잇 블루,367990,88몰,
68242754,Fractal Design Era2,실버,331100,76몰,
68297099,몬스타 가츠 Y724 아쿠아 BTF,블랙,64600,76몰,
68297102,몬스타 가츠 Y724 아쿠아 BTF,화이트,72200,12몰,
68329244,리안리 A3-mATX,우드 블랙,277000,2몰,
68365325,이엠텍 레드빗 PERFORMIZER,,309000,71몰,
68436584,JONSBO N5,,268980,26몰,
68436614,몬스타 가츠 Y326 RGB 강화유리,블랙,33500,103몰,
68436617,몬스타 가츠 Y326 RGB 강화유리,화이트,37500,101몰,
68440847,darkFlash DY470 ARGB 강화유리,블랙,117770,117몰,
68440877,darkFlash DY470 ARGB 강화유리,화이트,121870,116몰,
68441162,DAVEN AQUA 스쿠버 ARGB BTF,블랙,41980,96몰,
68441186,DAVEN AQUA 스쿠버 ARGB BTF,화이트,45760,96몰,
68533229,몬스타 가츠 Y623M 아쿠아,블랙,39000,99몰,
68533232,몬스타 가츠 Y623M 아쿠아,화이트,47030,102몰,
68574671,앱코 UD50 블루웨일 ARGB BTF,블랙,64080,117몰,
68574686,앱코 UD50 블루웨일 ARGB BTF,화이트,67000,106몰,
68576819,TRYX LUCA L70,블랙,338890,73몰,
68576840,TRYX LUCA L70,화이트,341950,72몰,
68577197,darkFlash GCB470 라이저 케이블 지지대 KIT,블랙,36490,71몰,
68577215,darkFlash GCB470 라이저 케이블 지지대 KIT,화이트,37200,46몰,
68686202,몬스타 가츠 Y223 아쿠아,블랙,26900,103몰,
68686208,몬스타 가츠 Y223 아쿠아,화이트,32000,96몰,
68789348,몬스타 가츠 Y424 메쉬,블랙,41500,70몰,
68789363,몬스타 가츠 Y424 메쉬,화이트,38500,97몰,
68789462,몬스타 가츠 Y544 메쉬,블랙,56500,92몰,
68789492,몬스타 가츠 Y544 메쉬,화이트,67340,73몰,
69053759,HAVN HS 420,블랙,299000,93몰,
69053777,HAVN HS 420,화이트,299000,95몰,
69053828,HAVN HS 420 VGPU,블랙,399000,96몰,
69053852,HAVN HS 420 VGPU,화이트,399000,90몰,
69053921,몬스타 가츠 Y102 솔리드,블랙,17000,92몰,
69053942,몬스타 가츠 Y102 솔리드,화이트,21000,93몰,
69058058,잘만 N10,블랙,24910,107몰,
69058070,잘만 N10,화이트,27480,111몰,
69467039,컴이지 킹덤 비바리움 미들,화이트,51700,94몰,
69467414,컴이지 킹덤 비바리움 나노,블랙,20780,100몰,
69467498,컴이지 킹덤 비바리움 나노,화이트,22790,100몰,
69563378,HYTE Y70,스트로베리 밀크,319000,95몰,
69563441,HYTE Y70,타로 밀크,319000,94몰,
69564932,써멀테이크 PCI-E 4.0 Dual 90도 라이저 케이블,"블랙, 400mm",77000,16몰,
69564959,써멀테이크 PCI-E 4.0 Dual 90도 라이저 케이블,"화이트, 400mm",77000,24몰,
69565475,GEO메트릭퓨처 Model5,블랙,91130,82몰,
69565505,GEO메트릭퓨처 Model5,화이트,95780,81몰,
69565607,GEO메트릭퓨처 Model5 벤트,블랙,97180,70몰,
69565619,GEO메트릭퓨처 Model5 벤트,화이트,100430,81몰,
69565733,HYTE Y70,블루베리 밀크,319000,88몰,
69698504,COUGAR MX220 RGB,블랙,90270,82몰,
69698513,COUGAR MX220 RGB,화이트,91200,90몰,
70001051,Antec FLUX MESH BTF,블랙,133300,90몰,
70001054,Antec FLUX MESH BTF,화이트,137700,87몰,
70097153,COUGAR FV150 RGB,블랙,107990,59몰,
70097159,COUGAR FV150 RGB,핑크,113790,28몰,
70097168,COUGAR FV150 RGB,화이트,108000,65몰,
70099901,써멀테이크 The Tower 600,블랙,226200,64몰,
70099934,써멀테이크 The Tower 600,스노우,238000,79몰,
70099958,써멀테이크 The Tower 600,하이드레인저 블루,238000,42몰,
70099970,써멀테이크 The Tower 600,말차 그린,238000,39몰,
70103150,써멀테이크 The Tower 600 스탠드 키트,블랙,49000,21몰,
70103159,써멀테이크 The Tower 600 스탠드 키트,스노우,49000,25몰,
70103162,써멀테이크 The Tower 600 스탠드 키트,하이드레인저 블루,49000,21몰,
70103168,써멀테이크 The Tower 600 스탠드 키트,말차 그린,49000,18몰,
70154144,ASUS ROG Hyperion GR701 BTF Edition,블랙,708990,39몰,
70250222,COUGAR MX600 MINI RGB,블랙,103550,81몰,
70250225,COUGAR MX600 MINI RGB,화이트,103550,90몰,
70250255,RAIJINTEK PAEAN ULTRA,,299000,3몰,
70252316,써멀테이크 The Tower 300,라임 스톤,208000,23몰,
70252406,써멀테이크 The Tower 300,그래벌 샌드,208000,29몰,
70332863,GAMDIAS NESO P1 PRO,블랙,228480,68몰,
70332872,GAMDIAS NESO P1 PRO,화이트,228480,69몰,
70332923,GAMDIAS ATHENA M3,블랙,62900,75몰,
70332935,GAMDIAS ATHENA M3,화이트,68710,77몰,
70619144,리안리 LANCOOL 207,화이트,101440,93몰,
70678196,리안리 O11 VISION COMPACT,블랙,196550,93몰,
70678232,리안리 O11 VISION COMPACT,화이트,196550,90몰,
70766837,SilverStone SST-RMS09-20 마이크로닉스,,89990,52몰,
70874867,darkFlash DRX50 MESH RGB 강화유리,블랙,36990,114몰,
71012591,ANIX DIAMOND ARGB,블랙,42930,23몰,
71012606,ANIX DIAMOND ARGB,화이트,43000,23몰,
71012687,ANIX LOOK LUXURY,화이트,30990,23몰,
71012933,ANIX METALLIC LUXURY RGB 강화유리,,47020,23몰,
71013179,ANIX 소드 마스터 스펙트럼 RGB,,31450,23몰,
71162336,3RSYS T300 Quiet BTF,블랙,136000,95몰,
71162339,3RSYS T300 Quiet BTF,화이트,143000,100몰,
71217944,잘만 P40 PRISM,블랙,109880,113몰,
71217980,잘만 P40 PRISM,화이트,115480,116몰,
71277161,be quiet LIGHT BASE 600 DX,블랙,217550,90몰,
71277167,be quiet LIGHT BASE 600 DX,화이트,227550,90몰,
71277218,be quiet LIGHT BASE 600 LX,블랙,229710,73몰,
71277224,be quiet LIGHT BASE 600 LX,화이트,284050,75몰,
71277764,be quiet LIGHT BASE 900 DX,블랙,274440,86몰,
71277794,be quiet LIGHT BASE 900 DX,화이트,284040,83몰,
71277848,be quiet LIGHT BASE 900 FX,블랙,350550,52몰,
71277872,be quiet LIGHT BASE 900 FX,화이트,357900,57몰,
71277950,GAMEMAX N80,블랙,250000,27몰,
71277968,GAMEMAX N80,화이트,260000,25몰,
71278103,엠탑코리아 MTOP THIN ITX,,33550,42몰,
71503073,GEO메트릭퓨처 Model5 + Silence GI 140 ARGB,블랙 패키지,161810,63몰,
71503091,GEO메트릭퓨처 Model5 + Silence GI 140 ARGB,화이트 패키지,167620,61몰,
71503127,GEO메트릭퓨처 Model5 벤트 + Silence GI 140 ARGB,블랙 패키지,163550,47몰,
71503163,GEO메트릭퓨처 Model5 벤트 + Silence GI 140 ARGB,화이트 패키지,171570,60몰,
71777126,GAMEMAX INFINITY PLUS,블랙,99000,26몰,
71777285,몬스타 가츠 X523A,블랙,44300,76몰,
71777312,몬스타 가츠 X523A,화이트,46920,84몰,
71777573,Antec C8 MESH CURVE BTF,우드,174700,76몰,
71904299,darkFlash DP360 MESH RGB 강화유리,블랙,40590,38몰,
71904314,darkFlash DP360 MESH RGB 강화유리,화이트,43490,121몰,
71904617,darkFlash DP430 MESH RGB 강화유리,블랙,46390,116몰,
71904638,darkFlash DP430 MESH RGB 강화유리,화이트,46290,116몰,
72061460,MONTECH KING 65 PRO,블랙,106400,86몰,
72061472,MONTECH KING 65 PRO,화이트,111150,88몰,
72061805,GAMEMAX F36 BTF,블랙,64600,32몰,
72061823,GAMEMAX F36 BTF,화이트,67690,31몰,
72062768,GAMEMAX CONTAC COC,블랙,78990,30몰,
72062795,GAMEMAX CONTAC COC,화이트,79000,30몰,
72063860,정한닷컴 CustomKorea DT530,화이트,174890,45몰,
72113624,강원전자 NETmate NM-HPI PCI-E 4.0 라이저 케이블 ARGB 키트,"NM-HPI3442, 블랙, 115mm",83890,34몰,
72113657,강원전자 NETmate NM-HPI PCI-E 4.0 라이저 케이블 ARGB 키트,"NM-HPI3443, 화이트, 115mm",83890,30몰,
72113753,강원전자 NETmate NM-HPI PCI-E 4.0 라이저 케이블 키트,"NM-HPI344, 블랙, 115mm",78520,30몰,
72113759,강원전자 NETmate NM-HPI PCI-E 4.0 라이저 케이블 키트,"NM-HPI3441, 화이트, 115mm",79920,32몰,
72224144,마이크로닉스 WIZMAX 문,블랙,49140,117몰,
72224177,마이크로닉스 WIZMAX 오로라,블랙,23010,147몰,
72224189,마이크로닉스 WIZMAX 오로라,화이트,25910,139몰,
72300917,이엠텍 레드빗 EFFICMIZER,,396500,45몰,
72416972,GAMEMAX HYPE-M,블랙,84500,29몰,
72417098,GAMEMAX HYPE-M,화이트,88690,29몰,
72417266,GAMEMAX Forge AB,블랙,45000,22몰,
72470105,Antec FLUX PRO MESH,블랙,253500,93몰,
72470123,Antec FLUX PRO MESH,화이트,257700,80몰,
72723299,darkFlash DQX80 ARGB BTF,블랙,83970,116몰,
72723323,darkFlash DQX80 ARGB BTF,화이트,89390,100몰,
72723491,darkFlash DCM30 RGB 강화유리,블랙,27170,120몰,
72723506,darkFlash DCM30 RGB 강화유리,화이트,29970,111몰,
72752837,몬스타 가츠 X200 아쿠아,블랙,25870,107몰,
72753242,몬스타 가츠 X200 아쿠아,화이트,29220,102몰,
72753428,마이크로닉스 WIZMAX 벨라,,42500,129몰,
72755741,잘만 T4 PLUS,화이트,36980,98몰,
72816449,써멀테이크 CTE E660 MX,블랙,288990,52몰,
72816458,써멀테이크 CTE E660 MX,스노우,288980,51몰,
72816464,써멀테이크 CTE E660 MX,레이싱 그린,288980,52몰,
73120748,ALPHACOOL SERVERRACK ES 2U 19형,,597500,1몰,
73121021,SilverStone ALTA F2,,1315990,67몰,
73121255,SilverStone ALTA G1M,블랙,193990,60몰,
73121264,SilverStone ALTA G1M,화이트,193800,23몰,
73121354,SilverStone ALTA D1 마이크로닉스,블랙,1157990,23몰,
73121462,3RSYS RX400 Quiet BTF,블랙,74400,123몰,
73121474,3RSYS RX400 Quiet BTF,화이트,79100,121몰,
73123292,Phanteks XT PRO SILENT,,84630,51몰,
73123424,Phanteks ECLIPSE G400A,블랙,156000,50몰,
73123436,Phanteks ECLIPSE G400A,화이트,156000,50몰,
73123478,HYTE Y70 Touch Infinite Display Upgrade,스트로베리 밀크,379000,41몰,
73250732,몬스타 가츠 Y360M 엣지,블랙,54670,96몰,
73250738,몬스타 가츠 Y360M 엣지,화이트,52500,100몰,
73616621,앱코 SUITMASTER MF360 리얼우드,화이트,73550,96몰,
73616639,앱코 SUITMASTER MF360 리얼우드,블랙,73900,90몰,
73761689,리안리 A3-mATX,우드 화이트,137000,125몰,
73767929,리안리 LAN207-1 전면 먼지 필터,화이트,6640,52몰,
73883561,몬스타 가츠 Y300M 철가방,블랙,32500,103몰,
73883570,몬스타 가츠 Y300M 철가방,화이트,36000,94몰,
73885505,darkFlash DB330X RGB 강화유리,블랙,36760,137몰,
73885538,darkFlash DB330X RGB 강화유리,화이트,42570,129몰,
74005628,컴이지 킹덤 엣지,블랙,47970,92몰,
74005640,컴이지 킹덤 엣지,화이트,52780,90몰,
74007932,CORSAIR FRAME 4000D,블랙,132990,110몰,
74007968,CORSAIR FRAME 4000D,화이트,132990,109몰,
74011172,CORSAIR FRAME 4000D RS ARGB,블랙,164790,109몰,
74011205,CORSAIR FRAME 4000D RS ARGB,화이트,164790,114몰,
74012729,쿨러마스터 NCORE 100 AIR,블랙,272990,39몰,
74012747,쿨러마스터 NCORE 100 AIR,화이트,283990,38몰,
74054396,CORSAIR iCUE LINK 5000T LX RGB,블랙,509870,86몰,
74054417,CORSAIR iCUE LINK 5000T LX RGB,화이트,509870,95몰,
74116568,마이크로닉스 WIZMAX 아트리안,,64140,141몰,
74117300,SilverStone RM45-360,,414490,49몰,
74338760,darkFlash DK370 MESH RGB 강화유리,블랙,41990,109몰,
74338778,darkFlash DK370 MESH RGB 강화유리,화이트,44870,100몰,
74420531,GAMDIAS ATLAS P1,,168090,77몰,
74545637,마이크로닉스 WIZMAX ML-360,,53870,125몰,
74806601,3RSYS R40,,20450,106몰,
74809523,SSUPD XHUTTLE,블랙,248500,73몰,
74809541,SSUPD XHUTTLE,화이트,248500,68몰,
74809850,마이크로닉스 WIZMAX 문 + MANIC 트윙클 Digital RGB Sync,트윙클 패키지,64900,85몰,
74904365,투민시스템 TM100 RGB 강화유리,블랙,24900,83몰,
74906462,투민시스템 TM100 RGB 강화유리,화이트,28690,82몰,
74994860,CORSAIR 3500X Call of Duty (해외구매),블랙,267800,1몰,
75071354,JONSBO C6 MAX,블랙,67560,54몰,
75071384,JONSBO C6 MAX,화이트,67690,59몰,
75071522,JONSBO D32 PRO BTF,블랙,78980,86몰,
75071534,JONSBO D32 PRO BTF,화이트,83980,81몰,
75071627,마이크로닉스 WIZMAX H100 V2,,22750,115몰,
75376628,Phanteks EVOLV X2,블랙,235000,44몰,
75376649,Phanteks EVOLV X2,화이트,247000,44몰,
75538361,Antec FLUX SE MESH BTF,블랙,134700,96몰,
75596177,엠탑코리아 MTOP MINI USB3.0,,37000,2몰,
75596579,2MONS 서버용 65센티 레일(2PCS/SET),,50000,28몰,
75655238,AMAQUEST AMH-650H10,,454990,46몰,
75655250,2MONS 서버용 45센티 레일(2PCS/SET),,46500,29몰,
75657137,마이크로닉스 WIZMAX ML-360 WIDE BTF,블랙,91000,128몰,
75657164,마이크로닉스 WIZMAX ML-360 WIDE BTF,화이트,104400,133몰,
76160312,앱코 UH40 킬러웨일 ARGB,블랙,57800,102몰,
76160333,앱코 UH40 킬러웨일 ARGB,화이트,61800,98몰,
76329191,아이구주 VENTI P5000L,블랙,57500,70몰,
76329197,아이구주 VENTI P5000L,화이트,62000,92몰,
76329269,리안리 A3-3WD A3 m-ATX 프론트 우드 패널,,36000,72몰,
76382729,BITFENIX SPATHA BTF,블랙,54000,22몰,
76384103,BITFENIX SPATHA BTF,화이트,57040,25몰,
76402661,아이구주 VENTI PM50,블랙,39500,10몰,
76402706,아이구주 VENTI PM50,화이트,44500,10몰,
76513193,Antec PCI-E 4.0 라이저 케이블 ARGB KIT,"블랙, 200mm",69500,2몰,
76793447,BITFENIX GLADIUS,블랙,41900,23몰,
76793498,BITFENIX GLADIUS,화이트,46900,23몰,
76943861,싸이번 LIMPID Micro-1,블랙,21000,5몰,
76943879,싸이번 LIMPID Micro-1,화이트,21820,122몰,
76946669,darkFlash DF4100 MESH ARGB BTF,블랙,74490,120몰,
76946687,darkFlash DF4100 MESH ARGB BTF,화이트,79770,118몰,
77015099,싸이번 Edge CV-Z9,블랙,116050,117몰,
77015135,싸이번 Edge CV-Z9,화이트,116540,116몰,
77379554,NZXT H7 Flow V2,매트 블랙,190620,30몰,
77379563,NZXT H7 Flow V2,매트 화이트,190620,30몰,
77379614,NZXT H7 Flow RGB V2,매트 블랙,219220,32몰,
77379680,NZXT H7 Flow RGB V2,매트 화이트,219220,32몰,
77380718,ASUS ProArt PA401 우드 에디션 메탈,,168200,75몰,
77380748,ASUS ProArt PA401 우드 에디션 강화유리,,168200,77몰,
77381492,Antec PERFORMANCE 1 M,블랙,406840,63몰,
77381570,Antec PERFORMANCE 1 M,아벤츄린,406940,64몰,
77462183,싸이번 LIMPID SC-X5,블랙,40510,18몰,
77462240,싸이번 LIMPID SC-X5,화이트,35000,108몰,
77783474,싸이번 LIMPID SC-M5,블랙,39700,107몰,
77783486,싸이번 LIMPID SC-M5,화이트,43290,105몰,
77788898,비티즈 BC20 MINI,블랙,24020,6몰,
77789015,비티즈 BC20 MINI,화이트,25930,5몰,
77855639,DEEPCOOL CH260,블랙,91900,88몰,
77855645,DEEPCOOL CH260,화이트,96650,93몰,
77857007,써멀테이크 The Tower 600,그래벌 샌드,237990,64몰,
77857346,써멀테이크 The Tower 600,레이싱 그린,237990,41몰,
77857370,써멀테이크 The Tower 600,버블 핑크,238000,8몰,
77857382,써멀테이크 The Tower 600,범블비,237980,54몰,
78100109,잘만 P10 NAMU,블랙,73790,116몰,
78100139,잘만 P10 NAMU,화이트,76690,111몰,
78384173,ASUS ProArt PA602 우드 에디션 강화유리,,375000,51몰,
78384224,ASUS ProArt PA602 우드 에디션 메탈,,375000,65몰,
78530048,darkFlash DS500 RGB,블랙,37500,121몰,
78530069,darkFlash DS500 RGB,화이트,43170,116몰,
78710921,DEEPCOOL CH270 DIGITAL,블랙,117690,98몰,
78710963,DEEPCOOL CH270 DIGITAL,화이트,125230,79몰,
78784922,크로셀 CRUX,블랙,14300,55몰,
79114124,아이구주 VENTI P500,블랙,36530,66몰,
79114157,아이구주 VENTI P500,화이트,40240,74몰,
79397228,2MONS 5U TOWER D520 워터쿨 2PSU,,432000,44몰,
79401749,컴이지 킹덤 박스 미니,블랙,12790,90몰,
79401761,컴이지 킹덤 박스 미니,화이트,13850,84몰,
79479998,크로셀 K-2,새턴 화이트,14500,69몰,
79556069,NZXT H5 Flow V2,블랙,195500,2몰,
79556075,NZXT H5 Flow V2,화이트,143000,113몰,
79556231,NZXT H5 Flow RGB V2,블랙,189250,31몰,
79556237,NZXT H5 Flow RGB V2,화이트,189750,16몰,
79556342,NZXT H5 Flow RGB,블랙,181450,67몰,
79556363,NZXT H5 Flow RGB,화이트,169000,89몰,
79556423,NZXT H9 Flow,블랙,255000,71몰,
79556465,NZXT H9 Flow,화이트,252500,72몰,
79556762,NZXT H9 Elite,블랙,382000,103몰,
79556768,NZXT H9 Elite,화이트,382000,112몰,
79556873,NZXT H6 Flow,블랙,175000,114몰,
79556882,NZXT H6 Flow,화이트,175000,101몰,
79556957,NZXT H6 Flow RGB,블랙,215000,107몰,
79556969,NZXT H6 Flow RGB,화이트,212750,96몰,
79557347,NZXT H5 Elite,화이트,199000,87몰,
79557563,NZXT H9 Flow V2,블랙,234040,59몰,
79557590,NZXT H9 Flow V2,화이트,234040,63몰,
79557863,NZXT H9 Flow RGB V2,블랙,248870,57몰,
79557938,NZXT H9 Flow RGB V2,화이트,248870,60몰,
79558145,NZXT H9 Flow RGB+ V2,블랙,377140,54몰,
79558178,NZXT H9 Flow RGB+ V2,화이트,366420,47몰,
79558676,마이크로닉스 WIZMAX 우드리안 PRO,,55790,122몰,
79559156,마이크로닉스 WIZMAX 우드리안 MAX,,88800,107몰,
79559438,마이크로닉스 WIZMAX 오닉스,,28580,124몰,
79559915,GAMDIAS AURA GC4 ELITE,월넛,56200,87몰,
80151332,3RSYS L330 Quiet,블랙,45500,100몰,
80151344,3RSYS L330 Quiet,화이트,46500,102몰,
80464100,darkFlash DB460M MESH RGB,블랙,40000,104몰,
80468717,darkFlash DB460M MESH RGB,화이트,43970,102몰,
80548145,쿨러마스터 MasterFrame 600,블랙,380000,60몰,
80548154,쿨러마스터 MasterFrame 600,실버,380000,15몰,
80621498,GAMDIAS AURA GC10M ARGB,블랙,56200,85몰,
80625593,GAMDIAS AURA GC10M ARGB,화이트,60890,84몰,
81718196,써멀테이크 The Tower 600 스탠드 키트,범블비,48990,23몰,
81718217,써멀테이크 The Tower 600 스탠드 키트,레이싱 그린,48990,24몰,
81718232,써멀테이크 The Tower 600 스탠드 키트,버블 핑크,48990,24몰,
81718238,써멀테이크 The Tower 600 스탠드 키트,그래벌 샌드,48990,25몰,
81718244,써멀테이크 The Tower 600 스탠드 키트,퓨처 더스크,49000,17몰,
81718247,써멀테이크 The Tower 600 스탠드 키트,라이트이어 그린,49000,17몰,
86098574,darkFlash DS900 ARGB 강화유리,블랙 우드,59150,115몰,
86098598,darkFlash DS900 ARGB 강화유리,화이트 우드,62790,108몰,
88206977,몬스타 가츠 X520LA 리버스 + MASTERX X750W 80PLUS브론즈,블랙 패키지,116000,3몰,
88206980,몬스타 가츠 X520LA 리버스 + MASTERX X750W 80PLUS브론즈,화이트 패키지,124500,3몰,
88207007,몬스타 가츠 X620A 리버스 + ExtremeX FX800 80PLUS스탠다드,화이트 패키지,123900,3몰,
88207037,몬스타 가츠 X740E + MASTERX X850W 80PLUS브론즈 ATX3.1,화이트 패키지,131000,3몰,
88207052,몬스타 가츠 X840E + MASTERX X850W 80PLUS브론즈 ATX3.1,블랙 패키지,168000,3몰,
88207061,몬스타 가츠 X840E + MASTERX X850W 80PLUS브론즈 ATX3.1,화이트 패키지,175000,3몰,
88232735,몬스타 가츠 X225 모델0,블랙,28600,63몰,
88232747,몬스타 가츠 X225 모델0,화이트,33900,29몰,
89526041,케이플랫폼 KP-4500,,141000,5몰,
89601614,케이플랫폼 KP-4450,,189000,5몰,
89605691,3RSYS T200 Quiet BTF,블랙,103700,89몰,
89861615,darkFlash DCM33 RGB,블랙,32000,106몰,
89861651,darkFlash DCM33 RGB,화이트,35000,105몰,
89861942,리안리 DK07,,1990000,53몰,
90156461,리안리 LANCOOL 207 DIGITAL,블랙,155770,29몰,
90156788,잘만 P40 DS,블랙,166980,119몰,
90156812,잘만 P40 DS,화이트,174980,106몰,
90156932,몬스타 가츠 Y223 아쿠아 + XF120 ARGB,블랙 패키지,48000,3몰,
90156965,몬스타 가츠 Y223 아쿠아 + XF120 ARGB,화이트 패키지,52000,3몰,
90157004,몬스타 가츠 Y623M 아쿠아 + XF120 ARGB,블랙 패키지,58000,3몰,
90157022,몬스타 가츠 Y623M 아쿠아 + XF120 ARGB,화이트 패키지,62000,3몰,
90157475,3RSYS K105,블랙,37000,98몰,
90157508,3RSYS K105,화이트,41600,99몰,
90157658,싸이번 LIMPID SC-X7 BTF,블랙,72010,91몰,
90157679,싸이번 LIMPID SC-X7 BTF,화이트,75700,97몰,
90157793,싸이번 EDGE CV-Z3 iCafe,블랙,37590,91몰,
90157820,싸이번 EDGE CV-Z3 iCafe,화이트,40200,94몰,
90157958,싸이번 EDGE CV-R5,블랙,47120,92몰,
90157973,싸이번 EDGE CV-R5,화이트,49700,95몰,
90158330,Fractal Design North XL RC 강화유리,차콜 블랙,286560,71몰,
90158345,Fractal Design North XL RC 강화유리,초크 화이트,286570,72몰,
90270587,마이크로닉스 WIZMAX ML-360 WIDE View BTF 카잔 에디션,블랙,155000,2몰,
90642461,대양케이스 ARIGUE 360 ARGB,블랙,51870,51몰,
90642467,대양케이스 ARIGUE 360 ARGB,화이트,56420,50몰,
90642527,대양케이스 ARIGUE 240 RGB,블랙,36000,51몰,
90642539,대양케이스 ARIGUE 240 RGB,화이트,39000,48몰,
90648248,몬스타 가츠 X360 아쿠아,블랙,37400,37몰,
90648269,몬스타 가츠 X360 아쿠아,화이트,42400,40몰,
90886340,케이플랫폼 KP-4480,,138000,2몰,
90886475,Phanteks XT M3,블랙,76440,49몰,
90886499,Phanteks XT M3,화이트,76440,47몰,
90889289,NZXT H3 Flow,블랙,86840,77몰,
90889313,NZXT H3 Flow,화이트,95000,70몰,
90956324,마이크로닉스 QUANTA HMR-445SE-GPU,,94770,50몰,
90956399,마이크로닉스 QUANTA HMR-445N1-GPU,,122300,51몰,
90960329,Antec PCI-E 4.0 RTX40 라이저 케이블 KIT V2,"블랙, 200mm",62600,16몰,
90960335,Antec PCI-E 4.0 RTX40 라이저 케이블 KIT V2,"화이트, 200mm",66800,17몰,
91187546,1stPlayer Mi5 WING,블랙,46590,29몰,
91187588,1stPlayer Mi5 WING,화이트,50300,29몰,
91187759,3RSYS K201,블랙,39000,124몰,
91187774,3RSYS K201,화이트,41400,122몰,
91348970,앱코 UD20M 미니웨일,블랙,34500,66몰,
91348985,앱코 UD20M 미니웨일,화이트,34500,65몰,
91423457,3RSYS R530,블랙,51990,77몰,
91423472,3RSYS R530,화이트,56200,76몰,
91493210,주연테크 카운터 D6,블랙,73070,26몰,
91493216,주연테크 카운터 D6,화이트,76240,26몰,
91497413,darkFlash DY570 ARGB BTF,블랙,215000,96몰,
91497431,darkFlash DY570 ARGB BTF,화이트,218860,90몰,
91560728,Fractal Design Meshify 3 Ambience Pro RGB 강화유리,블랙,349480,77몰,
91560740,Fractal Design Meshify 3 Ambience Pro RGB 강화유리,화이트,348980,75몰,
91560842,Fractal Design Meshify 3 RGB 강화유리,블랙,250900,95몰,
91560869,Fractal Design Meshify 3 RGB 강화유리,화이트,250900,95몰,
91560920,Fractal Design Meshify 3 강화유리,블랙,212880,96몰,
91560935,Fractal Design Meshify 3 강화유리,화이트,212880,93몰,
91560968,Fractal Design Meshify 3 Solid,블랙,212880,92몰,
91561025,Fractal Design Meshify 3 XL Ambience Pro RGB 강화유리,블랙,398990,70몰,
91561040,Fractal Design Meshify 3 XL Ambience Pro RGB 강화유리,화이트,398990,64몰,
91561397,Fractal Design Meshify 3 XL RGB 강화유리,블랙,298990,87몰,
91561406,Fractal Design Meshify 3 XL RGB 강화유리,화이트,298990,88몰,
91561427,Fractal Design Meshify 3 XL 강화유리,블랙,268980,90몰,
91561445,Fractal Design Meshify 3 XL Solid,블랙,268980,89몰,
91765937,잘만 N7 Plus V2,블랙,41690,89몰,
91767113,마이크로닉스 WIZMAX 우드리안 ULTRA,,139390,101몰,
91864688,COUGAR AIRFACE PURE PRO,블랙,59190,72몰,
91864694,COUGAR AIRFACE PURE PRO,화이트,62990,68몰,
91868465,마이크로닉스 WIZMAX 오로라,달고나,27990,107몰,
91912643,써멀테이크 The Tower 250,블랙,178000,30몰,
91912655,써멀테이크 The Tower 250,스노우,178000,30몰,
91912658,써멀테이크 The Tower 250,말차 그린,188000,31몰,
91912661,써멀테이크 The Tower 250,하이드레인저 블루,188000,31몰,
92043260,써멀테이크 The Tower 250 스탠드 키트,말차 그린,41470,25몰,
92043302,써멀테이크 The Tower 250 스탠드 키트,민트 스트로베리,43500,6몰,
92043308,써멀테이크 The Tower 250 스탠드 키트,버터 카라멜,43500,6몰,
92043314,써멀테이크 The Tower 250 스탠드 키트,블랙,43500,17몰,
92043326,써멀테이크 The Tower 250 스탠드 키트,스노우,43500,16몰,
92043329,써멀테이크 The Tower 250 스탠드 키트,하이드레인저 블루,43500,5몰,
92043635,COUGAR AIRFACE PURE RGB,블랙,44470,76몰,
92043686,COUGAR AIRFACE PURE RGB,화이트,48390,77몰,
92045654,3RSYS T2000 Quiet,블랙,122000,86몰,
92045669,3RSYS T2000 Quiet,화이트,126800,86몰,
92045816,마이크로닉스 WIZMAX 루프탑,,140660,104몰,
92103647,PCCOOLER CPS C3 T700 ARGB,화이트,68840,58몰,
92105834,2MONS 4U All in One D560 GPU-4,,218000,30몰,
92149919,투민시스템 TA100 RGB 강화유리,블랙,19900,73몰,
92149940,투민시스템 TA100 RGB 강화유리,화이트,23500,72몰,
92186165,JONSBO D400 BTF,블랙,138980,51몰,
92186180,JONSBO D400 BTF,화이트,138980,51몰,
92187578,darkFlash DW500 우드 MESH RGB,블랙,63510,91몰,
92187584,darkFlash DW500 우드 MESH RGB,화이트,68250,81몰,
92234381,잘만 P40 NAMU,블랙,93190,82몰,
92234435,잘만 P40 NAMU,화이트,97950,81몰,
92358197,대양케이스 ARTISTIC ARGB,블랙,60970,44몰,
92358206,대양케이스 ARTISTIC ARGB,화이트,64610,40몰,
92682095,리안리 Vector V100,블랙,79190,72몰,
92682122,리안리 Vector V100,화이트,79190,71몰,
92682176,리안리 Vector V100 ARGB,블랙,106210,80몰,
92682194,리안리 Vector V100 ARGB,화이트,106220,78몰,
92892662,INWIN A5,블랙,124970,23몰,
93016328,CORSAIR FRAME 5000D RS,블랙,265380,73몰,
93016340,CORSAIR FRAME 5000D RS,화이트,265370,72몰,
93016370,CORSAIR FRAME 5000D RS ARGB,블랙,284690,72몰,
93016394,CORSAIR FRAME 5000D RS ARGB,화이트,284680,72몰,
93018410,INWIN A3,블랙,114380,24몰,
93018467,INWIN DUBILI,티타늄 그레이,301820,30몰,
93018971,be quiet PURE BASE 501,,109000,77몰,
93019013,be quiet PURE BASE 501 Airflow,블랙,126000,75몰,
93019016,be quiet PURE BASE 501 Airflow,화이트,143000,77몰,
93019178,be quiet PURE BASE 501 Airflow Window,블랙,139000,77몰,
93020132,be quiet PURE BASE 501 Airflow Window,화이트,153000,76몰,
93020210,be quiet PURE BASE 501 LX,블랙,189000,76몰,
93020219,be quiet PURE BASE 501 LX,화이트,199000,72몰,
93020333,be quiet PURE BASE 501 DX,블랙,166000,75몰,
93020354,be quiet PURE BASE 501 DX,화이트,179000,73몰,
93320456,앱코 UD50C 루시드 앰비언트 풀커브드 ARGB BTF,블랙,139000,66몰,
93320471,앱코 UD50C 루시드 앰비언트 풀커브드 ARGB BTF,화이트,139000,64몰,
93443144,엠디디지탈 PCI-E 1X to 16X 채굴용 라이저카드,,1970,10몰,
93444674,2MONS 6U LCD D680 AI 머신러닝 ver3.0,,465000,35몰,
93567272,쿨러마스터 SHARK X,블랙,가격비교예정,0몰,
93633530,COUGAR Omny X,블랙,169000,64몰,
93633641,COUGAR Omny X,화이트,169000,64몰,
93700982,3RSYS R190,블랙,38900,76몰,
93701027,3RSYS R190,화이트,39400,72몰,
93804113,darkFlash DS900G ARGB,블랙,75530,73몰,
93804134,darkFlash DS900G ARGB,화이트,79620,76몰,
93913109,마이크로닉스 WIZMAX CHILL 세븐팬,,49900,72몰,
93913328,Segotep Nexus1 PRO KR 아트홀,화이트,62100,18몰,
93917090,SSUPD MESHROOM D V2,블랙,169000,39몰,
93917108,SSUPD MESHROOM D V2,화이트,169000,43몰,
94023992,ASUS PRIME AP202,블랙,가격비교예정,0몰,
94026527,GIGABYTE C201 PANORAMIC,,59000,5몰,
94026566,GIGABYTE C201 PANORAMIC ICE,,59000,5몰,
94029221,ASUS PRIME AP202 ARGB,블랙,124440,37몰,
94029254,ASUS PRIME AP202 ARGB,화이트,124440,38몰,
94029389,JONSPLUS Z20,블랙 오렌지,107490,37몰,
94080569,써멀테이크 The Tower 600,라이트이어 그린,238000,10몰,
94080614,써멀테이크 The Tower 600,민트 스트로베리,238000,18몰,
94080626,써멀테이크 The Tower 600,버터 카라멜,238000,20몰,
94080704,써멀테이크 The Tower 600,퓨처 더스크,238000,19몰,
94081250,Phanteks EVOLV S2,블랙,170000,21몰,
94081268,Phanteks EVOLV S2,화이트,170000,21몰,
94081511,HAVN HS 420 수직 마운트 앵글 팬 브라켓 세트,블랙,119000,1몰,
94081541,HAVN HS 420 수직 마운트 앵글 팬 브라켓 세트,화이트,가격비교예정,0몰,
94087853,Fractal Design Epoch Solid,블랙,179000,44몰,
94087892,Fractal Design Epoch 강화유리,블랙,179000,50몰,
94087928,Fractal Design Epoch 강화유리,화이트,179000,52몰,
94087988,Fractal Design Epoch RGB 강화유리,블랙,209000,48몰,
94088006,Fractal Design Epoch RGB 강화유리,화이트,209000,50몰,
94088324,앱코 G26M 메가플로우 미니 MESH,블랙,38660,30몰,
94088567,앱코 G26M 메가플로우 미니 MESH,화이트,41200,31몰,
94088714,앱코 G26 메가플로우 MESH,블랙,48400,34몰,
94088744,앱코 G26 메가플로우 MESH,화이트,53270,31몰,
94520891,ANIX 3803AB,블랙,가격비교예정,0몰,
94520933,ANIX 3803AB,화이트,가격비교예정,0몰,
94566908,JONSBO V12,블랙,가격비교예정,0몰,
94566926,JONSBO V12,화이트,가격비교예정,0몰,
