Id,Name,Type,Price,Mall,2025-09-22 18:23:15
1357994,ASRock A780GM-LE (중고),,46000,1몰,
2191233,PEGATRON IPMSB/H61 (B3) (중고) 인텍앤컴퍼니,,17990,8몰,
2951159,FOXCONN G31MX-K (중고),,18000,1몰,
2951174,ASRock B75M (중고),,25840,16몰,
2976067,ASUS H81M-E (중고),,22020,12몰,
2976087,ASUS H87-PLUS (중고),,96000,1몰,
2976233,ASUS H81M-A (중고),,20990,8몰,
2976245,ASUS Z87-PRO V (중고),,180000,1몰,
3025492,GIGABYTE GA-B75M-D3H (중고),,27080,6몰,
3032975,ASUS P8H61-MX (B3) (중고),,15330,6몰,
3226637,ASUS P9D-MH/10G-DUAL STCOM,,524990,39몰,
3266921,ASUS H81M-K (벌크),,119980,1몰,
3502709,Arduino 아두이노 우노 R3 부속품,호환보드,3300,15몰,
3502710,Arduino 아두이노 우노 R3 부속품,케이스,500,10몰,
3548546,ASUS H110M-K STCOM,,119590,99몰,
3603620,ASUS H110M-K 아이보라,,121960,8몰,
4465664,BIOSTAR G31-M7 TE (중고),,18800,1몰,
4465818,ASRock G31M-S (중고),,30080,2몰,
4467580,ASRock G41M-S3 (중고),,26320,2몰,
4467648,ASRock H55M-LE (중고),,17390,2몰,
4468027,ECS G41T-M6 (중고),,17860,2몰,
4468421,MSI G31TM-P21 (중고),,21620,1몰,
4470578,FOXCONN H61MXL-K (중고),,17000,3몰,
4470743,ECS G41T-M (중고),,17860,2몰,
4470793,ASUS P5G41T-M LX (중고),,50000,1몰,
4470858,GIGABYTE GA-H61M-D2 (B3) (중고),,14990,9몰,
4471348,FOXCONN H55MXV (중고),,12280,8몰,
4471379,FOXCONN H55MXV-LE (중고),,13160,2몰,
4471394,ECS H67H2-M3 (중고),,50000,1몰,
4471514,ASRock H61M-DGS (B3) (중고),,18800,2몰,
4471621,GIGABYTE GA-H61M-DS2V (B3) (중고),,16350,12몰,
4471645,GIGABYTE GA-H81M-S2PV (중고),,20410,16몰,
4471893,ASUS P5KPL-AM (중고),,75000,1몰,
4478863,ASRock B85M-DGS (중고),,25470,17몰,
4482977,ASUS B85M-G (중고),,28000,20몰,
4483142,ASUS H81M-K (중고),,19990,16몰,
4488764,ASRock B85M-HDS (중고),,26690,15몰,
4489009,GIGABYTE GA-B85M-HD3 (중고),,27590,15몰,
4489363,ECS DELUXE H81H3-M3 (중고),,17680,11몰,
4489472,MSI P55-CD53 (중고),,40000,1몰,
4489542,ASRock H81M-DGS (중고),,17990,21몰,
4489619,ASUS P7H55-M LX (중고),,40000,1몰,
4489674,ASUS P8B75-M LX (중고),,22490,21몰,
4490529,GIGABYTE GA-B85M-D3H (중고),,34040,15몰,
4490623,GIGABYTE GA-H61M-S2V (B3) (중고),,18990,6몰,
4490813,GIGABYTE GA-B75M-D3V (중고),,26460,7몰,
4490850,GIGABYTE GA-G31M-ES2L (중고),,37600,3몰,
4494385,FOXCONN G41MX-K (중고),,28200,1몰,
4494526,ASRock H61M-HVGS (B3) (중고),,39500,1몰,
4495710,GIGABYTE GA-H81M-DS2V (중고),,20920,18몰,
4496138,GIGABYTE GA-B85M-DS3H (중고),,32990,14몰,
4496749,ECS H55H-M (중고),,31000,1몰,
4497542,GIGABYTE GA-H77M-D3H (중고),,75000,1몰,
4497687,GIGABYTE GA-H81M-D2V (중고),,19270,10몰,
4497752,ASRock B75M-GL (중고),,29000,1몰,
5232347,BIOSTAR TB250-BTC (해외구매),,139030,11몰,
5516497,ASRock Q87M vPRO (중고),,170000,1몰,
5679942,ASUS B85M-F (중고),,29890,4몰,
5682458,Arduino 아두이노 우노 R3 스타터 키트,기본,45090,2몰,
5686862,Arduino 아두이노 메가 부속품,케이스,1650,2몰,
5713431,ASUS H81M-D PLUS (중고),,21430,13몰,
5727101,GIGABYTE GA-P55A-UD3R (중고),,50000,1몰,
5791747,ASUS B250 MINING EXPERT (해외구매),,145610,3몰,
5857695,ASUS WS X299 PRO STCOM,,653300,3몰,
5857728,ASUS WS X299 PRO/SE STCOM,,933560,3몰,
5857774,ASUS WS X299 SAGE STCOM,,1538010,3몰,
5881295,BIOSTAR Hi-Fi B85S3+ (중고) 이엠텍,,46000,1몰,
5896041,ASUS WS X299 SAGE 아이보라,,1185050,16몰,
5991341,코코아팹 오렌지보드 BLE,기본,24200,1몰,
5991461,코코아팹 오렌지보드 Nano,기본,15990,12몰,
5993711,MSI H81M-P33 (중고),,20860,18몰,
5994057,ASRock B85M PRO4 (중고),,34490,22몰,
5994200,GIGABYTE GA-B85-HD3 (중고),,28990,8몰,
5994380,GIGABYTE GA-B85M-D2V (중고),,24990,13몰,
5994603,MSI B85M-E33 (중고),,29610,3몰,
5994682,ASRock H81M-DG4 (중고),,19220,14몰,
5994821,ASRock H81M-HDS (중고),,21990,14몰,
5994884,ECS ESSENTIALS H81H3-M4 (중고),,14000,14몰,
5997948,GIGABYTE GA-A320M-S2H 듀러블에디션 피씨디렉트,,110000,1몰,
6016659,GIGABYTE H370 HD3 듀러블에디션 피씨디렉트,,200000,1몰,
6017713,ASRock B360M PRO4 디앤디컴,,146000,1몰,
6024335,ASUS PRIME H310M-K STCOM,,156000,1몰,
6132986,ASRock Rack EPC621D8A 명인일렉트로닉스,,688350,42몰,
6145321,ASUS H97-PLUS (중고),,96000,1몰,
6145411,GIGABYTE GA-B85M-Gaming 3 게이밍에디션 (중고),,60000,1몰,
6145461,ASRock B85M (중고),,32000,1몰,
6153517,GIGABYTE GA-H110M-DS2V 듀러블에디션 (중고),,29610,3몰,
6153564,GIGABYTE GA-H110-D3A BTC 듀러블에디션 (중고),,75000,1몰,
6153694,ASRock H110M-HDV (중고),,29540,12몰,
6153801,BIOSTAR H81MDV3 (중고),,17000,4몰,
6153807,BIOSTAR H81MDV5 (중고),,21150,1몰,
6179481,GIGABYTE GA-H81M-HD2 (중고),,39620,2몰,
6179521,GIGABYTE GA-H81M-D3V (중고),,24960,7몰,
6179549,GIGABYTE GA-H87M-HD3 (중고),,90000,1몰,
6192932,BIOSTAR H77MU3 소백 (중고) 이엠텍,,75000,1몰,
6343237,ASRock H77 Pro4/MVP (중고),,71000,1몰,
6354378,MSI B75MA-E33 GEN3 (중고),,27990,6몰,
6371155,GIGABYTE GA-B85M-DS3H-A (중고),,31800,15몰,
6449392,ASUS P8H67 B3 (중고),,41000,1몰,
6494014,ASRock B450 PRO4 디앤디컴,,155000,1몰,
6500307,GIGABYTE A320M-H 듀러블에디션 피씨디렉트,,110000,1몰,
6508375,GIGABYTE Z390 AORUS ULTRA 제이씨현,,350000,1몰,
6558463,ASRock H97 Performance (중고),,50000,2몰,
6643243,ASUS P11C-X 아이보라,,410000,1몰,
6897841,B150 M-ATX (중고),,30990,109몰,
6898267,H110 M-ATX (중고),,19900,307몰,
6898747,B250 M-ATX (중고),,59000,2몰,
6898861,B250 ATX (중고),,65000,2몰,
6899308,Z170 ATX (중고),,39900,4몰,
6899626,H170 ATX (중고),,43790,15몰,
6900646,Z270 ATX (중고),,150000,1몰,
6900835,H270 ATX (중고),,47490,9몰,
6901537,H170 M-ATX (중고),,150000,1몰,
7015291,ASRock B450 스틸레전드 디앤디컴,,155000,1몰,
7097008,ASRock B450M 스틸레전드 디앤디컴,,155000,1몰,
7452148,ASUS EX A320M-GAMING 대원씨티에스,,111000,1몰,
8345859,ASUS WS X299 SAGE/10G STCOM,,1800000,7몰,
8520741,MSI MPG X570 게이밍 엣지 WiFi,,1099900,1몰,
9500100,MSI MPG X470 게이밍 플러스 맥스,,195990,3몰,
9597318,ASRock X570 AQUA 에즈윈,,2500000,1몰,
9680205,Raspberry Pi 라즈베리 파이 4 모델 B,2GB,72100,1몰,
10114683,GIGABYTE TRX40 DESIGNARE 피씨디렉트,,1467000,2몰,
10525329,ECS DURATHON2 GLKD-I-J4005 코잇 (벌크),기본,107990,3몰,
10525335,ECS DURATHON2 GLKD-I-J4005 코잇 (벌크),65W 어댑터,118440,1몰,
10641108,ASUS Tinker Fanless Aluminum Case,,36800,31몰,
10864752,ASRock A320M-HDVP 디앤디컴,,110000,1몰,
11032305,ASUS Tinker Edge T,기본,139000,1몰,
11210097,ASUS ROG STRIX Z490-E GAMING STCOM,,500000,1몰,
11223537,MSI MEG Z490 갓라이크,,1390000,1몰,
11571368,ASUS TUF Gaming B550M-PLUS STCOM,,152990,143몰,
11572991,ASRock B550M PRO4 에즈윈,,539130,1몰,
11574458,ASUS PRIME B550M-A 대원씨티에스,,119900,111몰,
11574545,ASUS PRIME B550M-K 대원씨티에스,,105000,89몰,
11684576,GIGABYTE B550M AORUS ELITE 제이씨현,,213590,9몰,
11743040,ASUS Tinker Edge R,기본,219000,1몰,
11751599,GIGABYTE B550M AORUS ELITE 피씨디렉트,,200000,8몰,
11934316,ASUS ROG STRIX B550-A GAMING 대원씨티에스,,1939000,1몰,
11934553,GIGABYTE B460M H 듀러블에디션 피씨디렉트,,115000,1몰,
11973272,Z370 (중고),,62850,23몰,
11973338,H310 (중고),,36660,58몰,
11973377,B360 (중고),,48990,85몰,
11973419,B365 (중고),,51680,54몰,
11973452,H370 (중고),,64990,15몰,
11973482,Z390 (중고),,81970,17몰,
12022880,ASRock B550M-ITX/ac 디앤디컴,,430000,6몰,
12060293,ASUS PRIME A520M-K STCOM,,65000,13몰,
12060863,ASUS PRIME A520M-K/CSM STCOM,,117260,106몰,
12067598,MSI A520M-A PRO,,61890,243몰,
12067610,ASUS PRIME A520M-K 아이보라,,67060,4몰,
12069566,ASUS PRIME A520M-K 대원씨티에스,,61090,191몰,
12077093,GIGABYTE A520M S2H 듀러블에디션 제이씨현,,89000,17몰,
12077126,GIGABYTE A520M H 듀러블에디션 제이씨현,,90000,3몰,
12083765,GIGABYTE A520M S2H 듀러블에디션 피씨디렉트,,89000,1몰,
12086510,ASRock A520M-HVS 디앤디컴,,64060,104몰,
12092663,ASRock A520M-HDV 디앤디컴,,69450,132몰,
12121013,ASRock A520M-ITX/ac 디앤디컴,,177760,133몰,
12130286,ASRock A520M-HDV 에즈윈,,71500,135몰,
12130319,ASRock A520M-HVS 에즈윈,,73480,5몰,
12464213,ASRock B550M Phantom Gaming 4 에즈윈,,108970,144몰,
12487823,ASRock B550M Phantom Gaming 4 디앤디컴,,107590,149몰,
12660353,ASRock A520M-HDV 디앤디컴 (벌크),,67710,114몰,
12660362,ASRock A520M-HVS 디앤디컴 (벌크),,71010,83몰,
12701975,ASUS ROG CROSSHAIR VIII DARK HERO STCOM,,550000,1몰,
12761789,ASUS ROG ZENITH EXTREME ALPHA 대원씨티에스,,762470,73몰,
12968927,라즈베리파이 실습용 프리미엄 키트 41종 (SZH-EK041),,101200,1몰,
12971276,아두이노 CH341A USB EEOROM 롬라이터,,3530,40몰,
13016483,BBC 마이크로비트,기본키트,91000,2몰,
13057562,아두이노 터치 센서 TTP223B,,220,37몰,
13057682,아두이노 압력 센서 FSR402,,3850,19몰,
13057787,Arduino 아두이노 우노 R3 DIP타입 호환보드 DM70,,15770,3몰,
13058087,아두이노 적외선 광센서 TCRT5000,,80,41몰,
13058783,아두이노 RGB 모듈 5mm DM52,,570,2몰,
13154523,ASRock X670E PG Lightning 디앤디컴,,489000,1몰,
13158504,ASUS ROG STRIX X670E-F GAMING WIFI STCOM,,701000,5몰,
13164092,MSI 프레스티지 X570 크리에이션 (해외구매),,600000,1몰,
13165257,A520 (중고),,54900,3몰,
13165613,아두이노 센서 적외선 포토 인터럽트 C73,,1100,3몰,
13170663,Z690 DDR4 (중고),,220000,1몰,
13170711,Z690 DDR5 (중고),,220000,1몰,
13222421,아두이노 나노 V3.0 호환보드,,2900,65몰,
13278866,아두이노 HM-10 블루투스 4.0 모듈,,6600,11몰,
13289012,ASRock B560 PRO4 에즈윈,,220000,1몰,
13289171,ASRock B560M PRO4 에즈윈,,201000,1몰,
13355441,ASUS ROG STRIX Z590-F GAMING WIFI 인텍앤컴퍼니,,550000,1몰,
13396157,ASUS TUF B450M-PRO GAMING (해외구매),,171740,27몰,
13411379,MSI A520M-A PRO (해외구매),,56260,88몰,
13411424,MSI A520M PRO (해외구매),,65160,18몰,
13435220,아두이노 적외선 PIR 인체감지센서 HC-SR501,,660,37몰,
13435439,아두이노 0.96인치 OLED 모듈 3종,,4500,4몰,
13435628,아두이노 우노 2.4인치 TFT 터치 LCD 쉴드,,6050,8몰,
13435784,아두이노 완전정복 + 스타터 키트 라이트,,86900,23몰,
13435838,아두이노 완전정복 + 스타터 키트 스탠다드,,221090,23몰,
13436012,3.2인치 TFT 터치 LCD For 라즈베리파이,,25300,1몰,
13561976,ASUS TUF Gaming B560M-PLUS WIFI 인텍앤컴퍼니,,300000,1몰,
13562387,ASUS PRO WS WRX80E-SAGE SE WIFI 대원씨티에스,,1682600,2몰,
13571723,NE555P 타이머IC,,70,16몰,
13587644,ASUS TUF Gaming Z590-PLUS 인텍앤컴퍼니,,500000,1몰,
13607285,삼성전자 H61S1 (중고),,13160,8몰,
13612370,MSI MEG Z490I 유니파이 (해외구매),,294800,6몰,
13628021,MSI H510M-A PRO,,111000,1몰,
13628870,MSI MAG B450M 박격포 맥스 (해외구매),,173240,4몰,
13631252,MSI MAG B550 토마호크 (해외구매),,218030,52몰,
13774883,ASUS ROG MAXIMUS XIII EXTREME 코잇,,1727250,5몰,
13830011,GIGABYTE H510M H 듀러블에디션 제이씨현,,113750,6몰,
13875599,ASUS ROG MAXIMUS XIII APEX 인텍앤컴퍼니,,650000,1몰,
13889696,ASRock H81 PRO BTC R2.0 (중고),,53900,2몰,
13889813,아두이노 16채널 12V 릴레이 모듈,,8800,20몰,
13889939,아두이노 Pro Micro 보드,,5000,10몰,
13902929,B450 (중고),,51900,55몰,
13923911,ASUS PRO WS WRX80E-SAGE SE WIFI 아이보라,,1557100,68몰,
13928168,ASUS ROG MAXIMUS XIII EXTREME GLACIAL 아이보라,,2750000,1몰,
13949078,아두이노 MP1584EN DC-DC 스텝다운,,600,6몰,
13949195,아두이노 MAX485 TTL to RS485 컨버터 모듈,,420,46몰,
13949315,아두이노 텍스트 LCD 2004 (20X4),,6440,18몰,
13949627,LKino MEGA128 트레이닝 보드 LA18,,97900,1몰,
13980314,ASUS ROG MAXIMUS XIII EXTREME GLACIAL 코잇,,1164890,34몰,
14005334,ASUS PRIME H510M-K 인텍앤컴퍼니,,470000,1몰,
14146673,아이노비아 H81-BTC (중고),,75000,1몰,
14146880,아두이노 전압측정센서 모듈,,140,20몰,
14146994,아두이노 레오나르도 R3 호환보드,,5160,18몰,
14200919,NVIDIA Jetson Xavier NX Developer Kit (해외구매),,1240000,3몰,
14267837,ASUS P8H61-M PLUS2 (B3) (중고),,38000,1몰,
14652515,ASRock B75M-DGS (중고),,27990,9몰,
14749595,아두이노 PS2 조이스틱 모듈,,440,40몰,
14872736,ASUS P11C-X 인텍앤컴퍼니,,450260,2몰,
14901068,LattePanda 라떼판다 알파 864s DFR0547,,735900,1몰,
15140333,아두이노 Micro USB TP4056 리튬배터리 충전모듈,,300,9몰,
15141536,아두이노 MG996R 180도 서보모터,,2700,25몰,
15250106,ASRock Rack ROMED8-2T,,1212560,27몰,
15298127,Supermicro X11SCZ-F STCOM,,588950,2몰,
15493718,MSI MAG B550M 박격포 WiFi (해외구매),,671260,2몰,
15497456,아두이노 S335 토양 습도 수분 감지 센서 Probe,,6600,2몰,
15497636,리니어레일 슬라이드 아두이노 구동 부품 세트,,47990,3몰,
15497753,라즈베리파이 호환 18650 5V 4A UPS 충전모듈,,49300,2몰,
15497837,W302 USB 호스트 쉴드 보드 아두이노,,57200,3몰,
15497894,HC-06 아두이노 블루투스 모듈,,2000,43몰,
15497969,Arduino 아두이노 우노 R3 호환보드 DM72,,2720,13몰,
15498581,Arduino 아두이노 MQ135 유해가스 감지 센서 모듈,,1200,11몰,
15498641,Arduino 아두이노 MQ9 일산화탄소 감지 센서 모듈,,1800,4몰,
15504146,MSI MPG Z590 게이밍 카본 WIFI (해외구매),,500000,1몰,
15613028,ASUS PRIME H570-PLUS 인텍앤컴퍼니,,121260,1몰,
15618923,MSI MAG Z690 토마호크 WIFI DDR4,,650000,1몰,
15653582,GIGABYTE Z690 AORUS ELITE 피씨디렉트,,380000,1몰,
15673778,ASUS ROG MAXIMUS Z690 EXTREME GLACIAL 아이보라,,3196000,2몰,
15914351,MSI MPG Z690 포스 WIFI (해외구매),,742600,2몰,
15932150,GIGABYTE Z690 AORUS XTREME WATERFORCE 피씨디렉트,,1089990,19몰,
16083650,ASUS PRIME H610M-K D4 인텍앤컴퍼니,,77380,243몰,
16084790,ASUS PRIME H610M-E D4 인텍앤컴퍼니,,125000,2몰,
16085327,ASUS TUF Gaming B660M-E D4 인텍앤컴퍼니,,209000,1몰,
16095767,ASUS PRIME H610M-D D4 코잇,,125810,1몰,
16099619,ASUS PRIME H610M-E D4 코잇,,140000,1몰,
16102367,GIGABYTE H610M H D4 듀러블에디션 제이씨현,,81000,5몰,
16102667,GIGABYTE H610M S2H D4 듀러블에디션 제이씨현,,116000,1몰,
16103087,ASUS TUF Gaming B660-PLUS WIFI D4 STCOM,,250000,1몰,
16103114,ASUS ROG STRIX B660-G GAMING WIFI STCOM,,405140,1몰,
16103126,ASUS ROG STRIX B660-F GAMING WIFI STCOM,,402000,1몰,
16103129,ASUS ROG STRIX B660-A GAMING WIFI D4 STCOM,,364060,1몰,
16103177,ASUS PRIME H610M-A D4 STCOM,,102900,146몰,
16103297,ASUS PRIME H610M-E D4 아이보라,,163980,3몰,
16103330,GIGABYTE H610M H D4 듀러블에디션 피씨디렉트,,115000,1몰,
16103333,GIGABYTE H610M S2H D4 듀러블에디션 피씨디렉트,,127520,1몰,
16145165,아툼 B250-P MINING (벌크),,155000,1몰,
16259744,NVIDIA Jetson AGX Xavier Developer Kit (해외구매),,3450000,2몰,
16260506,ASUS EX H610M-V3 D4 STCOM,,95990,97몰,
16275491,Z490 (중고),,85000,19몰,
16275497,H470 (중고),,54210,27몰,
16275503,B460 (중고),,63530,62몰,
16275521,H410 (중고),,44900,99몰,
16275539,Z590 (중고),,114680,7몰,
16275545,H570 (중고),,102810,8몰,
16275551,B560 (중고),,60990,24몰,
16275566,H510 (중고),,60650,84몰,
16275866,A320 (중고),,47490,59몰,
16276010,B350 (중고),,49990,32몰,
16276364,X570 (중고),,129900,12몰,
16277339,B550 (중고),,89890,38몰,
16284179,ASUS PRIME A520M-A II 대원씨티에스,,80310,171몰,
16285538,ASUS ROG MAXIMUS Z690 EXTREME GLACIAL STCOM,,2994000,2몰,
16313690,ECS DURATHON2 GLKD-I-N4020 코잇 (벌크),기본,97850,10몰,
16314863,MSI PRO H610M-G DDR4,,99980,67몰,
16388984,ECS DURATHON2 GLKD-I-N4020 코잇 (벌크),65W 어댑터,101000,6몰,
16425494,ASUS TUF Gaming Z690-PLUS WIFI 인텍앤컴퍼니,,459000,1몰,
16507886,아두이노 1채널 12V 릴레이 모듈,,440,14몰,
16637543,MSI PRO H610M-C EX,,113900,168몰,
16660088,ASRock H610M-HDV/M.2 D4 디앤디컴 (벌크),,96360,8몰,
16734461,에너지옵티머스 B250 BTC-12P (벌크),,111000,1몰,
16946939,W238 UART 아두이노 초음파 거리센서,,36990,3몰,
16946948,W238 PWM 아두이노 초음파 거리센서,,33660,7몰,
16971290,ASUS PRIME H410M-A STCOM,,121960,99몰,
16991345,에너지옵티머스 B75USB BTC (벌크),,103000,1몰,
17021852,ASRock H310CM-HDVP 에즈윈,,156000,1몰,
17054963,아두이노 RGB 3색 LED 4핀 센서,,330,2몰,
17192960,ASUS Pro H610T/CSM D4 코잇 (벌크),기본,172990,5몰,
17193002,ASUS Pro H610T/CSM D4 코잇 (벌크),120W 어댑터,196550,4몰,
17400644,GIGABYTE B660M GAMING X 피씨디렉트,,202000,1몰,
17529074,라즈베리파이 3B 아크릴 케이스,,3100,1몰,
17529134,아두이노 CDS 조도 센서 GL5537,,50,14몰,
17541941,ASRock B660M-HDVP/D5 R2.0 에즈윈 (벌크),,200000,6몰,
17541950,ASUS Pro H610T/CSM D4 아이보라 (벌크),기본,168380,68몰,
17543330,MSI MPG Z690 엣지 WIFI (해외구매),,612470,3몰,
17697992,GIGABYTE H610I D4 듀러블에디션 피씨디렉트,,159950,51몰,
17700305,NVIDIA Jetson AGX Orin Developer Kit (해외구매),,2730060,28몰,
17743769,B660 DDR4 (중고),,121000,1몰,
17792948,ASRock H610M-HDV/M.2 R2.0 D4 디앤디컴,,90980,129몰,
17793371,ASRock H610M-HVS/M.2 R2.0 D4 디앤디컴,,87900,15몰,
17831603,ASRock H610M-HDV/M.2 R2.0 D4 디앤디컴 (벌크),,86690,114몰,
17847224,ASRock H610M-HDV/M.2 R2.0 D4 에즈윈,,88170,146몰,
17847233,ASRock H610M-HDV/M.2 R2.0 D4 에즈윈 (벌크),,87070,115몰,
17847248,ASRock H610M-HVS/M.2 R2.0 D4 에즈윈,,79690,144몰,
17847254,ASRock H610M-HVS/M.2 R2.0 D4 에즈윈 (벌크),,81520,134몰,
17925728,MSI MPG X670E 카본 WiFi,,646910,66몰,
17926655,GIGABYTE X670 AORUS ELITE AX 피씨디렉트,,589000,7몰,
17926748,ASUS ROG STRIX X670E-A GAMING WIFI STCOM,,655990,115몰,
17926751,ASUS ROG STRIX X670E-I GAMING WIFI STCOM,,987580,2몰,
17926787,ASUS ROG STRIX X670E-A GAMING WIFI 대원씨티에스,,421000,86몰,
17929628,ASRock X670E Taichi 디앤디컴,,1030750,1몰,
17968601,ASRock C621A WS 에즈윈,,1871000,1몰,
17970338,GIGABYTE B650M AORUS ELITE 제이씨현,,225050,38몰,
17970548,GIGABYTE B650 AERO G 제이씨현,,459000,1몰,
17971178,MSI MPG B650 카본 WIFI,,915000,1몰,
17971181,MSI MAG B650 토마호크 WIFI,,248970,191몰,
17971184,MSI PRO B650M-A WIFI,,176900,218몰,
17971187,MSI MAG B650M 박격포 WIFI,,233100,229몰,
17971196,ASRock B650 PG Lightning 디앤디컴,,319000,3몰,
17971202,ASRock B650 Pro RS 디앤디컴,,379000,1몰,
17971205,ASRock B650E PG Riptide WiFi 디앤디컴,,429000,1몰,
17971247,ASRock B650 Pro RS 에즈윈,,329000,2몰,
17971253,ASRock B650M PG Riptide 에즈윈,,245820,2몰,
17971598,ASRock B650 PG Lightning 대원씨티에스,,230000,4몰,
17971604,ASRock B650M PG Riptide 대원씨티에스,,178920,162몰,
18007478,ASRock B650E PG Riptide WiFi 대원씨티에스,,355100,4몰,
18007499,ASRock B650E 스틸레전드 WiFi 대원씨티에스,,438970,1몰,
18021491,ASUS TUF Gaming B650M-PLUS WIFI 대원씨티에스,,261500,2몰,
18021581,ASUS TUF Gaming B650-PLUS 대원씨티에스,,211890,136몰,
18021662,ASUS TUF Gaming B650-PLUS WIFI 대원씨티에스,,271000,4몰,
18021842,ASUS ROG STRIX B650-A GAMING WIFI 대원씨티에스,,294040,96몰,
18036965,MSI B550M PRO-VDH WIFI (해외구매),,95350,47몰,
18044519,ASUS TUF Gaming B650M-PLUS STCOM,,212730,164몰,
18044522,ASUS TUF Gaming B650M-PLUS WIFI STCOM,,252770,126몰,
18044549,ASUS TUF Gaming B650-PLUS STCOM,,312000,6몰,
18044558,ASUS TUF Gaming B650-PLUS WIFI STCOM,,379950,129몰,
18044567,ASUS ROG STRIX B650-A GAMING WIFI STCOM,,355610,137몰,
18044582,ASUS ROG STRIX B650E-E GAMING WIFI STCOM,,330990,102몰,
18052067,ASRock Z790 Pro RS D5 에즈윈,,287290,161몰,
18052340,ASRock Z790 PG Lightning D5 에즈윈,,271660,152몰,
18054803,ASUS PRIME Z790-P-CSM 코잇,,328960,140몰,
18054881,ASUS PRIME Z790-P WIFI-CSM 코잇,,365450,116몰,
18059849,ASUS ROG MAXIMUS Z790 HERO STCOM,,1309900,1몰,
18060350,GIGABYTE Z790 AORUS ELITE 피씨디렉트,,600000,8몰,
18060353,ASRock Z790 Pro RS D5 디앤디컴,,286090,124몰,
18060362,ASRock Z790 PG Lightning D5 디앤디컴,,269000,2몰,
18060380,MSI PRO Z790-A WIFI DDR4,,399680,1몰,
18109313,MSI PRO H610M-E DDR4,,77800,187몰,
18112316,GIGABYTE Z790 AORUS ELITE 제이씨현,,438200,4몰,
18112607,GIGABYTE B650 AERO G 피씨디렉트,,374590,95몰,
18113015,GIGABYTE B650M AORUS ELITE AX 피씨디렉트,,192020,168몰,
18128375,ASUS PRIME B650-PLUS STCOM,,333400,127몰,
18157412,GIGABYTE B650M DS3H 듀러블에디션 제이씨현,,236000,3몰,
18165161,GIGABYTE B650M AORUS ELITE 피씨디렉트,,173840,175몰,
18172115,MSI MPG B650 엣지 WIFI,,329000,15몰,
18173051,ASUS ROG STRIX B650E-F GAMING WIFI STCOM,,370000,69몰,
18189497,GIGABYTE B650 AORUS ELITE 피씨디렉트,,257370,18몰,
18204728,MSI MPG B650 엣지 WIFI (해외구매),,292800,15몰,
18221786,MSI MPG Z790I 엣지 WIFI (해외구매),,420890,15몰,
18222359,MSI MPG X670E 카본 WiFi (해외구매),,468470,19몰,
18222548,MSI PRO X670-P WiFi (해외구매),,447360,7몰,
18223226,MSI MAG B650 토마호크 WIFI (해외구매),,254000,24몰,
18254819,ASUS ROG MAXIMUS Z790 HERO 코잇,,1058980,65몰,
18261176,GIGABYTE Z790 AORUS ELITE AX 피씨디렉트,,462000,2몰,
18261245,GIGABYTE Z790 UD 피씨디렉트,,300560,124몰,
18262592,ASRock B550M PRO4 디앤디컴 (벌크),,90000,1몰,
18264857,GIGABYTE Z790 AORUS ELITE AX 제이씨현,,452000,3몰,
18265187,GIGABYTE Z790 UD 제이씨현,,306000,21몰,
18265715,ASUS ROG STRIX B650E-F GAMING WIFI 대원씨티에스,,362990,11몰,
18301766,MSI PRO H610M-G DDR4 (해외구매),,126150,26몰,
18319445,MSI MPG Z790 카본 WIFI (해외구매),,524200,9몰,
18342989,MSI MEG Z790 에이스 (해외구매),,1248100,1몰,
18344078,GIGABYTE Z790 AORUS ELITE AX (해외구매),,348810,4몰,
18344240,GIGABYTE B650M AORUS ELITE AX (해외구매),,317560,17몰,
18376385,ASUS ROG STRIX B650E-I GAMING WIFI STCOM,,413140,78몰,
18397403,GIGABYTE B560M AORUS PRO AX (해외구매),,257990,2몰,
18397637,ASUS TUF Gaming H670-PRO WIFI D4 (해외구매),,391400,1몰,
18400013,MSI MAG Z790 토마호크 WIFI (해외구매),,364980,16몰,
18403331,ASRock A520M-HDV 대원씨티에스,,69300,35몰,
18448628,MSI MPG B650I 엣지 WIFI,,343000,111몰,
18449468,MSI MPG B650I 엣지 WIFI (해외구매),,318760,59몰,
18460412,GIGABYTE Z790 AORUS XTREME 제이씨현,,1550000,1몰,
18485645,ASRock Z790 Pro RS WiFi D5 디앤디컴,,354000,4몰,
18523409,ASUS PRIME H610M-K D4 아이보라,,77710,87몰,
18599705,ASUS TUF Gaming Z790-PLUS WIFI 인텍앤컴퍼니,,527000,1몰,
18646550,ASRock B760M 스틸레전드 WiFi D5 에즈윈,,350000,3몰,
18646934,ASRock B760M PG Riptide D5 에즈윈,,279000,1몰,
18649997,GIGABYTE B760M AORUS ELITE 제이씨현,,189990,18몰,
18650483,GIGABYTE B760M DS3H D4 제이씨현,,131000,185몰,
18651431,GIGABYTE B760M AORUS ELITE 피씨디렉트,,182750,135몰,
18651506,GIGABYTE B760M AORUS ELITE AX 피씨디렉트,,215650,53몰,
18651560,GIGABYTE B760M DS3H D4 피씨디렉트,,131630,137몰,
18652442,ASUS PRIME B760M-K D4 코잇,,159990,82몰,
18652511,ASUS EX B760M-V5 D4 코잇,,158350,72몰,
18652865,MSI MAG B760 토마호크 WIFI,,229980,161몰,
18652871,MSI MAG B760M 박격포,,278060,3몰,
18652886,MSI PRO B760M-G DDR4,,128980,136몰,
18652889,MSI PRO B760M-P DDR4,,128970,175몰,
18652895,ASUS PRIME B760M-K D4 STCOM,,163980,29몰,
18662558,ASUS ROG STRIX B760-F GAMING WIFI STCOM,,441000,5몰,
18662669,ASUS ROG STRIX B760-G GAMING WIFI D4 STCOM,,423000,5몰,
18662789,ASUS ROG STRIX B760-I GAMING WIFI STCOM,,390710,126몰,
18663323,COLORFUL BATTLE-AX B760M-PLUS V20 D5 STCOM,,154420,121몰,
18663455,GIGABYTE H610M K D4 피씨디렉트,,75520,186몰,
18670778,GIGABYTE H610M K D4 제이씨현,,74710,208몰,
18716924,ASUS ROG STRIX B760-I GAMING WIFI 코잇,,336400,135몰,
18718829,ASRock B650 Pro RS 대원씨티에스,,301990,94몰,
18718865,ASRock B650 LiveMixer 대원씨티에스,,405000,1몰,
18725312,ASUS PRIME B760M-K D4 인텍앤컴퍼니,,137513,51몰,
18781991,GIGABYTE B760M DS3H 피씨디렉트,,151980,37몰,
18813608,GIGABYTE B760M DS3H 제이씨현,,150280,65몰,
18815033,GIGABYTE B760 AORUS ELITE 제이씨현,,292000,2몰,
18815243,GIGABYTE B760 GAMING X 제이씨현,,289000,2몰,
18874781,ASUS TUF Gaming B660M-PLUS WIFI 코잇,,261300,1몰,
18917408,X470 (중고),,76430,6몰,
18993305,GIGABYTE B760M AORUS ELITE AX 제이씨현,,221860,5몰,
19163258,ASUS PRIME B650M-A II STCOM,,222600,69몰,
19170107,GIGABYTE H610M S2H V2 D4 듀러블에디션 피씨디렉트,,112080,121몰,
19177262,BIOSTAR B760MZ-E PRO D5 이엠텍,,197160,1몰,
19240112,ECS H610H7-TI5 코잇,기본,165000,4몰,
19240121,ECS H610H7-TI5 코잇,120W 어댑터 포함,188000,1몰,
19241759,MSI PRO B760M-A WIFI,,161980,205몰,
19242146,GIGABYTE H610M S2H V2 D4 듀러블에디션 제이씨현,,113980,180몰,
19306598,ASUS TUF Gaming B760-PLUS WIFI 인텍앤컴퍼니,,299250,1몰,
19429325,ASUS PRIME B760-PLUS STCOM,,249000,2몰,
19431530,GIGABYTE A520M K V2 피씨디렉트,,58600,191몰,
19498640,ASRock B760M Pro RS D5 디앤디컴,,157170,159몰,
19523846,COLORFUL H610M-E M.2 V20 D4 STCOM,,78980,106몰,
19536062,ASRock B760M Pro RS D5 에즈윈,,162750,166몰,
19536692,ASRock B650M-HDV/M.2 에즈윈,,186680,1몰,
19554155,ASUS WS C422 SAGE/10G STCOM,,1371460,2몰,
19556732,ASUS PRO WS W680-ACE IPMI STCOM,,655980,115몰,
19556996,ASUS PRO WS W680-ACE STCOM,,539980,105몰,
19605602,ASUS PRIME B760M-A STCOM,,168990,116몰,
19606709,ASUS ROG STRIX B760-A GAMING WIFI STCOM,,371980,5몰,
19610558,GIGABYTE H610M S2H 듀러블에디션 제이씨현,,128000,3몰,
19619507,GIGABYTE H610M H 듀러블에디션 제이씨현,,111200,65몰,
19627397,ASRock B550M Phantom Gaming 4 대원씨티에스,,103900,122몰,
19628207,ASUS TUF Gaming B760M-PLUS 코잇,,188750,80몰,
19648718,ASRock B650 Pro RS + WiFi6E 모듈 패키지 디앤디컴,,379320,1몰,
19649354,ASRock B650 PG Lightning + WiFi6E 모듈 패키지 디앤디컴,,349000,2몰,
19673210,ASUS PRIME B760M-A WIFI STCOM,,233000,1몰,
19673600,GIGABYTE A620M GAMING X 제이씨현,,154670,47몰,
19673975,ECS DURATHON2 B760H7-M8 코잇 (벌크),,143520,67몰,
19691519,ASUS PRIME B650M-A II 대원씨티에스,,126960,166몰,
19704527,ASUS PRIME B760M-A 코잇,,150570,140몰,
19705316,MSI PRO A620M-E,,96700,169몰,
19719305,GIGABYTE H310M HD2 2.0 듀러블에디션 (중고),,156000,1몰,
19719872,MSI H110M PRO-VD PLUS (중고),,28660,6몰,
19725299,GIGABYTE A620M GAMING X 피씨디렉트,,166140,117몰,
19753526,ECS DURATHON2 B760H7-M8 코잇,,144860,72몰,
19755890,ASRock A620M-HDV/M.2+ 에즈윈,,129000,5몰,
19756130,ASUS PRIME B760-PLUS 코잇,,236390,101몰,
19756199,ASUS TUF Gaming B760-PLUS WIFI 코잇,,247980,132몰,
19772375,ASUS PRIME B760M-A 인텍앤컴퍼니,,155000,29몰,
19772519,ASUS PRIME B760-PLUS 인텍앤컴퍼니,,279000,1몰,
19772732,ASUS TUF Gaming B760M-PLUS 인텍앤컴퍼니,,187000,1몰,
19827572,ASRock A620M-HDV/M.2+ 디앤디컴,,128500,5몰,
19834694,GIGABYTE H610M S2H 듀러블에디션 피씨디렉트,,128000,2몰,
19868960,GIGABYTE B760M H D4 제이씨현,,157920,1몰,
19903283,ASUS ROG STRIX B760-A GAMING WIFI 코잇,,378750,1몰,
19903481,ASUS ROG STRIX B760-G GAMING WIFI 코잇,,213870,183몰,
19924310,ASUS PRIME A620M-A STCOM,,113990,15몰,
19925807,ASUS TUF Gaming A620M-PLUS STCOM,,180280,64몰,
19926059,ASUS TUF Gaming A620M-PLUS WIFI STCOM,,201930,64몰,
19926611,ASUS PRIME A620M-A 대원씨티에스,,107630,140몰,
19926731,ASUS TUF Gaming A620M-PLUS 대원씨티에스,,122490,115몰,
19927037,ASUS TUF Gaming A620M-PLUS WIFI 대원씨티에스,,181000,2몰,
19927871,ASUS P12R-I STCOM,,370360,112몰,
19936247,ASRock A620M-HDV/M.2 대원씨티에스,,103990,29몰,
19938515,GIGABYTE H610M K 제이씨현,,97720,8몰,
19999916,GIGABYTE H610M K 피씨디렉트,,109000,2몰,
20012147,ASRock Z790 Pro RS D5 + WiFi6E 모듈 패키지 디앤디컴,,321080,113몰,
20027564,ASUS PRIME H510M-K R2.0 인텍앤컴퍼니,,113750,6몰,
20079008,ASUS PRIME Z790M-PLUS-CSM 코잇,,331120,25몰,
20103287,ASRock B760M Pro RS D5 + WiFi6E 모듈 패키지 디앤디컴,,187860,116몰,
20108249,MSI PRO B650M-P,,129400,170몰,
20119583,GIGABYTE H610M H V2 D4 피씨디렉트,,77250,173몰,
20140688,ASRock A620M-HDV/M.2+ + WiFi6E 모듈 패키지 디앤디컴,,159000,2몰,
20140877,ASRock A620M-HDV/M.2 + WiFi6E 모듈 패키지 디앤디컴,,146060,1몰,
20171636,MSI PRO B760M-P,,143090,145몰,
20226533,Supermicro X13SAQ STCOM,,668810,99몰,
20226770,Supermicro X13SAZ-Q STCOM,,687680,95몰,
20231597,GIGABYTE A620M S2H 피씨디렉트,,114000,2몰,
20317493,ASUS PRIME B760M-K STCOM,,150000,1몰,
20317796,ASUS ProArt B760-CREATOR STCOM,,472000,4몰,
20318291,ASUS TUF Gaming A620-PRO WIFI STCOM,,276920,130몰,
20324882,GIGABYTE B650M K 제이씨현,,121900,275몰,
20343650,ASUS PRIME B760M-K 코잇,,166990,81몰,
20344700,ASUS PRIME H610M-CS D4 코잇,,77870,139몰,
20391572,ASRock B650M Pro RS 디앤디컴,,340000,6몰,
20405063,ASRock B760M PG LIGHTNING/D4 디앤디컴,,165440,1몰,
20459081,GIGABYTE A520M K V2 제이씨현,,59430,255몰,
20462924,GIGABYTE H610M H V2 D4 제이씨현,,80860,192몰,
20506130,ASRock A620M-HDV/M.2+ 대원씨티에스,,126000,5몰,
20524634,ASRock A520M-HVS 에즈윈 (벌크),,75000,19몰,
20536331,ASRock B760M-HDVP D5 에즈윈 (벌크),,132470,128몰,
20593100,BIOSTAR A520MT 이엠텍,,80000,1몰,
20600072,Supermicro X13SEM-F STCOM,,1352400,2몰,
20612690,ASUS PRIME B760M-KS 코잇 (벌크),,129000,13몰,
20645075,Supermicro X13DEI-T STCOM,,1980000,1몰,
20645813,Supermicro X13SWA-TF STCOM,,1590610,67몰,
20710217,ASUS PRIME B760M-K 인텍앤컴퍼니,,150000,41몰,
20738630,COLORFUL BATTLE-AX B760M-K V20 D5 STCOM,,129890,100몰,
21421541,ASUS TUF Gaming B650M-E 대원씨티에스,,192000,2몰,
21427535,ASUS TUF Gaming B650M-E WIFI 대원씨티에스,,186000,30몰,
21428693,ASUS PRIME A620M-K 대원씨티에스,,101900,150몰,
21627827,ASRock B650M Pro RS 대원씨티에스,,218990,8몰,
21727307,GIGABYTE B650M K 피씨디렉트,,122380,257몰,
21731021,GIGABYTE B650M S2H 제이씨현,,174720,2몰,
21755828,ASRock B650M Pro RS + WiFi6E 모듈 패키지 디앤디컴,,267990,2몰,
24703229,ASRock Rack ROME2D16-2T,,1355520,47몰,
25129808,ASUS PRO WS W790E-SAGE SE STCOM,,2071000,5몰,
25208807,ASUS PRO WS W790-ACE STCOM,,1402990,43몰,
25213067,ASRock A520M-HDV 에즈윈 (벌크),,70960,23몰,
25866491,ASRock H610M-HDV/M.2+ D5 에즈윈,,94950,160몰,
25869083,ASRock H610M-HDV/M.2+ D5 에즈윈 (벌크),,95000,120몰,
27409910,ASRock H610M-HDV/M.2+ D5 디앤디컴,,98980,145몰,
27474755,MSI PRO B760M-A DDR4 II,,141900,195몰,
27475223,MSI MAG X670E 토마호크 WIFI,,560000,8몰,
27499739,ASRock B760M-HDV/M.2 D5 디앤디컴,,139000,2몰,
27508001,ASUS WS X299 PRO-SE 대원씨티에스,,620000,2몰,
27534158,GIGABYTE H610M H V2 D4 제이씨현 (벌크),,77530,124몰,
27546074,ASRock H610M-HDV/M.2+ D5 대원씨티에스,,98980,115몰,
27547688,ASUS PRO WS W680-ACE 대원씨티에스,,525770,1몰,
27572138,ASUS PRIME H610M-E 인텍앤컴퍼니,,130000,5몰,
27576677,MSI MAG X670E 토마호크 WIFI (해외구매),,417550,27몰,
27629561,ASRock B760M-HDV/M.2 D5 에즈윈,,149000,3몰,
27634559,ASRock B760M-HDV/M.2 D5 대원씨티에스,,142450,99몰,
27635057,ASRock Z790 PG Lightning D5 대원씨티에스,,278380,1몰,
27665717,ASUS PRIME X670-P-CSM 대원씨티에스,,186590,3몰,
27675110,ASUS PRIME H610M-E 코잇,,121390,119몰,
27679898,COLORFUL CH510M-K M.2 V20 STCOM,,90850,100몰,
27691589,NVIDIA Jetson Orin Nano Developer Kit 용량확인필요 (해외구매),,490000,8몰,
27698261,GIGABYTE H510M H V2 제이씨현,,109000,5몰,
28029617,ASRock H610M-H2/M.2 D5 에즈윈 (벌크),,87160,130몰,
28059134,ASRock H610M-HDV/M.2+ D5 디앤디컴 (벌크),,93290,107몰,
28063598,ASRock Rack SPC621D8 명인일렉트로닉스,,1140000,7몰,
28183691,ASRock H610M-H2/M.2 D5 디앤디컴,,91350,153몰,
28183721,ASRock H610M-H2/M.2 D5 디앤디컴 (벌크),,90020,116몰,
28247648,BIOSTAR A520MS 제이씨현,,55990,186몰,
28248419,BIOSTAR B650MT 제이씨현,,104880,47몰,
28248743,BIOSTAR H610MHD D5 제이씨현,,89840,140몰,
28248950,BIOSTAR H610MS 제이씨현,,73260,149몰,
28486034,GIGABYTE Z790 AORUS ELITE X 제이씨현,,448000,1몰,
28577999,ASUS Tinker Edge R,어댑터 포함,267000,67몰,
28581716,ASUS Tinker Edge T,어댑터 포함,133000,76몰,
28603964,ASRock B650M PG Lightning 에즈윈,,122720,187몰,
28651910,Z790 (중고),,299900,2몰,
28652501,H610 DDR5 (중고),,106000,1몰,
28780247,ASUS PRO WS W790E-SAGE SE 대원씨티에스,,1980000,1몰,
28803482,ASUS ROG MAXIMUS Z790 APEX ENCORE STCOM,,889160,135몰,
28807472,BIOSTAR B650MP-E PRO 이엠텍,,124000,113몰,
28826786,GIGABYTE Z790 AORUS ELITE X 피씨디렉트,,461300,1몰,
28827020,GIGABYTE Z790 AORUS ELITE X WIFI7 피씨디렉트,,472000,2몰,
28827605,GIGABYTE Z790 AORUS PRO X 피씨디렉트,,574000,7몰,
28828121,GIGABYTE Z790 AORUS XTREME X 제이씨현,,1759000,1몰,
28828997,GIGABYTE Z790 AORUS PRO X 제이씨현,,546000,2몰,
28829297,GIGABYTE Z790 AORUS ELITE AX ICE 제이씨현,,458000,1몰,
28857518,ASUS PRIME H610M-K D5 인텍앤컴퍼니,,138570,6몰,
28857623,ASUS PRIME H610M-K ARGB 인텍앤컴퍼니,,127000,4몰,
28857914,ASUS TUF Gaming B760M-BTF WIFI 인텍앤컴퍼니,,243620,93몰,
28860020,ASUS TUF Gaming Z790-PRO WIFI 인텍앤컴퍼니,,759810,1몰,
29393921,ASUS PRIME H610I-PLUS 코잇,,188960,124몰,
29619623,AFOX IH110D4-MA5-V2 에즈윈,,85930,113몰,
29681957,MSI PRO Z790-A 맥스 WIFI,,309000,1몰,
29687339,MSI MPG Z790 엣지 TI 맥스 WIFI,,800000,6몰,
29759561,BIOSTAR B650MT-E PRO 제이씨현,,123130,140몰,
29863127,GIGABYTE B650M AORUS ELITE AX ICE 제이씨현,,196980,243몰,
29879357,ASRock B450M-HDV R4.0 대원씨티에스,,53610,163몰,
29880134,ASRock H610M-HVS M.2 R2.0 D4 대원씨티에스,,86000,8몰,
29880191,ASRock H610M-HVS M.2 R2.0 D4 대원씨티에스 (벌크),,82030,92몰,
29908775,ASRock B650M PG Lightning 디앤디컴,,120540,160몰,
29916821,GIGABYTE B650M AORUS ELITE AX ICE 피씨디렉트,,191900,197몰,
29916875,GIGABYTE B650 AORUS ELITE AX ICE 피씨디렉트,,210740,152몰,
29942195,ASUS PRIME H610M-D 코잇,,110920,124몰,
29960138,Supermicro H13SAE-MF STCOM,,854000,96몰,
30070400,GIGABYTE B650 AORUS ELITE AX ICE 제이씨현,,197820,171몰,
30127295,ASRock B760M-HDV/M.2 D5 에즈윈 (벌크),,131800,136몰,
30161945,ASRock B760M-HDVP D5 디앤디컴,,146000,3몰,
30162119,ASRock B760M-HDVP D5 디앤디컴 (벌크),,152360,1몰,
30167879,ASRock B650M PG Lightning + WiFi6E 모듈 패키지 디앤디컴,,152910,124몰,
30300260,ASRock B650M PG Lightning 대원씨티에스,,117990,198몰,
30311870,COLORFUL BATTLE-AX A520M-K M.2 V14 STCOM,,62160,87몰,
30621842,MSI MEG Z790 갓라이크 (해외구매),,2361100,5몰,
30622283,ASRock B650M PG Lightning + WiFi6E 모듈 패키지 에즈윈,,154000,11몰,
30638927,ASRock B760M Pro RS D5 + WiFi6E 모듈 패키지 에즈윈,,188370,16몰,
31261997,GIGABYTE Z790 AORUS ELITE X THRONE AND LIBERTY EDITION 피씨디렉트,,554400,1몰,
31280975,GIGABYTE Z790 AORUS ELITE X THRONE AND LIBERTY EDITION 제이씨현,,475000,7몰,
31383614,GIGABYTE TRX50 AERO D 제이씨현,,1010000,1몰,
31463747,ECS ADLN-I N100 코잇 (무지박스),기본,167000,2몰,
31464083,ECS ADLN-I3 N100 코잇 (무지박스),기본,199000,2몰,
31489457,ECS ADLN-I3 N100 코잇 (무지박스),60W 어댑터 포함,213000,1몰,
31959437,ASRock Z790 Pro RS D5 + WiFi7 모듈 패키지 디앤디컴,,342100,102몰,
31959920,ASRock B760M Pro RS D5 + WiFi7 모듈 패키지 디앤디컴,,209920,96몰,
31981667,GIGABYTE X670E AORUS PRO X 제이씨현,,770000,6몰,
31981778,GIGABYTE X670E AORUS PRO X (해외구매),,541500,17몰,
32002067,GIGABYTE H610M K D4 제이씨현 (벌크),,74030,112몰,
32036924,ASRock B760M PG LIGHTNING/D4 에즈윈,,144000,3몰,
32043872,ASUS PRO WS TRX50-SAGE WiFi (해외구매),,1729990,5몰,
32070719,GIGABYTE B650 AORUS ELITE AX V2 피씨디렉트,,211830,153몰,
32071016,ASUS Z13PE-D16 코잇,,2053930,1몰,
32071067,GIGABYTE B650 AORUS ELITE V2 피씨디렉트,,230000,134몰,
32078006,GIGABYTE B650 AORUS ELITE V2 제이씨현,,265090,126몰,
32104016,ASRock Z790 PG Lightning D5 + WiFi6E 모듈 패키지 에즈윈,,293750,106몰,
32110508,ASRock A520M-HDVP R2.0 에즈윈 (벌크),,81360,131몰,
32126690,ASUS PRO WS TRX50-SAGE WiFi STCOM,,1419000,4몰,
32487287,ASUS PRO WS TRX50-SAGE WiFi 대원씨티에스,,1410500,6몰,
33363434,ASUS PRO WS W790E-SAGE SE 코잇,,1929000,1몰,
34372580,ASUS PRIME B760M-PLUS-CSM STCOM,,222760,126몰,
34372781,ASUS TUF Gaming B760M-PLUS II STCOM,,259570,1몰,
34739282,ASUS PRIME H610M-CS 2.5G 코잇,,113990,112몰,
34741700,GIGABYTE B650E AORUS ELITE X AX ICE 피씨디렉트,,260900,154몰,
34741730,GIGABYTE B650E AORUS ELITE X AX ICE 제이씨현,,291530,142몰,
34810925,ASUS PRIME B760M-PLUS-CSM 인텍앤컴퍼니,,226630,28몰,
34815323,ASUS PRIME B760M-PLUS-CSM 코잇,,200990,1몰,
34815659,ASUS TUF Gaming B760M-PLUS II 코잇,,173980,190몰,
35810231,ASRock A620M-HDV/M.2 에즈윈,,131990,1몰,
36157511,ASRock A620M-HDVP 에즈윈,,105900,157몰,
36157520,ASRock A620M-HDVP 에즈윈 (벌크),,103780,128몰,
36308306,ASUS TUF Gaming B650-E WIFI 대원씨티에스,,316000,1몰,
36709451,ASRock B760M-HDV/M.2 D5 디앤디컴 (벌크),,137960,25몰,
37226114,MSI MAG B760M 박격포 II,,177100,213몰,
37286501,GIGABYTE H610M K D4 피씨디렉트 (벌크),,75410,60몰,
37286591,GIGABYTE H610M H V2 D4 피씨디렉트 (벌크),,74865,73몰,
37286687,GIGABYTE H610M K 피씨디렉트 (벌크),,95410,51몰,
37927508,ASUS P12R-E STCOM,,821130,1몰,
38347157,ASUS PRO WS WRX90E-SAGE SE STCOM,,2080000,93몰,
39249221,MSI PRO A620M-C EX,,116930,169몰,
40895255,ASRock B760M Pro-A 에즈윈,,171500,2몰,
42390188,MAXSUN 챌린저 H510M-H 디앤디컴,,84400,101몰,
42860537,ASUS Z13PE-D16 STCOM,,1939990,85몰,
43546877,MAXSUN 터미네이터 B760M D5,,146900,25몰,
43557464,MAXSUN 챌린저 H610M,,128750,4몰,
45257993,ASUS PRO WS WRX90E-SAGE SE 대원씨티에스,,2042990,16몰,
46742996,ASRock B650M PG Lightning WiFi 디앤디컴,,189000,2몰,
48476933,ASUS TUF Gaming B650M-E STCOM,,215090,132몰,
48476972,ASUS TUF Gaming B650M-E WiFi STCOM,,240000,4몰,
48477197,GIGABYTE B650M D3HP 피씨디렉트,,114540,141몰,
49162646,ASRock B550M Pro RS 디앤디컴,,117880,152몰,
49538822,ASRock B550M Pro RS + WiFi6E 랜카드 패키지 디앤디컴,,167650,76몰,
49740182,ASRock B550M Pro RS 에즈윈,,120290,157몰,
49742366,ASRock B760M Pro-A 디앤디컴,,176720,2몰,
49995851,ASRock B550M Pro RS 대원씨티에스,,118020,145몰,
50128394,BIOSTAR H610MHP 2.0 제이씨현,,88000,3몰,
53418977,MSI B650M 프로젝트 제로,,263000,155몰,
53419463,MSI B760M 프로젝트 제로,,248980,161몰,
54218069,Supermicro H13SRA-TF STCOM,,1257990,100몰,
54326459,Raspberry Pi 라즈베리 파이 4 모델 B (해외구매),8GB,121000,21몰,
54326471,Raspberry Pi 라즈베리 파이 4 모델 B (해외구매),2GB,90000,32몰,
54326486,Raspberry Pi 라즈베리 파이 4 모델 B (해외구매),4GB,101900,61몰,
54481319,액슬 MBAIH310 에즈윈,,79710,110몰,
54816743,ASUS Tinker Edge R (병행수입),,200000,1몰,
55468811,ASRock H510M-HDV/M.2 SE 에즈윈,,91840,148몰,
56144006,ASRock A620M-HDVP 디앤디컴,,106360,102몰,
56156189,ASRock A620M-HDVP 디앤디컴 (벌크),,105270,84몰,
57295043,MSI PRO B650M-B,,118980,170몰,
58103081,KHADAS VIM3 Pro 4GB,,201300,1몰,
58115534,COLORFUL COLORFIRE B760M-MEOW WIFI D5 ORANGE STCOM,,236990,81몰,
58119920,GIGABYTE B650E AORUS PRO X USB4 제이씨현,,509000,1몰,
58623128,ASRock H610M-H2/M.2 D4 에즈윈 (벌크),,86700,84몰,
58837484,MAXSUN 챌린저 H610ITX 2LAN 디앤디컴,,142380,96몰,
59826524,ASRock H610M-H2/M.2 D4 디앤디컴,,71460,146몰,
59827064,ASRock H610M-H2/M.2 D4 디앤디컴 (벌크),,73600,119몰,
60064028,마이크로틱 MikroTik L11UG-5HaxD,,121000,20몰,
60151763,COLORFUL BATTLE-AX B650M-PLUS V14 STCOM,,145640,81몰,
60247235,COLORFUL COLORFIRE B760M-MEOW WIFI D5 ORANGE 디앤디컴,,267860,1몰,
61423463,ASRock H610M-X D5 에즈윈 (벌크),,118890,46몰,
62568890,MSI PRO B650M-A,,156000,184몰,
62791640,ASRock B650M PG Riptide WiFi White 에즈윈,,227000,150몰,
63035990,GIGABYTE B650E AORUS STEALTH ICE 제이씨현,,389000,7몰,
63087248,GIGABYTE B650E AORUS STEALTH ICE 피씨디렉트,,307700,133몰,
63087650,ASRock H610M-X D5 디앤디컴,,118260,123몰,
63140087,ASRock H610M-X D5 디앤디컴 (벌크),,118260,20몰,
63269363,ASRock B650M PG Riptide WiFi White 디앤디컴,,243320,95몰,
63478082,ASRock B650M PG Riptide WiFi White 대원씨티에스,,259000,7몰,
63478493,KHADAS VIM4 8GB,,284900,3몰,
63478505,KHADAS VIM4 8GB (해외구매),,316970,8몰,
63938699,GIGABYTE TRX50 AI TOP 제이씨현,,1707000,1몰,
64375265,GIGABYTE H610M H V2 피씨디렉트,,105530,125몰,
64394135,ASRock B650 스틸레전드 WiFi 디앤디컴,,272000,118몰,
65307479,GIGABYTE H610M S2H V2 피씨디렉트,,120610,121몰,
66046067,GIGABYTE H610M S2H V2 제이씨현,,124260,162몰,
66046259,GIGABYTE H610M H V2 제이씨현,,113340,138몰,
66046349,GIGABYTE H610M K V2 제이씨현,,94000,182몰,
67371704,ASRock Rack SP2C621D16-2T 명인일렉트로닉스,,2598240,2몰,
67372934,ASRock H510M-HDV/M.2 SE 디앤디컴,,95010,126몰,
67373036,ASRock H510M-HDV/M.2 SE 디앤디컴 (벌크),,90280,102몰,
67678283,GIGABYTE H610M K V2 피씨디렉트,,93450,118몰,
67693886,ASUS PRIME X870-P WIFI-CSM STCOM,,332000,145몰,
67693952,ASUS PRIME X870-P-CSM STCOM,,335090,147몰,
67694132,ASUS ProArt X870E-CREATOR WIFI STCOM,,658000,133몰,
67694456,ASUS ROG CROSSHAIR X870E HERO STCOM,,892700,140몰,
67694840,ASUS ROG STRIX X870-A GAMING WIFI STCOM,,536870,111몰,
67694921,ASUS ROG STRIX X870E-E GAMING WIFI STCOM,,623280,156몰,
67695545,ASUS ROG STRIX X870-F GAMING WIFI STCOM,,696200,113몰,
67695563,ASUS TUF Gaming X870-PLUS WIFI STCOM,,469400,135몰,
67695641,ASRock X870 Pro RS 에즈윈,,296268,161몰,
67845767,GIGABYTE X870E AORUS MASTER 제이씨현,,699000,6몰,
67845785,GIGABYTE X870E AORUS PRO ICE 제이씨현,,430890,228몰,
67845815,GIGABYTE X870 AORUS ELITE WIFI7 제이씨현,,380930,180몰,
67845863,GIGABYTE X870 AORUS ELITE WIFI7 ICE 제이씨현,,372010,208몰,
67846052,GIGABYTE X870 EAGLE WIFI7 제이씨현,,309810,187몰,
67847060,ASRock X870 스틸레전드 WiFi 에즈윈,,475000,1몰,
67847474,GIGABYTE X870 AORUS ELITE WIFI7 피씨디렉트,,373730,175몰,
67847492,GIGABYTE X870 AORUS ELITE WIFI7 ICE 피씨디렉트,,373010,179몰,
67847543,GIGABYTE X870E AORUS MASTER 피씨디렉트,,680420,133몰,
67847609,GIGABYTE X870E AORUS PRO ICE 피씨디렉트,,430470,186몰,
67850639,ASRock X870E Taichi 에즈윈,,767950,131몰,
67851653,ASUS PRIME X870-P WIFI-CSM 대원씨티에스,,322400,116몰,
67851971,ASUS PRIME X870-P-CSM 대원씨티에스,,311900,115몰,
67852106,ASUS ProArt X870E-CREATOR WIFI 대원씨티에스,,624000,130몰,
67852211,ASUS ROG CROSSHAIR X870E HERO 대원씨티에스,,775000,145몰,
67852265,ASUS ROG STRIX X870-A GAMING WIFI 대원씨티에스,,460000,122몰,
67852370,MSI MAG X870 토마호크 WIFI,,455000,184몰,
67852469,MSI PRO X870-P WIFI,,378810,139몰,
67852652,MSI MPG X870E 카본 WIFI,,668980,74몰,
67852706,GIGABYTE X870 EAGLE WIFI7 피씨디렉트,,308480,141몰,
67852766,ASUS ROG STRIX X870E-E GAMING WIFI 대원씨티에스,,606780,139몰,
67852793,ASUS ROG STRIX X870-F GAMING WIFI 대원씨티에스,,679900,87몰,
67852838,ASUS TUF Gaming X870-PLUS WIFI 대원씨티에스,,380230,44몰,
67852946,ASUS ROG STRIX X870-I GAMING WIFI 대원씨티에스,,716720,114몰,
67852967,ASRock X870E Nova WiFi 에즈윈,,481950,167몰,
67976948,ASUS ROG STRIX X870-I GAMING WIFI STCOM,,736680,134몰,
68242061,ASRock X870 스틸레전드 WiFi 대원씨티에스,,353000,119몰,
68242124,ASRock X870 Pro RS WiFi 대원씨티에스,,315790,94몰,
68242145,ASRock X870 Pro RS 대원씨티에스,,287250,124몰,
68246816,ASRock X870E Taichi 대원씨티에스,,798970,79몰,
68440085,ASRock X870E Taichi 디앤디컴,,778980,112몰,
68440103,ASRock X870 스틸레전드 WiFi 디앤디컴,,369840,130몰,
68687615,ASRock Z890 Pro RS 에즈윈,,322050,161몰,
68687816,ASRock Z890 Pro RS WiFi White 에즈윈,,331500,157몰,
68776211,ASRock Z890 Taichi 에즈윈,,694050,133몰,
68919209,ASRock Z890 Pro-A 에즈윈,,303050,150몰,
69053765,ASRock Z890 Pro-A WiFi 에즈윈,,312540,146몰,
69468680,ASRock H610M-X D5 인텍앤컴퍼니 (벌크),,108000,10몰,
69468782,ASRock H610M-HVS M.2 R2.0 D4 인텍앤컴퍼니,,81970,163몰,
69468977,ASRock B760M Pro-A 인텍앤컴퍼니,,143000,151몰,
69469049,ASRock B760M Pro RS D5 인텍앤컴퍼니,,166760,130몰,
69471116,ASRock Z890I Nova WiFi 에즈윈,,508190,120몰,
69471320,ASRock Z890 Nova WiFi 에즈윈,,513970,141몰,
69566399,ASUS ROG MAXIMUS Z890 APEX 인텍앤컴퍼니,,944850,106몰,
69566516,ASUS ROG MAXIMUS Z890 EXTREME 인텍앤컴퍼니,,1360440,24몰,
69566996,ASUS ROG MAXIMUS Z890 HERO 인텍앤컴퍼니,,895250,141몰,
69656168,ASUS ROG STRIX Z890-A GAMING WIFI 인텍앤컴퍼니,,523000,114몰,
69656276,ASUS ROG STRIX Z890-E GAMING WIFI 인텍앤컴퍼니,,708980,110몰,
69656426,ASUS ROG STRIX Z890-F GAMING WIFI 인텍앤컴퍼니,,638820,139몰,
69656816,ASUS PRIME Z890-P WIFI-CSM 인텍앤컴퍼니,,398990,24몰,
69656858,ASUS PRIME Z890-P-CSM 인텍앤컴퍼니,,332980,139몰,
69661004,ASUS Z890 AYW GAMING WIFI W 인텍앤컴퍼니,,353030,135몰,
69661214,ASUS ProArt Z890-CREATOR WIFI 인텍앤컴퍼니,,768990,106몰,
69661250,ASUS PRIME Z890-P WIFI-CSM STCOM,,404220,123몰,
69661526,ASUS PRIME Z890-P-CSM STCOM,,327750,134몰,
69661643,ASUS ROG MAXIMUS Z890 APEX STCOM,,940320,135몰,
69661691,ASUS ROG MAXIMUS Z890 EXTREME STCOM,,1421990,19몰,
69661799,ASUS ROG MAXIMUS Z890 HERO STCOM,,907740,151몰,
69662105,ASUS ROG STRIX Z890-E GAMING WIFI STCOM,,737380,144몰,
69662114,ASUS ROG STRIX Z890-F GAMING WIFI STCOM,,670690,141몰,
69662153,ASUS ROG STRIX Z890-I GAMING WIFI STCOM,,720960,109몰,
69662171,ASUS TUF Gaming Z890-PRO WIFI STCOM,,415000,145몰,
69662327,ASUS Z890 AYW GAMING WIFI W STCOM,,409910,139몰,
69696089,ASUS PRIME Z890-P WIFI-CSM 코잇,,378350,9몰,
69696269,ASUS PRIME Z890-P-CSM 코잇,,320020,144몰,
69696464,ASUS PRIME Z890M-PLUS WIFI-CSM 코잇,,365520,106몰,
69696563,ASUS ProArt Z890-CREATOR WIFI 코잇,,782460,97몰,
69696602,ASUS ROG MAXIMUS Z890 APEX 코잇,,923760,108몰,
69696641,ASUS ROG MAXIMUS Z890 EXTREME 코잇,,1347310,12몰,
69696719,ASUS ROG MAXIMUS Z890 HERO 코잇,,918850,107몰,
69696863,ASUS ROG STRIX Z890-E GAMING WIFI 코잇,,686390,124몰,
69696959,ASUS ROG STRIX Z890-F GAMING WIFI 코잇,,627200,117몰,
69697016,ASUS ROG STRIX Z890-I GAMING WIFI 코잇,,698410,109몰,
69697058,ASUS TUF Gaming Z890-PLUS WIFI 코잇,,403630,125몰,
69697280,ASUS Z890 AYW GAMING WIFI W 코잇,,353980,130몰,
69697592,MSI MEG Z890 에이스,,942900,120몰,
69697766,MSI MAG Z890 토마호크 WIFI,,452980,171몰,
69697916,MSI PRO Z890-A WIFI,,388980,166몰,
69698066,MSI MPG Z890 카본 WIFI,,648990,48몰,
69698492,MSI MPG Z890 엣지 TI WIFI,,548980,80몰,
69698594,MSI MEG Z890 유니파이-X,,687350,163몰,
69698756,GIGABYTE Z890 AORUS MASTER 제이씨현,,659000,1몰,
69698870,GIGABYTE Z890 AORUS PRO ICE 제이씨현,,434550,171몰,
69699071,GIGABYTE Z890 AORUS ELITE WIFI7 ICE 제이씨현,,384250,177몰,
69699182,GIGABYTE Z890 AORUS ELITE WIFI7 제이씨현,,373860,163몰,
69699317,GIGABYTE Z890 UD 제이씨현,,314890,165몰,
69699389,GIGABYTE Z890I AORUS ULTRA 제이씨현,,493250,131몰,
69699425,GIGABYTE Z890 UD 피씨디렉트,,308740,143몰,
69699467,GIGABYTE Z890 AORUS MASTER 피씨디렉트,,644190,35몰,
69699584,GIGABYTE Z890 AORUS PRO ICE 피씨디렉트,,430260,135몰,
69699599,GIGABYTE Z890 AORUS ELITE WIFI7 ICE 피씨디렉트,,387650,140몰,
69699671,GIGABYTE Z890 AORUS ELITE WIFI7 피씨디렉트,,376580,131몰,
69699695,GIGABYTE Z890I AORUS ULTRA 피씨디렉트,,481310,106몰,
69699770,ASUS PRIME Z890M-PLUS WIFI-CSM 인텍앤컴퍼니,,379000,3몰,
69867761,ASRock Z890 스틸레전드 WIFI 인텍앤컴퍼니,,360000,132몰,
69867902,ASRock Z890 Taichi 인텍앤컴퍼니,,685030,104몰,
69868175,ASRock Z890 Taichi OCF 인텍앤컴퍼니,,859000,2몰,
69868301,ASRock Z890 Nova WiFi 인텍앤컴퍼니,,529000,119몰,
69868430,ASRock Z890 LiveMixer WiFi 인텍앤컴퍼니,,347500,141몰,
69868478,ASRock Z890 Pro RS WiFi 인텍앤컴퍼니,,334300,130몰,
69868499,ASRock Z890 Pro-A WiFi 인텍앤컴퍼니,,321400,135몰,
70000382,ASRock Z890 Taichi 디앤디컴,,681690,136몰,
70001147,ASUS ProArt Z890-CREATOR WIFI STCOM,,814980,2몰,
70002455,ASUS PRIME Z890M-PLUS WIFI-CSM STCOM,,371320,60몰,
70006577,ASRock Z890 스틸레전드 WIFI 디앤디컴,,353850,137몰,
70006589,ASRock Z890 Pro RS 디앤디컴,,325110,128몰,
70006610,ASRock Z890 Pro-A 디앤디컴,,305860,138몰,
70101260,ASRock X870 Pro RS WiFi 에즈윈,,327000,144몰,
70769987,ASRock X870E Nova WiFi 대원씨티에스,,487420,134몰,
70875566,ASRock X870 Pro RS 디앤디컴,,309890,120몰,
71007920,ASRock Z890 Lightning WiFi 에즈윈,,428190,137몰,
71010251,ASRock Z890 Pro RS WiFi White 디앤디컴,,352000,125몰,
71216543,MSI PRO Z890-P WIFI,,347740,156몰,
71426399,ASRock Rack EC262D4U 명인일렉트로닉스,,593250,48몰,
71502050,Supermicro H13SSL-NT R2.0 STCOM,,1493660,2몰,
72227675,GIGABYTE Z890 AORUS XTREME AI TOP 피씨디렉트,,1442480,107몰,
72304610,ASRock B650 스틸레전드 WiFi 대원씨티에스,,275580,103몰,
72757274,ASRock X870E Nova WiFi 디앤디컴,,493300,153몰,
72911912,GIGABYTE Z890 AORUS XTREME AI TOP 제이씨현,,1499000,1몰,
73071959,ASRock Rack SP2C741D16X-2T 명인일렉트로닉스,,2223990,3몰,
73072019,ASRock Rack SP2C741D16-2T 명인일렉트로닉스,,2659100,2몰,
73560548,GIGABYTE X870E AORUS PRO 피씨디렉트,,432000,170몰,
73763492,ASUS TUF Gaming B850-PLUS WIFI 대원씨티에스,,311940,123몰,
73763909,ASUS TUF Gaming B850M-PLUS WIFI 대원씨티에스,,240000,27몰,
73764137,ASUS ROG STRIX B850-A GAMING WIFI 대원씨티에스,,393660,105몰,
73767836,ASUS ROG STRIX B850-E GAMING WIFI 대원씨티에스,,546870,110몰,
73767989,ASUS ROG STRIX B850-F GAMING WIFI 대원씨티에스,,416010,84몰,
73768364,ASUS ROG STRIX B850-I GAMING WIFI 대원씨티에스,,416080,95몰,
73769318,ASUS PRIME B840M-A WIFI-CSM 대원씨티에스,,243960,42몰,
73769342,ASUS PRIME B840M-A-CSM 대원씨티에스,,209000,96몰,
73769357,ASUS PRIME B840-PLUS WIFI-CSM 대원씨티에스,,321480,2몰,
73770173,GIGABYTE X870E AORUS XTREME AI TOP 제이씨현,,902990,120몰,
73770854,GIGABYTE X870E AORUS XTREME AI TOP 피씨디렉트,,905900,116몰,
73883426,ASUS TUF Gaming B850M-PLUS 대원씨티에스,,239000,23몰,
73883867,ASUS ROG STRIX B850-A GAMING WIFI STCOM,,398990,137몰,
73883918,ASUS ROG STRIX B850-F GAMING WIFI STCOM,,417850,143몰,
73883963,ASUS ROG STRIX B850-I GAMING WIFI STCOM,,416720,151몰,
73884029,ASUS TUF Gaming B850M-PLUS STCOM,,232330,176몰,
73884041,ASUS TUF Gaming B850M-PLUS WIFI STCOM,,256000,196몰,
73884083,ASUS TUF Gaming B850-PLUS WIFI STCOM,,324690,193몰,
73884143,ASUS PRIME B840M-A WIFI-CSM STCOM,,239400,123몰,
73884173,ASUS PRIME B840M-A-CSM STCOM,,221350,131몰,
73891739,GIGABYTE B850 AORUS ELITE WIFI7 피씨디렉트,,314440,145몰,
73891778,GIGABYTE B850 AORUS ELITE WIFI7 ICE 피씨디렉트,,327860,144몰,
73892000,GIGABYTE B850M AORUS ELITE WIFI6E ICE 피씨디렉트,,242960,177몰,
73892084,GIGABYTE B850M DS3H 피씨디렉트,,194210,181몰,
73892279,GIGABYTE B850 AORUS ELITE WIFI7 ICE 제이씨현,,335000,26몰,
73892309,GIGABYTE B850 AORUS ELITE WIFI7 제이씨현,,321970,183몰,
73892354,GIGABYTE B850M DS3H 제이씨현,,194110,219몰,
73892423,GIGABYTE B850M AORUS ELITE WIFI6E ICE 제이씨현,,244980,225몰,
73948922,MSI PRO B840-P WIFI,,198710,134몰,
73949189,ASRock X870E Taichi Lite (해외구매),,511590,14몰,
73949327,GIGABYTE X870E AORUS ELITE WIFI7 (해외구매),,449040,26몰,
73952525,ASRock B850 Pro RS 에즈윈,,246820,167몰,
73952591,ASRock B850I Lightning WiFi 에즈윈,,344120,132몰,
73952600,ASRock B850 Pro RS WiFi 에즈윈,,250390,161몰,
73952729,ASRock B850M Pro RS 에즈윈,,202910,151몰,
73952732,ASRock B850M Pro RS WiFi 에즈윈,,212340,149몰,
74013710,ASRock B860M Pro RS 에즈윈,,202500,152몰,
74116181,ASRock B860 LiveMixer WiFi 인텍앤컴퍼니,,273100,129몰,
74116334,ASRock B860M LiveMixer WiFi 인텍앤컴퍼니,,251220,130몰,
74116589,ASRock B860 스틸레전드 WiFi 인텍앤컴퍼니,,280320,128몰,
74116682,ASRock B860M 스틸레전드 WiFi 인텍앤컴퍼니,,260920,121몰,
74121977,ASRock B860M Pro RS WiFi 인텍앤컴퍼니,,212430,106몰,
74122352,ASRock B860M-X 인텍앤컴퍼니,,173630,90몰,
74250353,ASRock B850 LiveMixer WiFi 대원씨티에스,,291620,134몰,
74250455,ASRock B850 Pro-A 대원씨티에스,,221010,118몰,
74250557,ASRock B850 Riptide WiFi 대원씨티에스,,298920,86몰,
74250659,ASRock B850M-X 대원씨티에스,,162790,27몰,
74250827,GIGABYTE B860 AORUS ELITE WIFI7 ICE 제이씨현,,296800,178몰,
74250974,GIGABYTE B860M AORUS ELITE WIFI6E ICE 제이씨현,,272380,204몰,
74251187,GIGABYTE B860M AORUS ELITE WIFI6E 제이씨현,,277740,120몰,
74251253,GIGABYTE B860M AORUS ELITE 제이씨현,,227850,164몰,
74251349,GIGABYTE B860M DS3H 제이씨현,,174800,188몰,
74253203,ASUS ROG STRIX B860-I GAMING WIFI STCOM,,418680,123몰,
74253692,ASUS ROG STRIX B860-F GAMING WIFI STCOM,,434460,131몰,
74254586,ASUS ROG STRIX B860-A GAMING WIFI STCOM,,389520,123몰,
74254724,ASUS TUF Gaming B860-PLUS WIFI STCOM,,360290,127몰,
74254814,ASUS TUF Gaming B860M-PLUS WIFI STCOM,,272600,113몰,
74254832,ASUS TUF Gaming B860M-PLUS STCOM,,253080,146몰,
74255033,ASUS PRIME B860M-A WIFI-CSM STCOM,,268790,47몰,
74255060,ASUS PRIME B860M-A-CSM STCOM,,243350,121몰,
74255084,ASUS PRIME B860M-K-CSM STCOM,,170050,133몰,
74255114,ASUS PRIME B860-PLUS-CSM STCOM,,289170,121몰,
74255120,ASUS PRIME B860-PLUS WIFI-CSM STCOM,,308230,116몰,
74255204,ASUS PRIME B860M-A WIFI-CSM 인텍앤컴퍼니,,216600,122몰,
74255321,ASUS PRIME B860M-A-CSM 인텍앤컴퍼니,,201170,83몰,
74255327,ASUS PRIME B860-PLUS WIFI-CSM 인텍앤컴퍼니,,318990,22몰,
74255330,ASUS PRIME B860-PLUS-CSM 인텍앤컴퍼니,,292980,38몰,
74255333,ASUS ROG STRIX B860-A GAMING WIFI 인텍앤컴퍼니,,383380,128몰,
74255336,ASUS ROG STRIX B860-F GAMING WIFI 인텍앤컴퍼니,,440290,136몰,
74255369,ASUS ROG STRIX B860-I GAMING WIFI 인텍앤컴퍼니,,399000,128몰,
74255378,ASUS TUF Gaming B860-PLUS WIFI 인텍앤컴퍼니,,368980,33몰,
74255381,GIGABYTE B860 AORUS ELITE WIFI7 ICE 피씨디렉트,,294290,159몰,
74255384,GIGABYTE B860M AORUS ELITE 피씨디렉트,,232860,132몰,
74255387,GIGABYTE B860M AORUS ELITE WIFI6E ICE 피씨디렉트,,264920,181몰,
74255390,GIGABYTE B860M AORUS ELITE WIFI6E 피씨디렉트,,268990,175몰,
74255393,GIGABYTE B860M DS3H 피씨디렉트,,173880,172몰,
74336033,ASUS PRIME H810M-A STCOM,,124700,131몰,
74336102,ASUS PRIME H810M-A-CSM STCOM,,134460,118몰,
74336888,ASUS PRIME H810M-A WIFI STCOM,,142990,120몰,
74336894,ASUS PRIME H810M-A WIFI-CSM STCOM,,147000,122몰,
74337014,ASUS PRIME B860-PLUS-CSM 코잇,,275320,136몰,
74337680,ASUS PRIME B860M-A-CSM 코잇,,193990,143몰,
74337722,ASUS ROG STRIX B860-A GAMING WIFI 코잇,,357210,133몰,
74338013,ASUS ROG STRIX B860-F GAMING WIFI 코잇,,403150,136몰,
74338115,ASUS ROG STRIX B860-G GAMING WIFI 코잇,,284780,60몰,
74338499,ASUS ROG STRIX B860-I GAMING WIFI 코잇,,374080,130몰,
74338622,ASUS TUF Gaming B860-PLUS WIFI 코잇,,306040,127몰,
74339975,MSI PRO B860M-A WIFI,,215980,184몰,
74340266,MSI MAG B860M 박격포 WIFI,,278970,196몰,
74340455,MSI MAG B860 토마호크 WIFI,,288980,154몰,
74340596,ASRock B850 Pro RS WiFi 디앤디컴,,256400,135몰,
74340710,ASRock B850 스틸레전드 WiFi 디앤디컴,,296280,151몰,
74341163,ASRock B850M Pro-A 에즈윈,,184660,158몰,
74341325,ASRock B850M Pro-A WiFi 에즈윈,,194350,140몰,
74341418,ASRock B850M 스틸레전드 WiFi 에즈윈,,242440,145몰,
74341610,ASRock B850 Pro-A 디앤디컴,,226840,151몰,
74341787,ASRock B850M-X 디앤디컴,,162090,165몰,
74415038,ASRock B860M Pro RS WiFi 에즈윈,,217150,131몰,
74415482,ASRock B860 Pro RS 에즈윈,,254390,134몰,
74415509,ASRock B860 Pro RS WiFi 에즈윈,,266460,137몰,
74422025,ASRock B860M Pro RS 디앤디컴,,202150,145몰,
74491244,ASUS PRIME B840M-A-CSM 인텍앤컴퍼니,,176690,134몰,
74491247,ASUS TUF Gaming B850M-PLUS 인텍앤컴퍼니,,235000,140몰,
74491250,ASUS TUF Gaming B850M-PLUS WIFI 인텍앤컴퍼니,,249000,135몰,
74491253,ASRock B860M-X 에즈윈,,170990,140몰,
74491295,ASRock B860I WiFi 에즈윈,,286710,92몰,
74808266,ASUS ROG STRIX Z890-I GAMING WIFI 인텍앤컴퍼니,,735460,117몰,
74814188,ASUS TUF Gaming X870-PLUS WIFI 인텍앤컴퍼니,,388000,144몰,
74814341,MSI MAG B850 토마호크 맥스 WIFI,,328980,167몰,
74814380,MSI MPG B850 엣지 TI WIFI,,367190,153몰,
74885192,ASRock H810M-X 에즈윈,,148790,138몰,
74885201,ASRock H810M-X 에즈윈 (벌크),,148800,121몰,
74999933,ASRock B850 Pro-A 에즈윈,,220010,134몰,
75373061,ASUS PRO WS WRX90E-SAGE SE 아이보라,,1980000,70몰,
75536555,ASUS B860M AYW GAMING WIFI 인텍앤컴퍼니,,192660,144몰,
75538394,ASRock B850M Pro RS 대원씨티에스,,202330,145몰,
75538472,MSI MPG X870E 엣지 TI WIFI,,498980,143몰,
75538754,ASRock B850M Pro-A 대원씨티에스,,181570,166몰,
75540665,ASRock B850M Pro-A WiFi 대원씨티에스,,191780,83몰,
75541040,ASRock X870 Riptide WiFi 대원씨티에스,,369000,4몰,
75600170,GIGABYTE X870E AORUS PRO 제이씨현,,430850,207몰,
75600842,ASRock B850M Pro RS 디앤디컴,,206970,148몰,
75600851,ASRock B850M Pro RS WiFi 디앤디컴,,216400,149몰,
75720068,ASUS PRIME H810M-A 인텍앤컴퍼니,,124820,125몰,
75724184,ASRock B850M Pro-A 디앤디컴,,187120,142몰,
75856148,GIGABYTE W790 AI TOP 피씨디렉트,,1481970,94몰,
75856643,ASRock B860M Pro-A 인텍앤컴퍼니,,181750,107몰,
75857021,MSI MAG X870E 토마호크 WIFI,,488990,32몰,
75935612,ASRock B860M Pro RS WiFi 디앤디컴,,216680,120몰,
75935651,ASRock B860 Pro RS WiFi 디앤디컴,,256030,125몰,
75935675,ASRock B860M 스틸레전드 WiFi 디앤디컴,,264330,120몰,
75935729,ASRock B860I WiFi 디앤디컴,,296860,105몰,
75939005,ASRock B850 Pro RS WiFi 대원씨티에스,,251800,114몰,
75988922,GIGABYTE W790 AI TOP 제이씨현,,1606460,5몰,
75989195,ASRock B760M-HDV/M.2 D5 대원씨티에스 (벌크),,133000,1몰,
76330571,Supermicro X14SBM-TP4F STCOM,,1532000,77몰,
76330748,Supermicro X14SBM-TF STCOM,,1474860,1몰,
76386635,ASUS TUF Gaming B650M-E 인텍앤컴퍼니,,178990,6몰,
76463696,ASUS H810M AYW GAMING WIFI STCOM,,156010,113몰,
76463777,ASUS H810M AYW GAMING WIFI-CSM STCOM,,154000,123몰,
76509641,ASRock B650M Pro X3D 에즈윈,,154440,173몰,
76554605,MAXSUN 터미네이터 B550M 디앤디컴,,86230,98몰,
76875365,ASUS ProArt Z890-CREATOR WIFI 대원씨티에스,,776250,12몰,
76941716,GIGABYTE H810M S2H 제이씨현,,135570,139몰,
76941815,GIGABYTE H810M H 제이씨현,,115830,151몰,
76941983,GIGABYTE H810M K 제이씨현,,101310,145몰,
76942061,GIGABYTE H810M H 피씨디렉트,,109250,137몰,
76942073,GIGABYTE H810M K 피씨디렉트,,101670,167몰,
76942094,GIGABYTE H810M S2H 피씨디렉트,,132990,138몰,
76944080,ASUS ROG STRIX B850-F GAMING WIFI 인텍앤컴퍼니,,413340,121몰,
76946525,ASUS ROG STRIX B850-I GAMING WIFI 인텍앤컴퍼니,,410010,88몰,
76948274,MAXSUN 챌린저 A620A 2.5G 디앤디컴,,101910,104몰,
76948292,MAXSUN e스포츠 B650ITX WIFI ICE 디앤디컴,,182990,106몰,
77083181,ASUS PRIME H810M-A 코잇,,124510,94몰,
77083238,ASUS PRIME H810M-A WIFI 코잇,,154720,97몰,
77083265,ASUS H810M AYW GAMING WIFI 코잇,,149390,118몰,
77278676,ASRock B850I Lightning WiFi 대원씨티에스,,344360,99몰,
77278823,COLORFUL CH310M-F M.2 V20 STCOM,,91000,71몰,
77278937,ASRock B850 스틸레전드 WiFi 에즈윈,,353500,64몰,
77283125,MAXSUN 아이크레프트 Z890 아크틱 디앤디컴,,452450,88몰,
77313929,MAXSUN 챌린저 B760ITX D5 디앤디컴,,194340,95몰,
77318666,ASUS PRO WS Z890-ACE SE 아이보라,,927680,61몰,
77319245,MAXSUN 터미네이터 Z890-A WIFI 디앤디컴,,255240,119몰,
77382695,ASUS PRO WS Z890-ACE SE STCOM,,876000,1몰,
77459585,NZXT N7 Z890 Black,,587360,2몰,
77459705,NZXT N7 Z890 White,,587360,2몰,
77460638,NZXT N9 Z890 Black,,765000,30몰,
77460707,NZXT N9 Z890 White,,765000,32몰,
77460818,GIGABYTE B850M DS3H ICE 제이씨현,,193980,196몰,
77460890,ASUS ROG STRIX B850-E GAMING WIFI 인텍앤컴퍼니,,519000,114몰,
77460911,ASUS TUF Gaming B850-PLUS WIFI 인텍앤컴퍼니,,338990,24몰,
77460956,ASUS ROG CROSSHAIR X870E HERO 인텍앤컴퍼니,,895200,107몰,
77460980,ASUS ROG STRIX X870-A GAMING WIFI 인텍앤컴퍼니,,526090,118몰,
77618858,ASUS ROG STRIX B850-E GAMING WIFI STCOM,,547990,136몰,
77620880,GIGABYTE B850M DS3H ICE 피씨디렉트,,189990,180몰,
77704688,ASRock B850M 스틸레전드 WiFi 대원씨티에스,,243510,122몰,
77705072,ASRock B850M Riptide WiFi 대원씨티에스,,250070,124몰,
77706647,ASRock B650M Pro X3D 대원씨티에스,,152870,38몰,
77706989,ASRock A520M-HVS 대원씨티에스,,63010,68몰,
77786621,ASRock B650M Pro X3D WiFi 디앤디컴,,171670,136몰,
77786816,ASRock B650M Pro X3D 디앤디컴,,149620,144몰,
77791190,GIGABYTE X870I AORUS PRO ICE 피씨디렉트,,496480,134몰,
77856971,GIGABYTE B850I AORUS PRO 피씨디렉트,,337400,133몰,
78099548,ASUS ROG STRIX B850-A GAMING WIFI 인텍앤컴퍼니,,383060,75몰,
78102320,BIOSTAR B850MT-E PRO 제이씨현,,148260,150몰,
78102458,ASRock Z890 Pro-A WiFi 디앤디컴,,325700,130몰,
78102476,ASRock B850M 스틸레전드 WiFi 디앤디컴,,238810,144몰,
78180194,GIGABYTE B760M D3HP D4 제이씨현,,127990,107몰,
78307601,ASRock B860M-X 디앤디컴,,167060,131몰,
78307670,ASRock H810M-X WIFI 디앤디컴,,149350,136몰,
78307739,ASRock H810M-X 디앤디컴,,140770,131몰,
78312209,ASRock H810M-X 디앤디컴 (벌크),,140980,108몰,
78534680,ASRock B850M Pro RS + WiFi6E 모듈 패키지 디앤디컴,,258970,83몰,
78843671,GIGABYTE B850M AORUS ELITE WIFI6E 제이씨현,,238830,192몰,
78977822,ASRock H810M-X 인텍앤컴퍼니,,156170,86몰,
78990293,ASRock B850 Pro-A WiFi 에즈윈,,236950,147몰,
79000790,GIGABYTE B850M AORUS ELITE WIFI6E 피씨디렉트,,240880,164몰,
79397648,MSI MAG B850M 박격포 WIFI,,268980,186몰,
79402439,GIGABYTE X870I AORUS PRO ICE 제이씨현,,481950,156몰,
79410686,ASRock X870 Pro RS WiFi 디앤디컴,,304980,135몰,
79410761,ASRock B850 Pro-A WiFi 디앤디컴,,229230,135몰,
79553249,ASRock B850M Pro-A WiFi 디앤디컴,,190740,130몰,
79553456,ASRock B850M-X R2.0 디앤디컴,,166490,118몰,
79556738,ASRock B850M-X R2.0 대원씨티에스,,164910,102몰,
79556987,NZXT N7 Z790 White,,399000,12몰,
79559189,ASRock H610M-H2/M.2 D4 인텍앤컴퍼니,,73080,93몰,
82093181,ASRock B850M-X R2.0 에즈윈,,167110,141몰,
82470941,ASRock B860 Pro-A WiFi 에즈윈,,256980,127몰,
89861528,COLORFUL CVN X870 ARK FROZEN V14 STCOM,,344330,88몰,
89862107,COLORFUL CVN B850I GAMING FROZEN V14 STCOM,,214200,62몰,
90271250,GIGABYTE B760M AORUS ELITE GEN5 제이씨현,,185520,145몰,
90502931,GIGABYTE B760M AORUS ELITE GEN5 피씨디렉트,,183960,117몰,
90506507,ASRock A620AM-X 디앤디컴,,133490,118몰,
90643316,ASRock H610M-HDVP/D5 R2.0 인텍앤컴퍼니 (벌크),,102730,70몰,
90643517,ASRock Z790 PG Lightning D5 인텍앤컴퍼니,,265670,67몰,
90702200,ASUS PRO WS W790-ACE 아이보라,,1452000,8몰,
90957212,NZXT N9 X870E Black,,1005260,1몰,
90957218,NZXT N9 X870E White,,1005260,1몰,
91493696,MSI MAG B850M 박격포,,248300,166몰,
91870847,GIGABYTE MX34-BS0,,593000,3몰,
91871951,GIGABYTE B760M DS3H GEN5 제이씨현,,136830,158몰,
91872095,GIGABYTE B760M DS3H GEN5 피씨디렉트,,143530,152몰,
92043230,MAXSUN e스포츠 B850ITX WIFI ICE 디앤디컴,,191990,73몰,
92108180,ASRock A620AM-HVS 대원씨티에스,,98560,89몰,
92149667,ASRock A620AM-HVS 디앤디컴,,98290,106몰,
92357948,ASUS WS C422 PRO/SE,,1499000,3몰,
92360492,ASRock B860 Pro-A 에즈윈,,231900,89몰,
92360591,ASRock A620AM-HVS 에즈윈,,94050,105몰,
92678384,타무즈 H610M-ID4,,69020,65몰,
92678408,타무즈 H610M-ID5,,76770,71몰,
92678840,ASUS TUF Gaming B850-BTF WIFI W 인텍앤컴퍼니,,393920,25몰,
92687522,ASUS PRO WS W880-ACE SE STCOM,,753990,61몰,
92971409,ASRock H810M-H 인텍앤컴퍼니,,131600,84몰,
92971469,ASUS ROG CROSSHAIR X870E APEX STCOM,,999000,107몰,
93018986,ASUS ROG CROSSHAIR X870E EXTREME STCOM,,1459000,118몰,
93019088,ASUS ROG CROSSHAIR X870E APEX 대원씨티에스,,973100,88몰,
93022388,ASUS TUF Gaming B850-BTF WIFI W 대원씨티에스,,389600,72몰,
93022430,ASUS ROG CROSSHAIR X870E EXTREME 대원씨티에스,,1386960,95몰,
93022751,ASUS PRIME B850M-A-CSM 대원씨티에스,,209000,98몰,
93071258,ASUS B850M MAX GAMING WIFI 대원씨티에스,,187940,91몰,
93073223,GIGABYTE X870 AORUS STEALTH ICE 제이씨현,,443840,112몰,
93073367,GIGABYTE X870 AORUS STEALTH ICE 피씨디렉트,,442130,108몰,
93317309,ASRock B650M Pro X3D WiFi 에즈윈,,170040,122몰,
93382583,ASRock B550M Phantom Gaming 4 + WiFi6E 랜카드 패키지 디앤디컴,,150590,68몰,
93442604,GIGABYTE B850 AORUS STEALTH ICE 피씨디렉트,,362050,109몰,
93500939,GIGABYTE B850 AORUS STEALTH ICE 제이씨현,,372890,123몰,
93502442,MSI PRO B850M-A WIFI,,206460,150몰,
93702833,ASRock B650M Pro X3D WiFi 대원씨티에스,,174690,76몰,
93703418,ASUS TUF Gaming B650EM-E WIFI 대원씨티에스,,189960,112몰,
93803822,ASRock B850M Pro RS WiFi WHITE 디앤디컴,,222750,114몰,
93804581,ASRock B850M Pro Plus WiFi 디앤디컴,,237420,104몰,
94028396,ASRock B850M Pro RS WiFi WHITE 대원씨티에스,,219980,77몰,
94080773,GIGABYTE B650M K 제이씨현 (벌크),,121980,81몰,
94080806,GIGABYTE H610M K V2 제이씨현 (벌크),,95630,22몰,
94081583,ASRock A620AM-X + WiFi6E 랜카드 패키지 디앤디컴,,168290,16몰,
94081679,ASRock A620AM-HVS + WiFi6E 랜카드 패키지 디앤디컴,,138720,64몰,
94129904,COLORFUL BATTLE-AX B850M-PLUS PRO WIFI V14 STCOM,,190690,86몰,
94815752,ASUS ROG STRIX B850-G GAMING WIFI 대원씨티에스,,342060,63몰,
94888226,GIGABYTE B760M D2HX LITE SI GEN5 피씨디렉트 (벌크),,145070,50몰,
94998482,ASRock B650M PG Riptide WiFi White 디앤디컴 (중고),,224910,1몰,
95200499,GIGABYTE B850M FORCE 피씨디렉트,,172080,94몰,
95280263,GIGABYTE B850M FORCE 제이씨현,,169940,124몰,
95420366,ASUS B850M MAX GAMING WIFI STCOM,,189040,106몰,
95420465,ASUS ROG STRIX B850-G GAMING WIFI STCOM,,352000,2몰,
95420537,ASUS PRIME B850M-A-CSM STCOM,,198540,99몰,
95421218,ASUS TUF Gaming B650EM-E WIFI STCOM,,189040,106몰,
95930900,BIOSTAR B850MT2-E DJ 제이씨현,,138590,87몰,
95988443,ASUS TUF Gaming B850M-E WIFI STCOM,,227030,103몰,
95988578,ASUS TUF Gaming B850M-PLUS II STCOM,,263600,87몰,
95988710,ASUS TUF Gaming B850M-PLUS WIFI7 STCOM,,270460,148몰,
95988944,ASUS TUF Gaming B850M-PLUS WIFI7 W STCOM,,271790,147몰,
96059018,ASUS P13R-E,,799000,1몰,
96314954,GIGABYTE H610M K 피씨디렉트 (중고),,94440,2몰,
96366245,ADVANTECH ASMB-925-00A1,,1054700,40몰,
96426692,ASUS Pro H610T-CSM D5 코잇 (벌크),120W 어댑터 포함,199460,4몰,
96426704,ASUS Pro H610T-CSM D5 코잇 (벌크),어댑터 미포함,170280,4몰,
96656717,ASUS TUF Gaming B850-BTF WIFI W STCOM,,379040,86몰,
96710765,ASUS PRIME B650M-A II 대원씨티에스 (중고),,111170,2몰,
96711170,ASUS PRIME Z890-P WIFI-CSM STCOM (중고),,333200,3몰,
96711470,ASUS PRIME Z890-P-CSM STCOM (중고),,310500,1몰,
96712082,ASUS PRIME B650M-A II STCOM (중고),,183200,1몰,
96712589,ASUS ROG STRIX B650E-F GAMING WIFI STCOM (중고),,307600,1몰,
96712895,ASUS PRIME B650EM-A STCOM,,154060,87몰,
96776582,ASRock H610M-H2/M.2 D5 에즈윈,,84950,93몰,
96980930,Supermicro X14SBI-F STCOM,,1154310,53몰,
96981164,NZXT N7 B850 Black,,478000,17몰,
96981215,NZXT N7 B850 White,,478000,16몰,
97118543,ASUS TUF Gaming B850M-PLUS WIFI7 대원씨티에스,,269880,94몰,
97119116,ASUS TUF Gaming B850M-PLUS II 대원씨티에스,,261390,77몰,
97119959,ASUS PRIME B650EM-A 대원씨티에스,,154590,65몰,
97120361,ASUS TUF Gaming B850M-PLUS WIFI7 W 대원씨티에스,,279710,89몰,
97121303,ASUS TUF Gaming B850M-E WIFI 대원씨티에스,,231920,68몰,
97121510,MSI MPG B850I 엣지 TI WIFI,,374860,79몰,
97121798,MSI PRO H810M-B,,136610,79몰,
97224935,ASRock X870 Pro-A WiFi 디앤디컴,,310280,28몰,
97475957,ASUS TUF Gaming X870E-PLUS WIFI7 STCOM,,가격비교예정,0몰,
97476215,ASUS ROG STRIX X870E-H GAMING WIFI7 STCOM,,가격비교예정,0몰,
97476398,ASUS ROG CROSSHAIR X870E HERO BTF STCOM,,가격비교예정,0몰,
97565858,ASRock A620AI WiFi 대원씨티에스,,233940,43몰,
97702355,ASRock B850 Challenger WiFi White 대원씨티에스,,260950,43몰,
97702418,ASRock B850 Challenger WiFi 대원씨티에스,,253080,42몰,
97705844,ASUS ROG CROSSHAIR X870E HERO BTF 대원씨티에스,,1028100,17몰,
97837412,MSI PRO H610M-E DDR5,,92980,52몰,
97842113,ASUS ROG MAXIMUS XIII EXTREME 코잇 (중고),,535960,1몰,
97848539,MSI MAG B850M 박격포 WIFI (중고),,244350,1몰,
97855343,MSI MPG X870E 엣지 TI WIFI (중고),,426280,1몰,
97865969,MSI MAG B850 토마호크 맥스 WIFI (중고),,298350,1몰,
97903310,BIOSTAR A620MS-E 제이씨현,,96340,39몰,
97903688,MSI PRO H610M-C EX (중고),,99880,1몰,
97903817,MSI MPG B850I 엣지 TI WIFI (중고),,334350,1몰,
97903868,GIGABYTE B850M DS3H ICE 제이씨현 (중고),,181350,1몰,
97903919,MSI MPG X670E 카본 WiFi (중고),,519200,3몰,
97904327,GIGABYTE B850M AORUS ELITE WIFI6E ICE 제이씨현 (중고),,233100,1몰,
97904354,MSI PRO B760M-G DDR4 (중고),,118350,1몰,
97904378,ASUS ROG STRIX B650E-I GAMING WIFI STCOM (중고),,382500,1몰,
97904441,GIGABYTE X870E AORUS MASTER 피씨디렉트 (중고),,559200,1몰,
97904522,MSI PRO B760M-A WIFI (중고),,150750,1몰,
97904633,MSI MEG Z890 유니파이-X (중고),,629100,1몰,
