Id,Name,Type,Price,Mall,2026-01-25 15:35:28
636450,Dreamware DDR2-800 FB For APPLE,1GB,90000,1몰,"90,000원/1GB"
693427,SK하이닉스 노트북 DDR3-1066,1GB,4700,1몰,"4,700원/1GB"
695062,SK하이닉스 노트북 DDR3-1066,2GB,16900,1몰,"8,450원/1GB"
744616,삼성전자 DDR2-800 중고,2GB,8000,5몰,"4,000원/1GB"
793959,CYNEX DDR3-1066,2GB,22000,1몰,"11,000원/1GB"
793961,CYNEX DDR3-1066 엠트란,2GB,26000,1몰,"13,000원/1GB"
793964,CYNEX DDR3-1066 멜론,2GB,24000,1몰,"12,000원/1GB"
794439,CYNEX DDR3-1333,2GB,19410,1몰,"9,705원/1GB"
794442,CYNEX DDR3-1333 멜론,2GB,24680,1몰,"12,340원/1GB"
794443,CYNEX DDR3-1333 엠트란,2GB,26150,1몰,"13,075원/1GB"
843710,삼성전자 DDR3-1333 병행수입,2GB,11800,2몰,"5,900원/1GB"
857349,Dreamware DDR3-1066 ECC Mac Pro,2GB,100000,1몰,"50,000원/1GB"
863333,삼성전자 노트북 DDR3-1066 병행수입,1GB,12900,2몰,"12,900원/1GB"
863339,삼성전자 노트북 DDR3-1066 병행수입,2GB,7560,2몰,"3,780원/1GB"
863346,삼성전자 노트북 DDR2-800 중고,2GB,3200,11몰,"1,600원/1GB"
863361,삼성전자 노트북 DDR2-667 중고,2GB,5000,6몰,"2,500원/1GB"
863373,삼성전자 DDR2-800 중고,1GB,3800,2몰,"3,800원/1GB"
876470,Dreamware DDR3-1066 ECC Mac Pro,4GB,220000,1몰,"55,000원/1GB"
925624,삼성전자 노트북 DDR3-1333,2GB,4290,8몰,
929549,SK하이닉스 노트북 DDR2-800 병행수입,1GB,8900,1몰,"8,900원/1GB"
929569,SK하이닉스 노트북 DDR2-800 중고,2GB,25000,1몰,"12,500원/1GB"
949437,삼성전자 노트북 DDR3-1333 병행수입,4GB,25000,2몰,"6,250원/1GB"
982482,삼성전자 노트북 DDR3-1333 병행수입,2GB,13400,2몰,"6,700원/1GB"
1001342,SK하이닉스 노트북 DDR2-667 병행수입,2GB,15900,1몰,"7,950원/1GB"
1083799,SK하이닉스 노트북 DDR3-1333,2GB,10000,1몰,"5,000원/1GB"
1144692,삼성전자 DDR3-1333U 중고,4GB,4490,4몰,"1,123원/1GB"
1177353,Dreamware DDR3-1333 ECC Mac Pro,2GB,100000,1몰,"50,000원/1GB"
1177359,Dreamware DDR3-1333 ECC Mac Pro,4GB,200000,1몰,"50,000원/1GB"
1183663,EKMEMORY DDR3-1333 인디핑크,4GB,39300,1몰,"9,825원/1GB"
1183683,EKMEMORY DDR3-1066 인디핑크,2GB,25000,1몰,"12,500원/1GB"
1220709,CYNEX DDR3-1333,4GB,36660,1몰,"9,165원/1GB"
1220712,CYNEX DDR3-1333 멜론,4GB,41210,1몰,"10,303원/1GB"
1220713,CYNEX DDR3-1333 엠트란 매직,4GB,42950,1몰,"10,738원/1GB"
1228209,삼성전자 DDR3-1333 방열판,4GB,35000,2몰,"8,750원/1GB"
1304396,삼성전자 DDR3-1600,4GB,8470,13몰,"2,118원/1GB"
1331598,SK하이닉스 노트북 DDR3-1333,1GB,23000,1몰,"23,000원/1GB"
1331603,SK하이닉스 노트북 DDR3-1333,4GB,25000,1몰,"6,250원/1GB"
1518586,삼성전자 DDR3-1600 병행수입,4GB,30000,1몰,"7,500원/1GB"
1518590,삼성전자 DDR3-1600 병행수입,2GB,15000,1몰,"7,500원/1GB"
1522397,삼성전자 노트북 DDR3-1066 병행수입,4GB,20570,8몰,"5,143원/1GB"
1530917,삼성전자 DDR3-1600 방열판,4GB,21000,2몰,"5,250원/1GB"
1577930,삼성전자 DDR3-1600 방열판,2GB,24700,2몰,"12,350원/1GB"
1601504,삼성전자 노트북 DDR3-1600 병행수입,4GB,25900,2몰,"6,475원/1GB"
1622142,EKMEMORY DDR3-1600 인디핑크,4GB,26000,1몰,"6,500원/1GB"
1628188,삼성전자 노트북 DDR3-1333 병행수입,1GB,26000,2몰,"26,000원/1GB"
1676882,CYNEX DDR3-1600,4GB,11000,1몰,"2,750원/1GB"
1676904,CYNEX DDR3-1600 멜론,4GB,26000,1몰,"6,500원/1GB"
1676907,CYNEX DDR3-1600 엠트란 매직,4GB,26000,1몰,"6,500원/1GB"
1678154,SK하이닉스 노트북 DDR3-1066,4GB,50000,1몰,"12,500원/1GB"
1699045,TeamGroup DDR3-1600 Elite,8GB,22100,2몰,"2,763원/1GB"
1719949,삼성전자 노트북 DDR3-1333 병행수입,8GB,99000,2몰,"12,375원/1GB"
1719958,삼성전자 노트북 DDR3-1600 병행수입,8GB,48000,2몰,"6,000원/1GB"
1741833,EKMEMORY DDR3-1600,4GB,39420,2몰,"9,855원/1GB"
1745206,SK하이닉스 노트북 DDR3-1333 병행수입,4GB,29500,1몰,"7,375원/1GB"
1772613,삼성전자 DDR3-1600 방열판,8GB,80000,2몰,"10,000원/1GB"
1792298,삼성전자 DDR3-1600 병행수입,8GB,18580,24몰,"2,323원/1GB"
1883084,SK하이닉스 노트북 DDR3-1600 병행수입,8GB,58000,1몰,"7,250원/1GB"
1885748,EKMEMORY DDR3-1600,8GB,38000,1몰,"4,750원/1GB"
1962927,삼성전자 노트북 DDR3-1600,2GB,3340,23몰,
1962928,삼성전자 노트북 DDR3-1600 병행수입,2GB,19700,2몰,"9,850원/1GB"
2030384,CYNEX DDR3-1600 엠트란 매직,8GB,36000,1몰,"4,500원/1GB"
2030389,CYNEX DDR3-1600 멜론,8GB,21000,1몰,"2,625원/1GB"
2264343,트랜센드 노트북 DDR3-1600,2GB,53440,31몰,
2375179,킹스톤 DDR3-1600,8GB,29800,3몰,"3,725원/1GB"
2430601,AVEXIR DDR3-1600 CL10 Blitz 1.1 Original 패키지 대양케이스,16GB(8Gx2),150000,1몰,"9,375원/1GB"
2464556,CYNEX 노트북 DDR3-1600,8GB,73410,1몰,"9,176원/1GB"
2568994,삼성전자 노트북 DDR3-1600 1.35V,4GB,7900,47몰,"1,975원/1GB"
2671270,Dreamware DDR3-1866 ECC Mac Pro,4GB,116955,5몰,"29,239원/1GB"
2672596,Dreamware DDR3-1866 ECC Mac Pro,8GB,232581,5몰,"29,073원/1GB"
2672598,Dreamware DDR3-1866 ECC Mac Pro,16GB,438581,5몰,"27,411원/1GB"
2747282,삼성전자 노트북 DDR3-1600 1.35V 병행수입,8GB,57000,2몰,"7,125원/1GB"
3175169,삼성전자 노트북 DDR3-1600 1.35V,2GB,3500,11몰,
3201268,삼성전자 DDR4-2133 ECC/REG,16GB,165000,1몰,"10,313원/1GB"
3201319,삼성전자 DDR4-2133 ECC/REG,8GB,84720,3몰,"10,590원/1GB"
3233702,킹스톤 노트북 DDR3-1600,8GB,50000,1몰,"6,250원/1GB"
3380679,SK하이닉스 노트북 DDR3-1600 1.35V 병행수입,4GB,27900,1몰,"6,975원/1GB"
3409631,ESSENCORE KLEVV DDR3-2666 CL12 URBANE 패키지,8GB(4Gx2),68600,3몰,"8,575원/1GB"
3439724,G.SKILL DDR4-3200 CL16 TRIDENT Z 패키지,16GB(8Gx2),234000,71몰,"14,625원/1GB"
3493083,삼성전자 노트북 DDR4-2133,8GB,64990,42몰,"8,124원/1GB"
3717286,G.SKILL DDR4-3200 CL16 TRIDENT Z 패키지,32GB(16Gx2),448000,79몰,"14,000원/1GB"
4001196,삼성전자 노트북 DDR4-2133,16GB,155030,26몰,"9,689원/1GB"
4017368,CORSAIR DDR4-3200 CL16 Dominator Platinum 패키지,32GB(8Gx4),1385440,1몰,"43,295원/1GB"
4017369,CORSAIR DDR4-2666 CL15 Dominator Platinum 패키지,64GB(16Gx4),1622200,1몰,"25,347원/1GB"
4152022,ESSENCORE KLEVV DDR3-1600 CL9 URBANE 패키지,16GB(8Gx2),210000,1몰,"13,125원/1GB"
4152056,ESSENCORE KLEVV DDR3-1866 CL9 URBANE 패키지,16GB(8Gx2),220000,1몰,"13,750원/1GB"
4340385,SK하이닉스 DDR4-2133,4GB,23000,1몰,"5,750원/1GB"
4343051,삼성전자 DDR4-2400,8GB,63970,86몰,"7,996원/1GB"
4519874,삼성전자 DDR4-2400,16GB,150960,82몰,"9,435원/1GB"
4525099,타무즈 DDR4-2133 CL15,8GB,78400,66몰,"9,800원/1GB"
4545912,타무즈 노트북 DDR3-1333 CL9,4GB,10700,4몰,"2,675원/1GB"
4545965,타무즈 노트북 DDR3L-1600 CL11 1.35V,4GB,18530,68몰,"4,633원/1GB"
4546000,타무즈 DDR3-1600 CL11,4GB,19200,53몰,"4,800원/1GB"
4546081,타무즈 노트북 DDR4-2133 CL15,8GB,55900,74몰,"6,988원/1GB"
4571593,G.SKILL DDR4-3200 CL16 RIPJAWS V VK,16GB,214000,77몰,"13,375원/1GB"
4571613,G.SKILL DDR4-3200 CL16 RIPJAWS V VKB 패키지,16GB(8Gx2),219000,73몰,"13,688원/1GB"
4589107,G.SKILL DDR4-3200 CL16 TRIDENT ZKW 패키지,16GB(8Gx2),234000,69몰,"14,625원/1GB"
4589367,G.SKILL DDR4-3200 CL16 TRIDENT ZKW 패키지,32GB(16Gx2),439600,69몰,"13,738원/1GB"
4838666,타무즈 DDR3-1600 CL11,8GB,30880,57몰,"3,860원/1GB"
4905070,G.SKILL DDR4-3200 CL16 TRIDENT Z RGB 패키지,16GB(8Gx2),242500,9몰,"15,156원/1GB"
5040061,삼성전자 DDR4-2400,4GB,26600,59몰,"6,650원/1GB"
5040079,삼성전자 노트북 DDR4-2400,4GB,28590,54몰,"7,148원/1GB"
5093440,타무즈 DDR4-2400 CL17,8GB,71000,1몰,"8,875원/1GB"
5202059,삼성전자 노트북 DDR4-2400,8GB,74290,60몰,"9,286원/1GB"
5202063,삼성전자 노트북 DDR4-2400,16GB,144990,48몰,"9,062원/1GB"
5215088,타무즈 노트북 DDR3L-1600 CL11 1.35V,8GB,37350,48몰,"4,669원/1GB"
5383117,삼성전자 DDR4-2133 ECC/REG,32GB,550000,2몰,"17,188원/1GB"
5441273,삼성전자 DDR3-1333 중고,4GB,4470,94몰,"1,118원/1GB"
5448638,삼성전자 DDR4-2400 ECC/REG,16GB,188790,3몰,"11,799원/1GB"
5514214,V-Color 컬러풀 DDR3-1600,8GB,21000,1몰,"2,625원/1GB"
5528834,GeIL DDR4-2400 CL17 PRISTINE,8GB,93200,64몰,"11,650원/1GB"
5545241,삼성전자 DDR3-1600 중고,4GB,4680,116몰,"1,170원/1GB"
5546083,삼성전자 DDR3-1333 중고,2GB,2000,48몰,"1,000원/1GB"
5546469,삼성전자 노트북 DDR3-1333 중고,4GB,7090,56몰,"1,773원/1GB"
5547576,SK하이닉스 노트북 DDR3-1600 중고,4GB,8990,13몰,"2,248원/1GB"
5547604,SK하이닉스 노트북 DDR3-1600 중고,2GB,2990,10몰,"1,495원/1GB"
5547675,SK하이닉스 DDR3-1600 중고,4GB,8000,7몰,"2,000원/1GB"
5547968,SK하이닉스 노트북 DDR3-1600 중고,8GB,22000,2몰,"2,750원/1GB"
5547988,SK하이닉스 DDR3-1600 중고,8GB,25000,6몰,"3,125원/1GB"
5548947,삼성전자 노트북 DDR3-1600 중고,4GB,7470,116몰,"1,868원/1GB"
5549011,삼성전자 노트북 DDR3-1600 중고,8GB,23840,60몰,"2,980원/1GB"
5549101,삼성전자 DDR3-1600 중고,8GB,18170,136몰,"2,271원/1GB"
5550381,삼성전자 DDR3-1600 중고,2GB,4740,27몰,"2,370원/1GB"
5579506,삼성전자 DDR3-1333 중고,1GB,2000,3몰,"2,000원/1GB"
5579526,삼성전자 노트북 DDR3-1333 중고,1GB,1420,21몰,"1,420원/1GB"
5579604,삼성전자 DDR3-1066 중고,1GB,3080,14몰,"3,080원/1GB"
5579615,삼성전자 노트북 DDR3-1066 중고,1GB,1490,27몰,"1,490원/1GB"
5579705,삼성전자 노트북 DDR3-1333 중고,2GB,2900,41몰,"1,450원/1GB"
5579844,삼성전자 DDR3-1066 중고,2GB,4280,5몰,"2,140원/1GB"
5579854,삼성전자 노트북 DDR3-1066 중고,2GB,2460,44몰,"1,230원/1GB"
5580431,삼성전자 DDR3-1066 중고,4GB,15530,19몰,"3,883원/1GB"
5580447,삼성전자 노트북 DDR3-1066 중고,4GB,14990,37몰,"3,748원/1GB"
5580475,삼성전자 노트북 DDR3-1600 중고,2GB,2490,29몰,"1,245원/1GB"
5580555,삼성전자 노트북 DDR3-1333 중고,8GB,35890,5몰,"4,486원/1GB"
5580667,삼성전자 DDR2-667 중고,2GB,4000,1몰,"2,000원/1GB"
5580669,삼성전자 DDR2-667 중고,1GB,4910,5몰,"4,910원/1GB"
5580673,삼성전자 노트북 DDR2-667 중고,1GB,4660,2몰,"4,660원/1GB"
5580674,삼성전자 노트북 DDR2-800 중고,1GB,3000,4몰,"3,000원/1GB"
5580681,삼성전자 노트북 DDR2-533 중고,1GB,6440,1몰,"6,440원/1GB"
5580765,SK하이닉스 노트북 DDR2-800 병행수입,2GB,16000,1몰,"8,000원/1GB"
5580847,삼성전자 노트북 DDR2-667 병행수입,2GB,18000,1몰,"9,000원/1GB"
5655412,삼성전자 DDR3-1333 ECC 중고,8GB,90000,1몰,"11,250원/1GB"
5655416,삼성전자 DDR3-1333 중고,8GB,24990,12몰,"3,124원/1GB"
5676841,삼성전자 DDR4-2133 중고,8GB,63830,150몰,"7,979원/1GB"
5680228,TeamGroup DDR4-2666 Elite,8GB,86000,1몰,"10,750원/1GB"
5706426,SK하이닉스 노트북 DDR4-2133 중고,4GB,24900,12몰,"6,225원/1GB"
5706778,SK하이닉스 노트북 DDR4-2133,8GB,97000,1몰,"12,125원/1GB"
5718625,SK하이닉스 DDR4-2400,4GB,23000,1몰,"5,750원/1GB"
5721454,삼성전자 DDR4-2400 ECC/REG,8GB,120000,1몰,"15,000원/1GB"
5721713,삼성전자 DDR4-2400 ECC/REG,32GB,455000,2몰,"14,219원/1GB"
5728302,SK하이닉스 노트북 DDR3-1333 중고,2GB,2990,5몰,"1,495원/1GB"
5728455,SK하이닉스 DDR3-1333 중고,4GB,7000,1몰,"1,750원/1GB"
5728592,SK하이닉스 노트북 DDR3-1333 중고,4GB,8040,1몰,"2,010원/1GB"
5728635,SK하이닉스 노트북 DDR3-1066 중고,2GB,2440,8몰,"1,220원/1GB"
5728643,SK하이닉스 노트북 DDR3-1066 병행수입,2GB,16800,1몰,"8,400원/1GB"
5728672,SK하이닉스 노트북 DDR3-1066 중고,4GB,59500,1몰,"14,875원/1GB"
5728737,SK하이닉스 노트북 DDR3-1333 병행수입,1GB,15800,1몰,"15,800원/1GB"
5728763,SK하이닉스 노트북 DDR3-1333 중고,1GB,5300,1몰,"5,300원/1GB"
5729092,SK하이닉스 노트북 DDR3-1333 중고,8GB,89500,1몰,"11,188원/1GB"
5747131,실리콘파워 DDR3-1600 중고,8GB,21000,1몰,"2,625원/1GB"
5799891,SK하이닉스 노트북 DDR2-800 중고,4GB,96800,1몰,"24,200원/1GB"
5800016,SK하이닉스 DDR2-800 중고,2GB,6800,1몰,"3,400원/1GB"
5800064,SK하이닉스 DDR2-667 중고,2GB,9800,1몰,"4,900원/1GB"
5800093,SK하이닉스 노트북 DDR2-800 중고,1GB,16000,1몰,"16,000원/1GB"
5800315,EKMEMORY DDR2-800 중고,2GB,27840,1몰,"13,920원/1GB"
5800415,CYNEX DDR2-800 엠트란 중고,2GB,35000,1몰,"17,500원/1GB"
5800438,CYNEX DDR2-667 엠트란 중고,2GB,35950,1몰,"17,975원/1GB"
5800464,CYNEX DDR2-800 중고,2GB,29360,1몰,"14,680원/1GB"
5800481,CYNEX DDR2-667 중고,2GB,32580,1몰,"16,290원/1GB"
5800557,CYNEX DDR2-667 중고,1GB,50000,1몰,"50,000원/1GB"
5800721,SK하이닉스 노트북 DDR2-533 중고,512MB,10000,1몰,
5800734,SK하이닉스 노트북 DDR2-667 중고,512MB,15000,1몰,
5850669,마이크론 Crucial DDR3-1600 중고,8GB,21000,1몰,"2,625원/1GB"
5850743,마이크론 Crucial DDR3-1600 중고,4GB,11000,1몰,"2,750원/1GB"
5937666,삼성전자 DDR4-2666,8GB,81970,39몰,"10,246원/1GB"
5941995,삼성전자 DDR4-2666,16GB,194850,36몰,"12,178원/1GB"
5947795,SK하이닉스 DDR3-1600,2GB,18000,1몰,"9,000원/1GB"
5971453,타무즈 노트북 DDR4-2400 CL17,8GB,90210,70몰,"11,276원/1GB"
6002268,G.SKILL DDR4-2666 CL19 AEGIS,8GB,103700,70몰,"12,963원/1GB"
6018766,타무즈 DDR4-2666 CL19,8GB,94960,77몰,"11,870원/1GB"
6018770,타무즈 DDR4-2666 CL19,16GB,189750,66몰,"11,859원/1GB"
6168329,GeIL DDR4-2666 CL19 PRISTINE,4GB,42500,2몰,"10,625원/1GB"
6168338,GeIL DDR4-2666 CL19 PRISTINE,8GB,93780,59몰,"11,723원/1GB"
6168351,GeIL DDR4-2666 CL19 PRISTINE,16GB,191600,69몰,"11,975원/1GB"
6274195,삼성전자 노트북 DDR4-2666,8GB,73660,65몰,"9,208원/1GB"
6393068,삼성전자 노트북 DDR4-2666,16GB,137680,88몰,"8,605원/1GB"
6393108,삼성전자 DDR4-2666 ECC/REG,16GB,180000,1몰,"11,250원/1GB"
6419514,G.SKILL DDR4-3200 CL14 RIPJAWS V VK 패키지,16GB(8Gx2),220110,3몰,"13,757원/1GB"
6488716,삼성전자 노트북 DDR4-2666,4GB,34110,72몰,"8,528원/1GB"
6502718,Terabyte Ramonster DDR4-2666 CL19 BLACK,8GB,88900,1몰,"11,113원/1GB"
6540147,G.SKILL DDR4-2666 CL19 AEGIS,16GB,229000,81몰,"14,313원/1GB"
6781921,GeIL DDR4-4133 CL19 SUPER LUCE RGB Sync 화이트 패키지,16GB(8Gx2),179050,2몰,"11,191원/1GB"
6925651,타무즈 DDR4-2666 CL19,4GB,48670,75몰,"12,168원/1GB"
6935809,TeamGroup T-Force DDR4-3200 CL16 Delta RGB 패키지,16GB(8Gx2),230000,1몰,"14,375원/1GB"
6935872,TeamGroup T-Force DDR4-3200 CL16 Delta RGB 패키지,32GB(16Gx2),446240,29몰,"13,945원/1GB"
7004512,타무즈 노트북 DDR4-2666 CL19,16GB,189350,72몰,"11,834원/1GB"
7013617,킹스톤 DDR4-2666,4GB,31000,3몰,"7,750원/1GB"
7013641,킹스톤 DDR4-2666,8GB,86000,3몰,"10,750원/1GB"
7029922,G.SKILL DDR4-3000 CL16 TRIDENT Z ROYAL 실버 패키지,16GB(8Gx2),179340,1몰,"11,209원/1GB"
7030186,G.SKILL DDR4-3600 CL18 TRIDENT Z ROYAL 실버 패키지,16GB(8Gx2),851510,1몰,"53,219원/1GB"
7119331,Terabyte Ramonster DDR4-2666 CL19 BLACK,4GB,30000,1몰,"7,500원/1GB"
7151392,타무즈 노트북 DDR4-2666 CL19,8GB,95030,72몰,"11,879원/1GB"
7305265,TeamGroup T-Force DDR4-3600 CL18 Night Hawk RGB 패키지 서린,16GB(8Gx2),134200,1몰,"8,388원/1GB"
7320400,TeamGroup T-Force DDR4-3200 CL16 Delta RGB 패키지 서린,16GB(8Gx2),230000,67몰,"14,375원/1GB"
7320475,TeamGroup T-Force DDR4-3200 CL16 Delta RGB 화이트 패키지 서린,16GB(8Gx2),230000,69몰,"14,375원/1GB"
7320865,TeamGroup T-Force DDR4-3200 CL16 Delta RGB 화이트 패키지 서린,32GB(16Gx2),455000,5몰,"14,219원/1GB"
7331068,CORSAIR DDR4-3200 CL16 Dominator Platinum RGB AMD 패키지,16GB(8Gx2),209320,2몰,"13,083원/1GB"
7643122,Terabyte Ramonster 노트북 DDR4-2666 CL19,4GB,29000,1몰,"7,250원/1GB"
7659601,TeamGroup T-Force DDR4-4000 CL18 XCALIBUR PG RGB 패키지 서린,16GB(8Gx2),228800,1몰,"14,300원/1GB"
7954897,G.SKILL 노트북 DDR4-2666 CL19 RIPJAWS,8GB,103700,74몰,"12,963원/1GB"
7954927,G.SKILL 노트북 DDR4-2666 CL19 RIPJAWS,16GB,206100,71몰,"12,881원/1GB"
8072551,이메이션 DDR4-2666 Black Edition,16GB,190000,1몰,"11,875원/1GB"
8111455,트랜센드 DDR3-1600,4GB,10000,1몰,"2,500원/1GB"
8158972,삼성전자 DDR4-2666 중고,8GB,65890,207몰,"8,236원/1GB"
8165329,삼성전자 DDR4-2666 중고,16GB,150650,165몰,"9,416원/1GB"
8165383,삼성전자 DDR4-2133 중고,4GB,23890,118몰,"5,973원/1GB"
8540462,이메이션 DDR3-1600 CL11,4GB,6900,6몰,"1,725원/1GB"
8540480,이메이션 DDR3-1600 CL11,8GB,21000,1몰,"2,625원/1GB"
8714552,TeamGroup T-Force DDR4-2666 CL18 T1 GAMING,4GB,23000,1몰,"5,750원/1GB"
9268803,TeamGroup T-Force DDR4-3000 CL16 Vulcan Z Gray,4GB,26000,1몰,"6,500원/1GB"
9390900,ESSENCORE KLEVV DDR4-2666 CL19 파인인포,4GB,22140,5몰,"5,535원/1GB"
9390978,ESSENCORE KLEVV DDR4-2666 CL19 파인인포,16GB,190000,1몰,"11,875원/1GB"
9470838,G.SKILL DDR4-3600 CL16 TRIDENT Z NEO C 패키지,16GB(8Gx2),259000,75몰,"16,188원/1GB"
9480405,G.SKILL DDR4-3600 CL16 TRIDENT Z NEO C 패키지,32GB(16Gx2),498600,77몰,"15,581원/1GB"
9593730,G.SKILL DDR4-3200 CL16 AEGIS,8GB,107600,34몰,"13,450원/1GB"
9593742,G.SKILL DDR4-3200 CL16 AEGIS,16GB,239000,93몰,"14,938원/1GB"
9805746,실리콘파워 DDR4-3200 CL16 Xpower Turbine RGB 패키지,16GB(8Gx2),242500,1몰,"15,156원/1GB"
9805785,실리콘파워 DDR4-3200 CL16 Xpower Turbine RGB 패키지,32GB(16Gx2),464600,1몰,"14,519원/1GB"
10019547,G.SKILL DDR4-3200 CL16 TRIDENT Z RGB 패키지,32GB(16Gx2),460000,85몰,"14,375원/1GB"
10188141,TeamGroup DDR4-3200 Elite,8GB,94710,79몰,"11,839원/1GB"
10188159,TeamGroup DDR4-3200 Elite,16GB,205000,1몰,"12,813원/1GB"
10294017,마이크론 Crucial DDR4-3200 CL22,8GB,109720,14몰,"13,715원/1GB"
10294092,마이크론 Crucial DDR4-3200 CL22,16GB,179990,150몰,"11,249원/1GB"
10376427,삼성전자 DDR4-2933,8GB,95000,1몰,"11,875원/1GB"
10376565,SK하이닉스 DDR4-2666 중고,8GB,71000,1몰,"8,875원/1GB"
10376604,SK하이닉스 DDR4-2666 중고,16GB,159890,4몰,"9,993원/1GB"
10495692,이메이션 DDR4-3200 CL22,8GB,102220,29몰,"12,778원/1GB"
10495707,이메이션 DDR4-3200 CL22,16GB,206170,7몰,"12,886원/1GB"
10558731,Terabyte Ramonster DDR4-3200 CL22 BLACK,8GB,92400,1몰,"11,550원/1GB"
10610796,마이크론 Crucial 노트북 DDR4-3200 CL22,8GB,66550,2몰,"8,319원/1GB"
10742970,삼성전자 노트북 DDR4-2666,32GB,327070,24몰,"10,221원/1GB"
10824564,삼성전자 DDR4-2666 ECC/REG,32GB,330000,1몰,"10,313원/1GB"
10853625,삼성전자 노트북 DDR4-3200,8GB,86990,162몰,"10,874원/1GB"
10859073,GeIL DDR4-3200 CL22 PRISTINE,8GB,94100,96몰,"11,763원/1GB"
10859097,GeIL DDR4-3200 CL22 PRISTINE,16GB,192880,95몰,"12,055원/1GB"
10881360,삼성전자 노트북 DDR4-3200,32GB,347760,74몰,"10,868원/1GB"
11028636,삼성전자 DDR4-3200,32GB,397440,131몰,"12,420원/1GB"
11183601,GeIL DDR4-3200 CL22 EVO SPEAR,16GB,219800,5몰,"13,738원/1GB"
11196249,ADATA 노트북 DDR4-3200 CL22,16GB,117430,15몰,"7,339원/1GB"
11236449,삼성전자 DDR4-2400 중고,8GB,61890,96몰,"7,736원/1GB"
11272668,트랜센드 노트북 DDR4-2666 CL19,4GB,17180,3몰,"4,295원/1GB"
11298180,삼성전자 DDR4-2400 중고,16GB,134400,106몰,"8,400원/1GB"
11379687,TeamGroup T-Force DDR4-3200 CL16 Delta RGB 화이트 서린,32GB,508790,12몰,"15,900원/1GB"
11380119,TeamGroup T-Force DDR4-3600 CL18 Delta RGB 패키지 서린,16GB(8Gx2),227050,74몰,"14,191원/1GB"
11380332,TeamGroup T-Force DDR4-3600 CL18 Delta RGB 패키지 서린,32GB(16Gx2),460000,49몰,"14,375원/1GB"
11380437,TeamGroup T-Force DDR4-3600 CL18 Delta RGB 화이트 패키지 서린,16GB(8Gx2),227050,80몰,"14,191원/1GB"
11380467,TeamGroup T-Force DDR4-3600 CL18 Delta RGB 화이트 패키지 서린,32GB(16Gx2),459900,47몰,"14,372원/1GB"
11397141,삼성전자 노트북 DDR4-3200,16GB,181010,171몰,"11,313원/1GB"
11431059,G.SKILL DDR4-3600 CL18 TRIDENT Z RGB 패키지,16GB(8Gx2),243000,81몰,"15,188원/1GB"
11431083,G.SKILL DDR4-3600 CL18 TRIDENT Z RGB 패키지,32GB(16Gx2),464900,64몰,"14,528원/1GB"
11431356,G.SKILL DDR4-3600 CL18 TRIDENT Z NEO 패키지,16GB(8Gx2),146950,1몰,"9,184원/1GB"
11445204,PATRIOT DDR4-3200 CL22 SIGNATURE,8GB,101460,76몰,"12,683원/1GB"
11445216,PATRIOT DDR4-3200 CL22 SIGNATURE,16GB,243680,1몰,"15,230원/1GB"
11445219,PATRIOT DDR4-3200 CL22 SIGNATURE,32GB,424000,2몰,"13,250원/1GB"
11445372,PATRIOT 노트북 DDR4-3200 CL22 SIGNATURE,8GB,103250,67몰,"12,906원/1GB"
11445393,PATRIOT 노트북 DDR4-3200 CL22 SIGNATURE,16GB,170990,41몰,"10,687원/1GB"
11462262,TeamGroup T-Force DDR4-3200 CL16 XTREEM ARGB 패키지,16GB(8Gx2),239200,19몰,"14,950원/1GB"
11541857,삼성전자 DDR4-3200,8GB,96520,208몰,"12,065원/1GB"
11541968,삼성전자 DDR4-2933 ECC/REG,16GB,191810,8몰,"11,988원/1GB"
11541977,삼성전자 DDR4-2933 ECC/REG,32GB,434910,8몰,"13,591원/1GB"
11541992,삼성전자 DDR4-2933,32GB,341900,5몰,"10,684원/1GB"
11587076,V-Color DDR4-4000 CL19 PRISM PRO RGB SILVER 패키지,16GB(8Gx2),280000,1몰,"17,500원/1GB"
11627192,PNY DDR4-2666 Performance,16GB,190000,1몰,"11,875원/1GB"
11631620,삼성전자 DDR4-2666 ECC/REG,8GB,99000,1몰,"12,375원/1GB"
11631995,삼성전자 DDR4-2666 ECC/Unbuffered,8GB,120000,3몰,"15,000원/1GB"
11633126,삼성전자 DDR4-2666 ECC/Unbuffered,16GB,330000,1몰,"20,625원/1GB"
11644949,삼성전자 DDR4-2400 중고,4GB,23890,89몰,"5,973원/1GB"
11655968,타무즈 노트북 DDR4-2666 CL19,4GB,48870,79몰,"12,218원/1GB"
11682743,GeIL 노트북 DDR4-3200 CL22,8GB,95000,65몰,"11,875원/1GB"
11682767,GeIL 노트북 DDR4-3200 CL22,16GB,193060,68몰,"12,066원/1GB"
11787049,ESSENCORE KLEVV DDR4-3200 CL22 파인인포,8GB,103300,80몰,"12,913원/1GB"
11787091,ESSENCORE KLEVV DDR4-3200 CL22 파인인포,16GB,205250,129몰,"12,828원/1GB"
11787154,ESSENCORE KLEVV 노트북 DDR4-3200 CL22 파인인포,8GB,99990,50몰,"12,499원/1GB"
11787178,ESSENCORE KLEVV 노트북 DDR4-3200 CL22 파인인포,16GB,188950,50몰,"11,809원/1GB"
11790199,삼성전자 DDR4-3200,16GB,216420,221몰,"13,526원/1GB"
11858860,TeamGroup T-Force DDR4-3600 CL18 Delta RGB 패키지,32GB(16Gx2),459980,24몰,"14,374원/1GB"
11858869,TeamGroup T-Force DDR4-3600 CL18 Delta RGB 화이트 패키지,16GB(8Gx2),233000,2몰,"14,563원/1GB"
11858875,TeamGroup T-Force DDR4-3600 CL18 Delta RGB 화이트 패키지,32GB(16Gx2),460000,1몰,"14,375원/1GB"
11868160,ADATA DDR4-3200 CL22 코잇,16GB,43000,1몰,"2,688원/1GB"
12076634,트랜센드 DDR4-3200 CL22,8GB,105870,73몰,"13,234원/1GB"
12076652,트랜센드 DDR4-3200 CL22,16GB,211720,58몰,"13,233원/1GB"
12076664,트랜센드 노트북 DDR4-3200 CL22,16GB,122000,36몰,"7,625원/1GB"
12247244,G.SKILL 노트북 DDR4-3200 CL22 RIPJAWS,8GB,105000,61몰,"13,125원/1GB"
12247271,G.SKILL 노트북 DDR4-3200 CL22 RIPJAWS,16GB,209000,70몰,"13,063원/1GB"
12504902,트랜센드 DDR4-3200 CL22,32GB,424000,11몰,"13,250원/1GB"
12509051,삼성전자 DDR4-2933 ECC/REG,64GB,842420,17몰,"13,163원/1GB"
12513077,트랜센드 노트북 DDR4-3200 CL22,32GB,424000,11몰,"13,250원/1GB"
12513242,삼성전자 DDR4-2933,16GB,180410,4몰,"11,276원/1GB"
12744536,삼성전자 DDR4-2666 중고,4GB,24260,133몰,"6,065원/1GB"
12823175,삼성전자 DDR3-1600 ECC 중고,8GB,90000,1몰,"11,250원/1GB"
12823325,삼성전자 DDR3-1600 ECC/Unbuffered 중고,8GB,31200,3몰,"3,900원/1GB"
12823511,삼성전자 DDR3-1333 ECC/REG 중고,8GB,10450,4몰,"1,306원/1GB"
12823616,삼성전자 DDR3-1600 ECC/Unbuffered 중고,4GB,18500,4몰,"4,625원/1GB"
12823709,삼성전자 DDR4-2133 중고,16GB,134930,137몰,"8,433원/1GB"
12876455,TeamGroup T-Force DDR4-3200 CL16-20-20 Delta RGB 패키지 서린,32GB(16Gx2),455000,64몰,"14,219원/1GB"
12876503,TeamGroup T-Force DDR4-3200 CL16-20-20 Delta RGB 화이트 패키지 서린,32GB(16Gx2),455000,53몰,"14,219원/1GB"
12920054,삼성전자 노트북 DDR4-2666 중고,4GB,27710,59몰,"6,928원/1GB"
12958241,TeamGroup T-Force DDR4-3200 CL16-20-20 Delta RGB 화이트 패키지,32GB(16Gx2),460090,9몰,"14,378원/1GB"
12970748,삼성전자 노트북 DDR4-2133 중고,8GB,60830,59몰,"7,604원/1GB"
13057079,SK하이닉스 노트북 DDR4-2666 중고,4GB,20000,1몰,"5,000원/1GB"
13122602,삼성전자 DDR4-3200,4GB,36650,94몰,"9,163원/1GB"
13137278,타무즈 DDR4-3200 CL22,8GB,95420,92몰,"11,928원/1GB"
13137290,타무즈 DDR4-3200 CL22,16GB,191690,114몰,"11,981원/1GB"
13137302,타무즈 DDR4-3200 CL22,32GB,454780,82몰,"14,212원/1GB"
13137344,타무즈 노트북 DDR4-3200 CL22,8GB,52600,92몰,"6,575원/1GB"
13137365,타무즈 노트북 DDR4-3200 CL22,16GB,104100,116몰,"6,506원/1GB"
13137374,타무즈 노트북 DDR4-3200 CL22,32GB,452730,88몰,"14,148원/1GB"
13169489,삼성전자 DDR3-1600 ECC/REG 중고,8GB,68800,1몰,"8,600원/1GB"
13245098,CORSAIR DDR4-3200 CL16 VENGEANCE RGB PRO SL BLACK 패키지,32GB(8Gx4),354750,1몰,"11,086원/1GB"
13304453,실리콘파워 DDR4-2666 CL19,4GB,21000,1몰,"5,250원/1GB"
13387634,OLOy DDR4-3200 CL16 BLADE RGB Black 패키지 올로코리아,16GB(8Gx2),188000,1몰,"11,750원/1GB"
13432766,삼성전자 DDR4-3200 ECC/REG,16GB,238830,43몰,"14,927원/1GB"
13432970,삼성전자 DDR4-3200 ECC/REG,32GB,498780,58몰,"15,587원/1GB"
13433147,삼성전자 DDR4-3200 ECC/REG,64GB,909000,16몰,"14,203원/1GB"
13568831,SOUTH BRIDGE 노트북 DDR4-2666,16GB,138000,1몰,"8,625원/1GB"
13568960,SK하이닉스 노트북 DDR4-3200 중고,4GB,28410,8몰,"7,103원/1GB"
13574633,실리콘파워 DDR4-3200 CL22,16GB,230400,1몰,"14,400원/1GB"
13603805,SOUTH BRIDGE DDR3-1600,8GB,22800,2몰,"2,850원/1GB"
13723130,OLOy DDR4-3600 CL18 BLADE RGB Black 패키지 올로코리아,16GB(8Gx2),210000,1몰,"13,125원/1GB"
13723196,OLOy DDR4-3600 CL18 BLADE RGB Black 패키지,32GB(16Gx2),450000,1몰,"14,063원/1GB"
13826867,삼성전자 DDR4-2933 ECC/Unbuffered,8GB,83030,32몰,"10,379원/1GB"
13965674,TeamGroup T-Force 노트북 DDR4-3200 CL22 ZEUS,8GB,84780,19몰,"10,598원/1GB"
13981076,TeamGroup T-CREATE DDR4-3600 CL18 EXPERT OC10L 패키지 서린,16GB(8Gx2),222000,88몰,"13,875원/1GB"
14091533,ArchMemory DDR4-2666 ECC for Synology,16GB,580000,1몰,"36,250원/1GB"
14130377,삼성전자 노트북 DDR4-2133 중고,4GB,23410,87몰,"5,853원/1GB"
14183372,삼성전자 노트북 DDR3-1600 1.35V 중고,8GB,21940,104몰,"2,743원/1GB"
14205473,SOUTH BRIDGE 노트북용 DDR3L-1600 1.35V,8GB,25600,1몰,"3,200원/1GB"
14205968,ESSENCORE KLEVV 노트북 DDR4-3200 CL22 파인인포,32GB,332500,1몰,"10,391원/1GB"
14267015,삼성전자 노트북 DDR3-1600 1.35V 중고,4GB,7880,79몰,"1,970원/1GB"
14613242,GeIL DDR4-3600 CL18-22-22 SUPER LUCE RGB Sync 블랙 패키지,16GB(8Gx2),180280,3몰,"11,268원/1GB"
14679644,삼성전자 노트북 DDR4-3200 중고,4GB,33910,39몰,"8,478원/1GB"
14907443,TeamGroup DDR4-3200 Elite 서린,8GB,96120,70몰,"12,015원/1GB"
14907467,TeamGroup DDR4-3200 Elite 서린,16GB,206090,45몰,"12,881원/1GB"
14907485,TeamGroup DDR4-3200 Elite 서린,32GB,424000,28몰,"13,250원/1GB"
14910056,삼성전자 노트북 DDR4-3200,4GB,34000,78몰,"8,500원/1GB"
14960162,삼성전자 노트북 DDR4-2400 중고,4GB,25000,49몰,"6,250원/1GB"
15125060,삼성전자 DDR4-2933 ECC/REG,128GB,1750330,14몰,"13,674원/1GB"
15176300,골든메모리 DDR3-1600,8GB,23000,2몰,"2,875원/1GB"
15176405,골든메모리 노트북 DDR3-1600,8GB,23000,1몰,"2,875원/1GB"
15253352,삼성전자 DDR3-1600 ECC/REG 중고,16GB,31700,6몰,"1,981원/1GB"
15414239,ANACOMDA DDR4-3200 CL22 디앤디컴,16GB,199000,17몰,"12,438원/1GB"
15446396,트랜센드 DDR4-3200 CL22,4GB,23000,1몰,"5,750원/1GB"
15481538,삼성전자 노트북 DDR4-2400 중고,8GB,71030,79몰,"8,879원/1GB"
15545345,타무즈 DDR4-3200 CL22,4GB,48970,101몰,"12,243원/1GB"
15577976,SK하이닉스 DDR4-3200 중고,8GB,80000,21몰,"10,000원/1GB"
15578048,삼성전자 DDR4-3200 중고,8GB,83000,86몰,"10,375원/1GB"
15598841,ADATA DDR5-5200 CL38 LANCER 블랙 패키지,32GB(16Gx2),785820,4몰,"24,557원/1GB"
15627671,마이크론 Crucial DDR5-4800 CL40 패키지,16GB(8Gx2),480000,1몰,"30,000원/1GB"
15753614,삼성전자 DDR4-3200 ECC/REG,8GB,170000,1몰,"21,250원/1GB"
15753674,삼성전자 DDR4-3200 ECC/REG,128GB,1974990,21몰,"15,430원/1GB"
15759071,삼성전자 DDR5-4800,16GB,408400,8몰,"25,525원/1GB"
15764342,삼성전자 DDR5-4800,32GB,649000,36몰,"20,281원/1GB"
15778361,SK하이닉스 노트북 DDR4-2133 중고,8GB,77000,1몰,"9,625원/1GB"
15798569,삼성전자 DDR4-2933 ECC/Unbuffered,16GB,330000,1몰,"20,625원/1GB"
15798590,삼성전자 DDR4-2933 ECC/Unbuffered,32GB,570570,2몰,"17,830원/1GB"
15860627,이메이션 DDR4-3200 CL22,32GB,397070,37몰,"12,408원/1GB"
15980393,G.SKILL DDR5-6000 CL36 TRIDENT Z5 RGB 패키지,32GB(16Gx2),749000,4몰,"23,406원/1GB"
15988694,마이크론 Crucial DDR5-4800 CL40,8GB,190000,1몰,"23,750원/1GB"
16025600,V-Color Manta DDR5-6200 CL40 RGB 골든아미스 패키지,32GB(16Gx2),688000,1몰,"21,500원/1GB"
16034945,TeamGroup T-Force DDR5-6000 CL38 Delta RGB 패키지 서린,32GB(16Gx2),737250,91몰,"23,039원/1GB"
16047350,실리콘파워 DDR4-3200 CL16 Xpower Zenith RGB 패키지,16GB(8Gx2),251200,1몰,"15,700원/1GB"
16047395,실리콘파워 DDR4-3200 CL16 Xpower Zenith RGB 패키지,32GB(16Gx2),472700,1몰,"14,772원/1GB"
16047449,실리콘파워 DDR4-3600 CL18 Xpower Zenith RGB 패키지,16GB(8Gx2),251200,1몰,"15,700원/1GB"
16047473,실리콘파워 DDR4-3600 CL18 Xpower Zenith RGB 패키지,32GB(16Gx2),471700,1몰,"14,741원/1GB"
16121639,SK하이닉스 노트북 DDR4-3200 중고,8GB,89200,18몰,"11,150원/1GB"
16126766,삼성전자 DDR4-3200 중고,16GB,177890,52몰,"11,118원/1GB"
16192424,G.SKILL DDR5-6000 CL36 TRIDENT Z5 J 패키지,32GB(16Gx2),718500,79몰,"22,453원/1GB"
16192574,G.SKILL DDR5-6000 CL36 TRIDENT Z5 J 실버 패키지,32GB(16Gx2),718380,75몰,"22,449원/1GB"
16193474,G.SKILL DDR5-6000 CL36 TRIDENT Z5 RGB J 패키지,32GB(16Gx2),741900,87몰,"23,184원/1GB"
16193702,G.SKILL DDR5-6000 CL36 TRIDENT Z5 RGB J 실버 패키지,32GB(16Gx2),729000,1몰,"22,781원/1GB"
16272698,G.SKILL DDR5-6400 CL32 TRIDENT Z5 RGB J 패키지,32GB(16Gx2),895000,73몰,"27,969원/1GB"
16316135,삼성전자 노트북 DDR4-2666 중고,8GB,72990,64몰,"9,124원/1GB"
16343636,마이크론 Crucial 노트북 DDR4-3200 CL22,16GB,172940,46몰,"10,809원/1GB"
16379045,삼성전자 DDR4-3200 중고,32GB,377880,40몰,"11,809원/1GB"
16388927,삼성전자 DDR5-4800,8GB,207680,33몰,"25,960원/1GB"
16390268,삼성전자 DDR5-4800 병행수입,32GB,849900,1몰,"26,559원/1GB"
16443341,TeamGroup T-Force DDR5-6000 CL38 Delta RGB 화이트 패키지 서린,32GB(16Gx2),740000,12몰,"23,125원/1GB"
16493414,삼성전자 DDR4-2666 중고,32GB,293340,110몰,"9,167원/1GB"
16524044,삼성전자 노트북 DDR4-3200 중고,8GB,92890,61몰,"11,611원/1GB"
16524281,마이크론 Crucial 노트북 DDR4-3200 CL22 중고,4GB,22000,1몰,"5,500원/1GB"
16633067,삼성전자 노트북 DDR5-4800 중고,8GB,159000,25몰,"19,875원/1GB"
16686116,삼성전자 노트북 DDR5-4800 병행수입,8GB,169500,33몰,"21,188원/1GB"
16745570,OLOy DDR4-3600 CL14 BLADE RGB AL 패키지 올로코리아,16GB(8Gx2),242600,17몰,"15,163원/1GB"
16834745,삼성전자 노트북 DDR4-2666 중고,16GB,131990,67몰,"8,249원/1GB"
16844816,삼성전자 노트북 DDR4-2400 중고,16GB,131980,59몰,"8,249원/1GB"
16873946,G.SKILL DDR5-6000 CL30 TRIDENT Z5 RGB J 패키지,32GB(16Gx2),895000,70몰,"27,969원/1GB"
16875872,G.SKILL DDR5-6000 CL30 RIPJAWS S5 J 블랙 패키지,32GB(16Gx2),855000,76몰,"26,719원/1GB"
16875908,G.SKILL DDR5-6000 CL30 RIPJAWS S5 J 화이트 패키지,32GB(16Gx2),855000,77몰,"26,719원/1GB"
16885955,CORSAIR DDR5-5600 CL40 VENGEANCE BLACK 패키지,64GB(32Gx2),1314890,25몰,"20,545원/1GB"
16906769,OLOy DDR4-3600 CL14 BLADE RGB AL 패키지,32GB(16Gx2),507000,1몰,"15,844원/1GB"
16910030,삼성전자 노트북 DDR4-2666 중고,32GB,317270,23몰,"9,915원/1GB"
16946348,SK하이닉스 노트북 DDR4-2400 중고,2GB,16000,1몰,"8,000원/1GB"
16946420,SK하이닉스 노트북 DDR4-2400 중고,4GB,26990,13몰,"6,748원/1GB"
16946459,SK하이닉스 노트북 DDR4-2400 중고,8GB,70390,10몰,"8,799원/1GB"
16972373,삼성전자 노트북 DDR4-2133 중고,16GB,139880,32몰,"8,743원/1GB"
17000666,G.SKILL DDR5-6000 CL30 RIPJAWS S5 J 블랙 패키지,64GB(32Gx2),1579270,84몰,"24,676원/1GB"
17000741,G.SKILL DDR5-6000 CL30 RIPJAWS S5 J 화이트 패키지,64GB(32Gx2),1579280,82몰,"24,676원/1GB"
17001209,G.SKILL DDR5-6000 CL30 TRIDENT Z5 RGB J 패키지,64GB(32Gx2),1428000,76몰,"22,313원/1GB"
17009480,삼성전자 노트북 DDR4-3200 중고,16GB,149830,62몰,"9,364원/1GB"
17009852,삼성전자 DDR4-3200 중고,4GB,31990,58몰,"7,998원/1GB"
17030762,SK하이닉스 DDR4-3200 중고,16GB,180400,12몰,"11,275원/1GB"
17139326,G.SKILL DDR5-6000 CL30 TRIDENT Z5 J 패키지,64GB(32Gx2),1599720,51몰,"24,996원/1GB"
17139356,G.SKILL DDR5-6000 CL30 TRIDENT Z5 J 패키지,32GB(16Gx2),865000,71몰,"27,031원/1GB"
17139398,G.SKILL DDR5-6000 CL30 TRIDENT Z5 J 실버 패키지,32GB(16Gx2),865000,60몰,"27,031원/1GB"
17190410,CORSAIR 노트북 DDR5-4800 CL40 VENGEANCE 패키지,16GB(8Gx2),280000,1몰,"17,500원/1GB"
17190479,삼성전자 DDR4-2133 ECC/REG 중고,16GB,138800,4몰,"8,675원/1GB"
17241983,SK하이닉스 DDR2-800 중고,4GB,87470,2몰,"21,868원/1GB"
17242046,SK하이닉스 노트북 DDR4-2666 중고,16GB,132730,11몰,"8,296원/1GB"
17258714,CORSAIR 노트북 DDR5-4800 CL40 VENGEANCE,32GB,560000,1몰,"17,500원/1GB"
17285078,마이크론 Crucial 노트북 DDR5-4800 CL40,8GB,199900,2몰,"24,988원/1GB"
17288240,삼성전자 DDR4-2133 ECC/Unbuffered 중고,16GB,290000,1몰,"18,125원/1GB"
17292047,마이크론 Crucial 노트북 DDR4-3200 CL22 해외구매,8GB,54190,9몰,"6,774원/1GB"
17341415,SK하이닉스 노트북 DDR4-2666 중고,8GB,77000,1몰,"9,625원/1GB"
17390087,SK하이닉스 노트북 DDR5-4800 중고,8GB,127080,15몰,"15,885원/1GB"
17443334,마이크론 DDR4-2400 중고,8GB,66000,1몰,"8,250원/1GB"
17528609,삼성전자 DDR3-1333 ECC/REG 중고,4GB,5790,6몰,"1,448원/1GB"
17535233,TeamGroup DDR5-4800 CL40 Elite 서린,16GB,367320,93몰,"22,958원/1GB"
17535647,TeamGroup DDR5-4800 CL40 Elite 서린,32GB,572500,2몰,"17,891원/1GB"
17535839,TeamGroup DDR5-5600 CL46 Elite 서린,16GB,350000,97몰,"21,875원/1GB"
17666243,삼성전자 노트북 DDR5-4800,8GB,134000,60몰,"16,750원/1GB"
17666249,삼성전자 노트북 DDR5-4800,16GB,341900,10몰,"21,369원/1GB"
17666252,삼성전자 노트북 DDR5-4800,32GB,565000,2몰,"17,656원/1GB"
17699207,타무즈 노트북 DDR4-3200 CL22,4GB,46200,88몰,"11,550원/1GB"
17712185,TeamGroup T-Force 노트북 DDR4-3200 CL22 ZEUS 해외구매,8GB,59190,2몰,"7,399원/1GB"
17761472,SK하이닉스 DDR4-3200 중고,4GB,33000,10몰,"8,250원/1GB"
17811926,SK하이닉스 노트북 DDR3-1600 1.35V 중고,4GB,9990,18몰,"2,498원/1GB"
17814587,삼성전자 DDR4-2666 ECC/Unbuffered,32GB,490000,1몰,"15,313원/1GB"
17844794,삼성전자 DDR4-2933 중고,8GB,63410,10몰,"7,926원/1GB"
17871047,마이크론 Crucial 노트북 DDR4-3200 CL22 해외구매,16GB,106810,8몰,"6,676원/1GB"
17899709,삼성전자 DDR4-2400 ECC/REG 중고,16GB,173800,7몰,"10,863원/1GB"
17899715,삼성전자 DDR4-2400 ECC/REG 중고,32GB,382800,3몰,"11,963원/1GB"
17931401,G.SKILL DDR5-6000 CL32 FLARE X5 J 패키지,32GB(16Gx2),939000,2몰,"29,344원/1GB"
17931533,G.SKILL DDR5-6000 CL36 FLARE X5 J 패키지,32GB(16Gx2),706900,22몰,"22,091원/1GB"
17931836,G.SKILL DDR5-6000 CL30 TRIDENT Z5 NEO RGB J 패키지,32GB(16Gx2),894900,95몰,"27,966원/1GB"
17931893,G.SKILL DDR5-6000 CL36 TRIDENT Z5 NEO RGB J 패키지,32GB(16Gx2),741000,96몰,"23,156원/1GB"
17932031,G.SKILL DDR5-6000 CL30 TRIDENT Z5 NEO J 패키지,32GB(16Gx2),865000,61몰,"27,031원/1GB"
17932061,G.SKILL DDR5-6000 CL36 TRIDENT Z5 NEO J 패키지,32GB(16Gx2),715000,79몰,"22,344원/1GB"
18036602,G.SKILL DDR5-6400 CL32 TRIDENT Z5 RGB J 패키지,64GB(32Gx2),1789770,67몰,"27,965원/1GB"
18036605,G.SKILL DDR5-6800 CL34 TRIDENT Z5 RGB J 실버 패키지,32GB(16Gx2),895000,64몰,"27,969원/1GB"
18036608,G.SKILL DDR5-6800 CL34 TRIDENT Z5 RGB J 패키지,32GB(16Gx2),895000,66몰,"27,969원/1GB"
18036644,G.SKILL DDR5-7200 CL34 TRIDENT Z5 RGB J 실버 패키지,32GB(16Gx2),915000,61몰,"28,594원/1GB"
18036653,G.SKILL DDR5-7200 CL34 TRIDENT Z5 RGB J 패키지,32GB(16Gx2),864000,1몰,"27,000원/1GB"
18036659,G.SKILL DDR5-7600 CL36 TRIDENT Z5 RGB J 실버 패키지,32GB(16Gx2),935000,59몰,"29,219원/1GB"
18036662,G.SKILL DDR5-7600 CL36 TRIDENT Z5 RGB J 패키지,32GB(16Gx2),935000,58몰,"29,219원/1GB"
18134786,TeamGroup T-Force DDR5-5600 CL32 Delta RGB 패키지,32GB(16Gx2),961320,1몰,"30,041원/1GB"
18134999,TeamGroup T-Force DDR5-6000 CL30 Delta RGB 패키지,32GB(16Gx2),754900,73몰,"23,591원/1GB"
18135029,TeamGroup T-Force DDR5-6000 CL30 Delta RGB 화이트 패키지,32GB(16Gx2),757200,76몰,"23,663원/1GB"
18135167,TeamGroup T-Force DDR5-7200 CL34 Delta RGB 패키지,32GB(16Gx2),819990,62몰,"25,625원/1GB"
18135173,TeamGroup T-Force DDR5-7200 CL34 Delta RGB 화이트 패키지,32GB(16Gx2),819990,67몰,"25,625원/1GB"
18271148,G.SKILL DDR4-3600 CL18 TRIDENT Z RGB 패키지 (해외구매),32GB(16Gx2),1592200,1몰,"49,756원/1GB"
18274718,Terabyte Ramonster DDR4-3200 CL22,16GB,197140,82몰,"12,321원/1GB"
18274754,Terabyte Ramonster DDR4-3200 CL22,8GB,89500,4몰,"11,188원/1GB"
18325712,Terabyte Ramonster 노트북 DDR4-3200 CL22,4GB,23000,1몰,"5,750원/1GB"
18367115,CORSAIR DDR5-7200 CL34 VENGEANCE BLACK 패키지,32GB(16Gx2),884000,1몰,"27,625원/1GB"
18452165,PATRIOT DDR3-1600 CL11 SIGNATURE,4GB,10690,26몰,"2,673원/1GB"
18486497,마이크론 Crucial DDR5-5600 CL46,16GB,372470,85몰,"23,279원/1GB"
18486506,마이크론 Crucial DDR5-5600 CL46,32GB,709530,89몰,"22,173원/1GB"
18497117,TeamGroup T-Force DDR5-5600 CL36 Delta RGB 패키지,32GB(16Gx2),744770,37몰,"23,274원/1GB"
18497126,TeamGroup T-Force DDR5-5600 CL36 Delta RGB 화이트 패키지,32GB(16Gx2),749420,18몰,"23,419원/1GB"
18610958,G.SKILL DDR5-6000 CL32 TRIDENT Z5 NEO RGB J 패키지,64GB(32Gx2),1579850,75몰,"24,685원/1GB"
18643175,G.SKILL DDR4-3600 CL18 TRIDENT Z RGB 패키지 (해외구매),16GB(8Gx2),248430,3몰,"15,527원/1GB"
18698351,SK하이닉스 DDR5-5600 병행수입,16GB,433010,6몰,"27,063원/1GB"
18700841,SK하이닉스 DDR5-5600,32GB,829000,139몰,"25,906원/1GB"
18767360,TeamGroup DDR5-5200 CL42 Elite 서린,16GB,369000,12몰,"23,063원/1GB"
18768413,TeamGroup DDR5-5600 CL46 Elite Plus 블랙 서린,16GB,852500,1몰,"53,281원/1GB"
18782588,마이크론 DDR4-2133 ECC/REG 중고,16GB,128800,2몰,"8,050원/1GB"
18782606,SK하이닉스 DDR4-2133 ECC/REG 중고,16GB,138800,1몰,"8,675원/1GB"
18883523,SK하이닉스 DDR5-5600,16GB,421000,122몰,"26,313원/1GB"
18911771,삼성전자 DDR5-5600,8GB,223000,206몰,"27,875원/1GB"
18911780,삼성전자 DDR5-5600,16GB,407900,259몰,"25,494원/1GB"
18921959,ADATA XPG DDR5-7200 CL34 LANCER RGB 화이트 패키지 코잇,32GB(16Gx2),739200,1몰,"23,100원/1GB"
18965774,ESSENCORE KLEVV DDR5-5600 CL46 파인인포,16GB,334230,125몰,"20,889원/1GB"
19018217,V-Color DDR4-2666 CL19 ECC 패키지,32GB(16Gx2),548150,1몰,"17,130원/1GB"
19235489,ADATA DDR5-6000 CL30 LANCER RGB 블랙 패키지 코잇,32GB(16Gx2),715000,1몰,"22,344원/1GB"
19235519,ADATA DDR5-6000 CL30 LANCER RGB 블랙 패키지 코잇,64GB(32Gx2),1300000,1몰,"20,313원/1GB"
19235594,ADATA DDR5-6000 CL30 LANCER RGB 화이트 패키지 코잇,64GB(32Gx2),2208400,1몰,"34,506원/1GB"
19240181,ESSENCORE KLEVV 노트북 DDR4-2666 CL19 중고,4GB,21000,1몰,"5,250원/1GB"
19266986,SK하이닉스 DDR4-2400 중고,4GB,27500,1몰,"6,875원/1GB"
19390859,PATRIOT DDR5-5600 CL46 SIGNATURE,16GB,425500,1몰,"26,594원/1GB"
19391135,PATRIOT DDR5-5600 CL46 SIGNATURE,32GB,680000,5몰,"21,250원/1GB"
19552202,TeamGroup T-Force DDR5-5600 CL36 Delta RGB 패키지 서린,64GB(32Gx2),1349570,74몰,"21,087원/1GB"
19552994,TeamGroup T-Force DDR5-6000 CL38 Delta RGB 패키지 서린,64GB(32Gx2),1365080,75몰,"21,329원/1GB"
19553282,TeamGroup T-Force DDR5-6000 CL38 Delta RGB 화이트 패키지 서린,64GB(32Gx2),1365080,74몰,"21,329원/1GB"
19566122,TeamGroup T-CREATE DDR5-5600 CL46 CLASSIC 패키지 서린,32GB(16Gx2),730000,92몰,"22,813원/1GB"
19566335,TeamGroup T-CREATE DDR5-5600 CL46 CLASSIC 패키지 서린,64GB(32Gx2),1299480,77몰,"20,304원/1GB"
19566788,TeamGroup T-CREATE DDR5-6000 CL34 EXPERT 패키지 서린,64GB(32Gx2),1345140,73몰,"21,018원/1GB"
19567433,TeamGroup T-CREATE DDR5-6000 CL48 CLASSIC 패키지 서린,32GB(16Gx2),751160,72몰,"23,474원/1GB"
19567934,TeamGroup T-CREATE DDR5-6400 CL34 EXPERT 패키지 서린,64GB(32Gx2),1580000,76몰,"24,688원/1GB"
19952972,삼성전자 노트북 DDR5-5600,16GB,418900,162몰,"26,181원/1GB"
19953029,삼성전자 노트북 DDR5-5600,8GB,157490,153몰,"19,686원/1GB"
20019680,G.SKILL DDR5-6400 CL32 TRIDENT Z5 RGB J 패키지,96GB(48Gx2),2289820,58몰,"23,852원/1GB"
20019920,G.SKILL DDR5-7200 CL36 TRIDENT Z5 RGB J 패키지,48GB(24Gx2),1145000,66몰,"23,854원/1GB"
20019989,G.SKILL DDR5-7200 CL36 TRIDENT Z5 RGB J 실버 패키지,48GB(24Gx2),1145000,70몰,"23,854원/1GB"
20020046,G.SKILL DDR5-8000 CL40 TRIDENT Z5 RGB J 패키지,48GB(24Gx2),1190000,20몰,"24,792원/1GB"
20199452,SK하이닉스 노트북 DDR5-5600 중고,8GB,159000,37몰,"19,875원/1GB"
20356421,마이크론 Crucial DDR5-5600 CL46 PRO 패키지 아스크텍,32GB(16Gx2),822900,33몰,"25,716원/1GB"
20369066,마이크론 Crucial DDR5-5600 CL46 PRO 패키지 대원씨티에스,32GB(16Gx2),781550,80몰,"24,423원/1GB"
20369102,마이크론 Crucial DDR4-3200 CL22 대원씨티에스,8GB,106980,35몰,"13,373원/1GB"
20369126,마이크론 Crucial DDR5-5600 CL46 대원씨티에스,16GB,361430,203몰,"22,589원/1GB"
20404151,CORSAIR DDR5-6000 CL30 VENGEANCE RGB BLACK INTEL 패키지,64GB(32Gx2),1503540,11몰,"23,493원/1GB"
20546438,TeamGroup T-CREATE DDR5-6000 CL30 EXPERT 패키지 서린,32GB(16Gx2),736880,79몰,"23,028원/1GB"
20546684,TeamGroup T-CREATE DDR5-6000 CL30 EXPERT 화이트 패키지 서린,32GB(16Gx2),736900,76몰,"23,028원/1GB"
20546735,TeamGroup T-CREATE DDR5-6000 CL34 EXPERT 화이트 패키지 서린,64GB(32Gx2),1345160,82몰,"21,018원/1GB"
20547080,TeamGroup T-CREATE DDR5-6400 CL34 EXPERT 화이트 패키지 서린,64GB(32Gx2),1579650,76몰,"24,682원/1GB"
20547176,TeamGroup T-CREATE DDR5-7200 CL34 EXPERT 패키지 서린,32GB(16Gx2),779420,16몰,"24,357원/1GB"
20547212,TeamGroup T-CREATE DDR5-7200 CL34 EXPERT 화이트 패키지 서린,32GB(16Gx2),800000,15몰,"25,000원/1GB"
20547287,TeamGroup T-Force DDR5-8000 CL38 Delta RGB 화이트 패키지,32GB(16Gx2),839990,49몰,"26,250원/1GB"
20609090,마이크론 Crucial DDR5-5600 CL46,8GB,208420,100몰,"26,053원/1GB"
20629313,삼성전자 노트북 DDR5-5600,32GB,593610,193몰,"18,550원/1GB"
20644043,삼성전자 DDR5-5600,32GB,789000,246몰,"24,656원/1GB"
21538046,킹스톤 DDR5-5600 CL46,8GB,223000,1몰,"27,875원/1GB"
21639437,G.SKILL DDR5-6000 CL30 TRIDENT Z5 RGB 화이트 패키지,64GB(32Gx2),1620000,8몰,"25,313원/1GB"
21639443,G.SKILL DDR5-6000 CL36 TRIDENT Z5 RGB 화이트 패키지,32GB(16Gx2),745000,93몰,"23,281원/1GB"
21639452,G.SKILL DDR5-6400 CL32 TRIDENT Z5 RGB 화이트 패키지,32GB(16Gx2),895000,83몰,"27,969원/1GB"
21639455,G.SKILL DDR5-6400 CL32 TRIDENT Z5 RGB 화이트 패키지,64GB(32Gx2),1785000,67몰,"27,891원/1GB"
21678638,삼성전자 DDR5-4800 ECC/REG,32GB,1556650,79몰,"48,645원/1GB"
21678695,삼성전자 DDR5-4800 ECC/REG,16GB,722630,73몰,"45,164원/1GB"
21678716,삼성전자 DDR5-4800 ECC/REG,64GB,2178990,78몰,"34,047원/1GB"
21695018,GeIL DDR5-4800 CL40 PRISTINE V,16GB,352150,91몰,"22,009원/1GB"
21695117,GeIL DDR5-5200 CL42 PRISTINE V,16GB,354380,84몰,
21695174,GeIL DDR5-5600 CL46 PRISTINE V,16GB,356960,94몰,"22,310원/1GB"
22169387,GeIL DDR5-5600 CL38 ORION V RGB 패키지,32GB(16Gx2),709500,73몰,"22,172원/1GB"
23563973,TeamGroup DDR5-5600 CL46 Elite,16GB,362500,3몰,"22,656원/1GB"
27545627,TeamGroup DDR5-5600 CL46 Elite 서린,32GB,674990,115몰,"21,093원/1GB"
27545675,TeamGroup DDR5-5600 CL46 Elite Plus 블랙 서린,32GB,681650,73몰,"21,302원/1GB"
27666047,CORSAIR DDR5-6000 CL30 VENGEANCE RGB WHITE 패키지,32GB(16Gx2),910490,11몰,"28,453원/1GB"
27779540,CORSAIR DDR5-6400 CL32 VENGEANCE RGB BLACK 패키지,64GB(32Gx2),1478970,60몰,"23,109원/1GB"
27785618,ADATA DDR5-6000 CL30 LANCER BLADE RGB 화이트 패키지 코잇,32GB(16Gx2),860000,1몰,"26,875원/1GB"
27788273,CORSAIR DDR5-5600 CL40 VENGEANCE RGB BLACK 패키지,128GB(32Gx4),3053760,59몰,"23,858원/1GB"
27790565,CORSAIR DDR5-5600 CL40 VENGEANCE BLACK 패키지,128GB(32Gx4),2971900,14몰,"23,218원/1GB"
27886268,ESSENCORE KLEVV DDR5-6000 CL30 CRAS V RGB 패키지 서린,32GB(16Gx2),926660,82몰,"28,958원/1GB"
27886454,ESSENCORE KLEVV DDR5-6400 CL32 CRAS V RGB 패키지 서린,32GB(16Gx2),929000,66몰,"29,031원/1GB"
27886676,ESSENCORE KLEVV DDR5-7200 CL34 CRAS V RGB 패키지 서린,32GB(16Gx2),939000,66몰,"29,344원/1GB"
27894470,ESSENCORE KLEVV DDR5-6000 CL30 BOLT V 패키지 서린,32GB(16Gx2),856670,92몰,"26,771원/1GB"
27894644,ESSENCORE KLEVV DDR5-6400 CL32 BOLT V 패키지 서린,32GB(16Gx2),929000,1몰,"29,031원/1GB"
27913391,ESSENCORE KLEVV DDR5-5600 CL46 파인인포,32GB,668590,96몰,"20,893원/1GB"
27918203,삼성전자 노트북 DDR5-4800 중고,16GB,324380,8몰,"20,274원/1GB"
28208825,ESSENCORE KLEVV 노트북 DDR5-5600 CL46 파인인포,16GB,346880,71몰,"21,680원/1GB"
28241219,G.SKILL DDR5-5600 CL36 AEGIS 5,16GB,385000,106몰,"24,063원/1GB"
28442654,CORSAIR DDR5-6000 CL30 Dominator Titanium BLACK 패키지,32GB(16Gx2),752660,1몰,"23,521원/1GB"
28443896,CORSAIR DDR5-6400 CL32 Dominator Titanium BLACK 패키지,32GB(16Gx2),850640,3몰,"26,583원/1GB"
28444052,CORSAIR DDR5-6400 CL32 Dominator Titanium BLACK 패키지,96GB(48Gx2),2124500,56몰,"22,130원/1GB"
28469759,트랜센드 DDR5-5600 CL46 Jetram,16GB,345000,61몰,"21,563원/1GB"
28480007,마이크론 Crucial DDR5-6000 CL48 PRO 패키지 대원씨티에스,48GB(24Gx2),1000000,1몰,"20,833원/1GB"
28553522,마이크론 Crucial DDR5-5600 CL46 PRO 패키지 아스크텍,64GB(32Gx2),1454180,41몰,"22,722원/1GB"
28609379,삼성전자 노트북 DDR5-5600 중고,8GB,171130,44몰,"21,391원/1GB"
28640519,마이크론 Crucial DDR5-5600 CL46 PRO 대원씨티에스,16GB,380000,134몰,"23,750원/1GB"
28640552,마이크론 Crucial DDR5-5600 CL46 PRO 패키지 대원씨티에스,64GB(32Gx2),1397880,23몰,"21,842원/1GB"
28640573,마이크론 Crucial DDR5-5600 CL46 PRO 패키지 대원씨티에스,96GB(48Gx2),2042570,91몰,"21,277원/1GB"
28775612,HIKSEMI DDR4-3200 CL18 HIKER,8GB,99990,11몰,"12,499원/1GB"
28775711,HIKSEMI DDR4-3200 CL18 HIKER,16GB,195720,107몰,"12,233원/1GB"
28806803,TeamGroup T-CREATE 노트북 DDR5-5600 CL46-45-45 CLASSIC 서린,16GB,349980,80몰,"21,874원/1GB"
28806848,TeamGroup T-CREATE 노트북 DDR5-5600 CL46-45-45 CLASSIC 서린,32GB,690000,66몰,"21,563원/1GB"
29483009,TeamGroup T-Force DDR5-6000 CL38 Delta RGB 화이트 패키지,32GB(16Gx2),734960,33몰,"22,968원/1GB"
29822102,ADATA DDR5-5600 CL46-45-45 코잇,16GB,359040,82몰,"22,440원/1GB"
29822126,ADATA DDR5-5600 CL46-45-45 코잇,32GB,698930,49몰,"21,842원/1GB"
30002609,ESSENCORE KLEVV DDR5-6000 CL30 CRAS V RGB 패키지 서린,48GB(24Gx2),1189980,70몰,"24,791원/1GB"
30002663,ESSENCORE KLEVV DDR5-6000 CL30 CRAS V RGB 패키지 서린,64GB(32Gx2),1529820,82몰,"23,903원/1GB"
30002834,ESSENCORE KLEVV DDR5-6400 CL32 CRAS V RGB 패키지 서린,48GB(24Gx2),1189980,64몰,"24,791원/1GB"
30002912,ESSENCORE KLEVV DDR5-6400 CL32 CRAS V RGB 패키지 서린,64GB(32Gx2),1510140,74몰,"23,596원/1GB"
30002993,ESSENCORE KLEVV DDR5-7200 CL34 CRAS V RGB 패키지 서린,48GB(24Gx2),1199980,68몰,"25,000원/1GB"
30268256,마이크론 Crucial 노트북 DDR5-5600 CL46,16GB,362250,95몰,"22,641원/1GB"
30268274,마이크론 Crucial 노트북 DDR5-5600 CL46,32GB,684780,85몰,"21,399원/1GB"
30331787,OWC 노트북 DDR4-3200 CL22 해외구매,16GB,99000,5몰,"6,188원/1GB"
30333851,TeamGroup DDR5-5600 CL46 Elite,32GB,682500,1몰,"21,328원/1GB"
30341201,PATRIOT DDR5-5200 CL40 VIPER VENOM 패키지,64GB(32Gx2),1199820,45몰,"18,747원/1GB"
30341243,PATRIOT DDR5-5600 CL36 VIPER VENOM 패키지,32GB(16Gx2),699710,74몰,"21,866원/1GB"
30341267,PATRIOT DDR5-5600 CL40 VIPER VENOM 패키지,64GB(32Gx2),1266560,10몰,"19,790원/1GB"
30341372,PATRIOT DDR5-6000 CL36 VIPER VENOM 패키지,32GB(16Gx2),740000,1몰,"23,125원/1GB"
30341402,PATRIOT DDR5-6200 CL40 VIPER VENOM 패키지,32GB(16Gx2),749800,53몰,"23,431원/1GB"
30341426,PATRIOT DDR5-6400 CL32 VIPER VENOM 패키지,32GB(16Gx2),740450,52몰,"23,139원/1GB"
30341450,PATRIOT DDR5-6400 CL32 VIPER VENOM 패키지,64GB(32Gx2),1383470,45몰,"21,617원/1GB"
30341480,PATRIOT DDR5-6600 CL34 VIPER VENOM 패키지,32GB(16Gx2),849980,50몰,"26,562원/1GB"
30341495,PATRIOT DDR5-6800 CL34 VIPER VENOM 패키지,32GB(16Gx2),859980,53몰,"26,874원/1GB"
30341504,PATRIOT DDR5-7000 CL32 VIPER VENOM 패키지,32GB(16Gx2),979810,54몰,"30,619원/1GB"
30341510,PATRIOT DDR5-7200 CL34 VIPER VENOM 패키지,32GB(16Gx2),989760,53몰,"30,930원/1GB"
30341525,PATRIOT DDR5-7400 CL36 VIPER VENOM 패키지,32GB(16Gx2),999810,52몰,"31,244원/1GB"
30350876,PATRIOT DDR5-5200 CL40 VIPER VENOM RGB 패키지,64GB(32Gx2),1219760,57몰,"19,059원/1GB"
30350966,PATRIOT DDR5-5600 CL40 VIPER VENOM RGB 패키지,64GB(32Gx2),1319770,57몰,"20,621원/1GB"
30350996,PATRIOT DDR5-6000 CL36 VIPER VENOM RGB 패키지,32GB(16Gx2),759650,20몰,"23,739원/1GB"
30351029,PATRIOT DDR5-6200 CL40 VIPER VENOM RGB 패키지,32GB(16Gx2),769770,51몰,"24,055원/1GB"
30351056,PATRIOT DDR5-6400 CL32 VIPER VENOM RGB 패키지,32GB(16Gx2),759930,57몰,"23,748원/1GB"
30351077,PATRIOT DDR5-6600 CL34 VIPER VENOM RGB 패키지,32GB(16Gx2),869980,54몰,"27,187원/1GB"
30351110,PATRIOT DDR5-6800 CL34 VIPER VENOM RGB 패키지,32GB(16Gx2),889770,51몰,"27,805원/1GB"
30351131,PATRIOT DDR5-7000 CL32 VIPER VENOM RGB 패키지,32GB(16Gx2),999980,52몰,"31,249원/1GB"
30351218,PATRIOT DDR5-7200 CL34 VIPER VENOM RGB 패키지,32GB(16Gx2),1009760,55몰,"31,555원/1GB"
30351236,PATRIOT DDR5-7400 CL36 VIPER VENOM RGB 패키지,32GB(16Gx2),1019980,54몰,"31,874원/1GB"
30499496,PATRIOT DDR5-5600 CL38 VIPER Elite 5 RGB,16GB,360000,4몰,"22,500원/1GB"
30499826,PATRIOT DDR5-6000 CL42 VIPER Elite 5 RGB,32GB,725600,52몰,"22,675원/1GB"
30500066,PATRIOT DDR5-6000 CL42 VIPER Elite 5 RGB 패키지,96GB(48Gx2),1599260,57몰,"16,659원/1GB"
30500108,PATRIOT DDR5-6200 CL42 VIPER Elite 5 RGB 패키지,32GB(16Gx2),769880,57몰,"24,059원/1GB"
30500144,PATRIOT DDR5-6200 CL42 VIPER Elite 5 RGB 패키지,64GB(32Gx2),1399990,57몰,"21,875원/1GB"
30500216,PATRIOT DDR5-7000 CL38 VIPER Elite 5 RGB 패키지,32GB(16Gx2),999990,50몰,"31,250원/1GB"
30612317,PATRIOT DDR5-6600 CL36 VIPER Elite 5 RGB 패키지,32GB(16Gx2),869980,52몰,"27,187원/1GB"
31050617,G.SKILL 노트북 DDR5-4800 CL40 RIPJAWS,16GB,343000,80몰,"21,438원/1GB"
31050695,G.SKILL 노트북 DDR5-4800 CL40 RIPJAWS,32GB,688380,80몰,"21,512원/1GB"
31424087,TeamGroup DDR5-6000 CL48 Elite 서린,32GB,636610,79몰,"19,894원/1GB"
31424435,TeamGroup T-CREATE DDR5-7200 CL34 EXPERT 화이트 패키지 서린,48GB(24Gx2),998750,70몰,"20,807원/1GB"
31424498,TeamGroup T-CREATE DDR5-7200 CL34 EXPERT 패키지 서린,48GB(24Gx2),998420,47몰,"20,800원/1GB"
31998278,타무즈 DDR5-5600 CL46,16GB,338430,70몰,"21,152원/1GB"
31998326,타무즈 DDR5-5600 CL46,32GB,665720,107몰,"20,804원/1GB"
32075993,ESSENCORE KLEVV DDR5-6400 CL32 CRAS V RGB WHITE 패키지 서린,32GB(16Gx2),926970,68몰,"28,968원/1GB"
32076077,ESSENCORE KLEVV DDR5-6000 CL30 CRAS V RGB WHITE 패키지 서린,32GB(16Gx2),923620,99몰,"28,863원/1GB"
33368342,OLOy DDR5-6000 CL32 BLADE RGB White 패키지,32GB(16Gx2),875430,77몰,"27,357원/1GB"
33369683,TeamGroup DDR5-5600 CL46 Elite 서린,8GB,242500,1몰,"30,313원/1GB"
33386738,마이크론 Crucial DDR5-5600 CL46 PRO 아스크텍,16GB,385320,45몰,"24,083원/1GB"
33387032,마이크론 DDR4-2133 ECC/REG 중고,8GB,68800,1몰,"8,600원/1GB"
35805935,마이크론 Crucial DDR4-3200 CL22 대원씨티에스,16GB,214940,97몰,"13,434원/1GB"
37345886,TeamGroup DDR5-5600 CL46 Elite,8GB,204680,14몰,"25,585원/1GB"
37693463,삼성전자 DDR4-3200 ECC/Unbuffered,32GB,650000,2몰,"20,313원/1GB"
37988975,ESSENCORE KLEVV DDR5-6000 CL30 CRAS V RGB WHITE 패키지 서린,48GB(24Gx2),1187970,78몰,"24,749원/1GB"
37989017,ESSENCORE KLEVV DDR5-6000 CL30 CRAS V RGB WHITE 패키지 서린,64GB(32Gx2),1510110,95몰,"23,595원/1GB"
37989107,ESSENCORE KLEVV DDR5-6400 CL32 CRAS V RGB WHITE 패키지 서린,48GB(24Gx2),1187970,75몰,"24,749원/1GB"
37989125,ESSENCORE KLEVV DDR5-6400 CL32 CRAS V RGB WHITE 패키지 서린,64GB(32Gx2),1550000,63몰,"24,219원/1GB"
37989197,ESSENCORE KLEVV DDR5-7200 CL34 CRAS V RGB White 패키지 서린,32GB(16Gx2),939000,64몰,"29,344원/1GB"
37989224,ESSENCORE KLEVV DDR5-7200 CL34 CRAS V RGB White 패키지 서린,48GB(24Gx2),1200000,71몰,"25,000원/1GB"
39102770,마이크론 Crucial DDR5-6000 CL36 PRO Overclocking 패키지 대원씨티에스,32GB(16Gx2),747270,93몰,"23,352원/1GB"
39767693,마이크론 Crucial DDR5-6000 CL36 PRO Overclocking 패키지 아스크텍,32GB(16Gx2),739000,45몰,"23,094원/1GB"
39768890,실리콘파워 노트북 DDR4-2666 해외구매,16GB,159500,1몰,"9,969원/1GB"
40022765,G.SKILL DDR5-6000 CL30 FLARE X5 J 패키지,32GB(16Gx2),855000,55몰,"26,719원/1GB"
40022774,G.SKILL DDR5-6000 CL30 FLARE X5 J 패키지,64GB(32Gx2),1574100,85몰,"24,595원/1GB"
40551086,G.SKILL DDR5-5600 CL40 RIPJAWS S5 J 블랙 패키지,96GB(48Gx2),1799770,71몰,"18,748원/1GB"
40559801,G.SKILL DDR5-6000 CL30 TRIDENT Z5 NEO J 패키지,64GB(32Gx2),1599720,43몰,"24,996원/1GB"
40572260,G.SKILL DDR5-6000 CL30 TRIDENT Z5 NEO RGB J 패키지,64GB(32Gx2),1609990,93몰,"25,156원/1GB"
40578827,G.SKILL DDR5-6000 CL30 TRIDENT Z5 NEO RGB J 화이트 패키지,64GB(32Gx2),1649720,96몰,"25,777원/1GB"
40579721,G.SKILL DDR5-6000 CL30 TRIDENT Z5 NEO RGB J 화이트 패키지,32GB(16Gx2),923000,89몰,"28,844원/1GB"
40717352,실리콘파워 노트북 DDR4-3200 CL22 해외구매,32GB,453900,1몰,"14,184원/1GB"
40717424,실리콘파워 노트북 DDR4-3200 CL22 패키지 해외구매,16GB(8Gx2),77710,2몰,"4,857원/1GB"
40718189,실리콘파워 DDR4-3600 CL18 Xpower Zenith 패키지 해외구매,16GB(8Gx2),251100,1몰,"15,694원/1GB"
40719185,실리콘파워 DDR4-3200 CL16 Xpower Turbine RGB 패키지 해외구매,16GB(8Gx2),816000,1몰,"51,000원/1GB"
40719371,실리콘파워 DDR4-3200 CL22 패키지 해외구매,16GB(8Gx2),75100,1몰,"4,694원/1GB"
43488485,타무즈 노트북 DDR5-5600 CL46,32GB,603530,108몰,"18,860원/1GB"
43488509,타무즈 노트북 DDR5-5600 CL46,16GB,339770,101몰,"21,236원/1GB"
47840942,아이티젠 DDR3-1600,8GB,22690,8몰,"2,836원/1GB"
48480317,아이티젠 DDR3-1333,8GB,22000,12몰,"2,750원/1GB"
51541061,G.SKILL DDR5-6000 CL32 TRIDENT Z5 RGB J 화이트 패키지,32GB(16Gx2),888460,69몰,"27,764원/1GB"
53780300,SK하이닉스 노트북 DDR5-5600 중고,16GB,400000,7몰,"25,000원/1GB"
53782775,마이크론 Crucial DDR5-5600 CL46 대원씨티에스,8GB,208810,92몰,"26,101원/1GB"
54100055,마이크론 Crucial DDR5-6000 CL36 PRO Overclocking White 패키지 대원씨티에스,32GB(16Gx2),930000,5몰,"29,063원/1GB"
54102995,G.SKILL DDR5-5200 CL40 FLARE X5 J 패키지,96GB(48Gx2),1699830,78몰,"17,707원/1GB"
54103109,G.SKILL DDR5-5200 CL40 RIPJAWS S5 J 블랙 패키지,32GB(16Gx2),748440,80몰,"23,389원/1GB"
54103169,G.SKILL DDR5-5200 CL40 RIPJAWS S5 J 블랙 패키지,96GB(48Gx2),1702500,1몰,"17,734원/1GB"
54103175,G.SKILL DDR5-5200 CL40 RIPJAWS S5 J 화이트 패키지,96GB(48Gx2),1699770,75몰,"17,706원/1GB"
54103232,G.SKILL DDR5-5200 CL40 RIPJAWS S5 J 화이트 패키지,32GB(16Gx2),698420,79몰,"21,826원/1GB"
54214406,마이크론 Crucial DDR5-6000 CL36 PRO Overclocking White 패키지 아스크텍,32GB(16Gx2),822600,37몰,"25,706원/1GB"
54218165,마이크론 Crucial 노트북 DDR4-3200 CL22 대원씨티에스,8GB,106760,5몰,"13,345원/1GB"
54481355,아이티젠 DDR3-1600 1.35V,8GB,22690,6몰,"2,836원/1GB"
54481385,아이티젠 노트북 DDR3-1600 1.35V,8GB,20850,6몰,"2,606원/1GB"
54481535,아이티젠 노트북 DDR3-1333 1.5V,8GB,21870,6몰,"2,734원/1GB"
54481580,아이티젠 노트북 DDR3-1600 1.5V,8GB,22340,7몰,"2,793원/1GB"
54481793,아이티젠 DDR4-2400,8GB,79000,19몰,"9,875원/1GB"
54481820,아이티젠 노트북 DDR4-2400,8GB,74750,17몰,"9,344원/1GB"
54481835,아이티젠 DDR4-2666,8GB,80000,20몰,"10,000원/1GB"
54481856,아이티젠 DDR4-2666,16GB,175000,14몰,"10,938원/1GB"
54481916,아이티젠 노트북 DDR4-2666,16GB,134900,13몰,"8,431원/1GB"
54481937,아이티젠 노트북 DDR4-2666,8GB,78000,17몰,"9,750원/1GB"
54482123,아이티젠 DDR4-2133,8GB,79000,20몰,"9,875원/1GB"
54482150,아이티젠 노트북 DDR4-2133,8GB,74860,10몰,"9,358원/1GB"
54482174,아이티젠 노트북 DDR4-3200,16GB,158000,8몰,"9,875원/1GB"
54482183,아이티젠 DDR4-3200,16GB,193760,11몰,"12,110원/1GB"
54482195,아이티젠 노트북 DDR4-3200,8GB,84820,20몰,"10,603원/1GB"
54482201,아이티젠 DDR4-3200,8GB,85000,22몰,"10,625원/1GB"
54482270,실리콘파워 DDR3-1600 패키지 해외구매,16GB(8Gx2),111500,1몰,"6,969원/1GB"
54966677,마이크론 Crucial 노트북 DDR5-5600 CL46 대원씨티에스,32GB,696780,76몰,"21,774원/1GB"
54966680,마이크론 Crucial 노트북 DDR5-5600 CL46 대원씨티에스,16GB,364580,77몰,"22,786원/1GB"
55044851,실리콘파워 DDR5-6000 CL30 Xpower Zenith 화이트 패키지 해외구매,32GB(16Gx2),1124100,1몰,"35,128원/1GB"
56144432,PATRIOT DDR5-6000 CL30 VIPER VENOM RGB 패키지,32GB(16Gx2),756870,65몰,"23,652원/1GB"
56144441,PATRIOT DDR5-6000 CL30 VIPER VENOM RGB 패키지,64GB(32Gx2),1429370,60몰,"22,334원/1GB"
56144501,PATRIOT DDR5-6000 CL30 VIPER VENOM 패키지,64GB(32Gx2),1363990,63몰,"21,312원/1GB"
56144513,PATRIOT DDR5-6000 CL30 VIPER VENOM 패키지,32GB(16Gx2),698700,68몰,"21,834원/1GB"
56151416,G.SKILL DDR5-5200 CL40 RIPJAWS M5 RGB 블랙 패키지,64GB(32Gx2),1399770,67몰,"21,871원/1GB"
56151461,G.SKILL DDR5-5200 CL40 RIPJAWS M5 RGB 블랙 패키지,32GB(16Gx2),715000,81몰,"22,344원/1GB"
56151509,G.SKILL DDR5-5200 CL40 RIPJAWS M5 RGB 화이트 패키지,64GB(32Gx2),1380200,19몰,"21,566원/1GB"
56151521,G.SKILL DDR5-5200 CL40 RIPJAWS M5 RGB 화이트 패키지,32GB(16Gx2),715000,79몰,"22,344원/1GB"
56151749,G.SKILL DDR5-5600 CL40 RIPJAWS M5 RGB 블랙 패키지,96GB(48Gx2),1849770,74몰,"19,268원/1GB"
56151770,G.SKILL DDR5-5600 CL40 RIPJAWS M5 RGB 화이트 패키지,96GB(48Gx2),1849840,83몰,"19,269원/1GB"
56151800,G.SKILL DDR5-6000 CL30 RIPJAWS M5 RGB 블랙 패키지,64GB(32Gx2),1599780,78몰,"24,997원/1GB"
56151878,G.SKILL DDR5-6000 CL30 RIPJAWS M5 RGB 블랙 패키지,32GB(16Gx2),875000,86몰,"27,344원/1GB"
56151980,G.SKILL DDR5-6000 CL30 RIPJAWS M5 RGB 화이트 패키지,64GB(32Gx2),1599990,78몰,"25,000원/1GB"
56151998,G.SKILL DDR5-6000 CL30 RIPJAWS M5 RGB 화이트 패키지,32GB(16Gx2),871000,88몰,"27,219원/1GB"
56152034,G.SKILL DDR5-6400 CL32 RIPJAWS M5 RGB 블랙 패키지,96GB(48Gx2),2269830,72몰,"23,644원/1GB"
56152055,G.SKILL DDR5-6400 CL32 RIPJAWS M5 RGB 블랙 패키지,64GB(32Gx2),1289010,77몰,"20,141원/1GB"
56152076,G.SKILL DDR5-6400 CL32 RIPJAWS M5 RGB 블랙 패키지,32GB(16Gx2),875000,73몰,"27,344원/1GB"
56152106,G.SKILL DDR5-6400 CL32 RIPJAWS M5 RGB 화이트 패키지,96GB(48Gx2),2269990,72몰,"23,646원/1GB"
56152124,G.SKILL DDR5-6400 CL32 RIPJAWS M5 RGB 화이트 패키지,64GB(32Gx2),1769770,72몰,"27,653원/1GB"
56152154,G.SKILL DDR5-6400 CL32 RIPJAWS M5 RGB 화이트 패키지,32GB(16Gx2),875000,66몰,"27,344원/1GB"
56156210,마이크론 Crucial DDR5-6000 CL48 PRO 패키지 대원씨티에스,32GB(16Gx2),1000000,1몰,"31,250원/1GB"
57709712,PATRIOT DDR5-5600 CL46 EVO,32GB,671180,81몰,"20,974원/1GB"
57709748,PATRIOT DDR5-5600 CL46 EVO,16GB,330700,90몰,"20,669원/1GB"
57709760,PATRIOT DDR5-5600 CL46 EVO,8GB,195700,78몰,"24,463원/1GB"
58107197,ESSENCORE KLEVV DDR5-5600 CL30 FIT V WHITE 서린,16GB,358990,76몰,"22,437원/1GB"
59829239,CORSAIR DDR5-6000 CL30 VENGEANCE RGB 패키지,64GB(32Gx2),1519790,64몰,"23,747원/1GB"
59829371,CORSAIR DDR5-6000 CL30 VENGEANCE RGB 패키지,32GB(16Gx2),834750,76몰,"26,086원/1GB"
61442444,이메이션 노트북 DDR5-5600 CL46,16GB,327060,21몰,"20,441원/1GB"
61544036,이메이션 DDR5-5600 CL46,16GB,330330,22몰,"20,646원/1GB"
61544123,마이크론 Crucial DDR5-5600 CL46 대원씨티에스,32GB,667940,146몰,"20,873원/1GB"
63271535,G.SKILL DDR5-7200 CL34 TRIDENT Z5 ROYAL 골드 패키지,32GB(16Gx2),785460,3몰,"24,546원/1GB"
63271547,G.SKILL DDR5-7200 CL36 TRIDENT Z5 ROYAL 골드 패키지,48GB(24Gx2),957260,62몰,"19,943원/1GB"
64376777,ESSENCORE KLEVV DDR5-7200 CL34 CRAS V RGB ROG 패키지 서린,48GB(24Gx2),1200000,67몰,"25,000원/1GB"
64378331,비즈텍 TREAVE DDR4-2666 CL19,4GB,20690,2몰,"5,173원/1GB"
64379600,비즈텍 TREAVE DDR4-3200 CL22,8GB,93430,90몰,"11,679원/1GB"
64379612,비즈텍 TREAVE 노트북 DDR4-3200 CL22,8GB,110000,79몰,"13,750원/1GB"
64379654,비즈텍 TREAVE DDR5-5600 CL46,16GB,351990,109몰,"21,999원/1GB"
64379729,비즈텍 TREAVE 노트북 DDR5-5600 CL46,16GB,333120,96몰,"20,820원/1GB"
65303624,비즈텍 TREAVE 노트북 DDR5-5600 CL46,32GB,603950,77몰,"18,873원/1GB"
65303648,비즈텍 TREAVE DDR5-5600 CL46,32GB,591900,85몰,"18,497원/1GB"
65303675,비즈텍 TREAVE 노트북 DDR4-3200 CL22,32GB,388900,60몰,"12,153원/1GB"
65303678,비즈텍 TREAVE 노트북 DDR4-3200 CL22,16GB,188940,79몰,"11,809원/1GB"
65303720,비즈텍 TREAVE DDR4-3200 CL22,16GB,188810,102몰,"11,801원/1GB"
65303726,비즈텍 TREAVE DDR4-3200 CL22,32GB,390110,86몰,"12,191원/1GB"
65303750,비즈텍 TREAVE 노트북 DDR4-2666 CL19,8GB,94500,55몰,"11,813원/1GB"
65303753,비즈텍 TREAVE 노트북 DDR4-2666 CL19,16GB,174020,57몰,"10,876원/1GB"
65303783,비즈텍 TREAVE DDR4-2666 CL19,8GB,92010,69몰,"11,501원/1GB"
65303801,비즈텍 TREAVE DDR4-2666 CL19,16GB,186450,68몰,"11,653원/1GB"
67693613,TeamGroup T-Force DDR5-6000 CL30 XTREEM ARGB 패키지 서린,32GB(16Gx2),860000,8몰,"26,875원/1GB"
67693646,TeamGroup T-Force DDR5-6400 CL32 XTREEM ARGB 패키지 서린,32GB(16Gx2),869980,22몰,"27,187원/1GB"
67693715,TeamGroup T-Force DDR5-7200 CL34 XTREEM ARGB 패키지 서린,32GB(16Gx2),827590,62몰,"25,862원/1GB"
67847120,G.SKILL DDR5-6400 CL30 TRIDENT Z5 NEO RGB J 패키지,32GB(16Gx2),925000,73몰,"28,906원/1GB"
67847150,G.SKILL DDR5-6400 CL30 TRIDENT Z5 NEO RGB J 화이트 패키지,32GB(16Gx2),925000,77몰,"28,906원/1GB"
67847363,G.SKILL DDR5-6000 CL28 TRIDENT Z5 ROYAL NEO 실버 패키지,32GB(16Gx2),998770,56몰,"31,212원/1GB"
67847408,G.SKILL DDR5-6400 CL30 TRIDENT Z5 ROYAL NEO 실버 패키지,32GB(16Gx2),995000,51몰,"31,094원/1GB"
67850504,마이크론 Crucial 노트북 DDR4-3200 CL22,32GB,385310,7몰,"12,041원/1GB"
67980524,G.SKILL DDR5-6000 CL28 TRIDENT Z5 NEO RGB J 화이트 패키지,32GB(16Gx2),975000,76몰,"30,469원/1GB"
68537399,아이티젠 DDR4-2133,16GB,164410,10몰,"10,276원/1GB"
68537456,아이티젠 DDR4-2400,16GB,164480,10몰,"10,280원/1GB"
68538869,아이티젠 노트북 DDR4-2400,16GB,134900,9몰,"8,431원/1GB"
68787806,ADATA DDR5-6000 CL30 LANCER BLADE 블랙 패키지 서린,32GB(16Gx2),839390,76몰,"26,231원/1GB"
68787917,ADATA DDR5-6000 CL30 LANCER BLADE 블랙 패키지 서린,64GB(32Gx2),1248790,62몰,"19,512원/1GB"
68787956,ADATA DDR5-6000 CL30 LANCER BLADE 화이트 패키지 서린,64GB(32Gx2),1249430,83몰,"19,522원/1GB"
68787977,ADATA DDR5-6000 CL30 LANCER BLADE 화이트 패키지 서린,32GB(16Gx2),839510,81몰,"26,235원/1GB"
68788052,ADATA DDR5-6000 CL30 LANCER BLADE RGB 블랙 패키지 서린,64GB(32Gx2),1510130,80몰,"23,596원/1GB"
68788067,ADATA DDR5-6000 CL30 LANCER BLADE RGB 블랙 패키지 서린,32GB(16Gx2),837860,88몰,"26,183원/1GB"
68788100,ADATA DDR5-6000 CL30 LANCER BLADE RGB 화이트 패키지 서린,32GB(16Gx2),847760,89몰,"26,493원/1GB"
68788121,ADATA DDR5-6000 CL30 LANCER BLADE RGB 화이트 패키지 서린,64GB(32Gx2),1334120,83몰,"20,846원/1GB"
68788211,ADATA DDR5-6400 CL32 LANCER BLADE RGB 화이트 패키지 서린,32GB(16Gx2),898230,4몰,"28,070원/1GB"
68914226,ADATA DDR5-6000 CL30 LANCER 블랙 패키지 서린,64GB(32Gx2),1249470,76몰,"19,523원/1GB"
68914400,ADATA DDR5-6000 CL30 LANCER 블랙 패키지 서린,32GB(16Gx2),849490,78몰,"26,547원/1GB"
68914484,ADATA DDR5-6000 CL30 LANCER 화이트 패키지 서린,64GB(32Gx2),1249500,71몰,"19,523원/1GB"
68914514,ADATA DDR5-6000 CL30 LANCER 화이트 패키지 서린,32GB(16Gx2),849760,68몰,"26,555원/1GB"
68914589,ADATA DDR5-6000 CL30 LANCER RGB 블랙 패키지 서린,64GB(32Gx2),1278830,81몰,"19,982원/1GB"
68914628,ADATA DDR5-6000 CL30 LANCER RGB 블랙 패키지 서린,32GB(16Gx2),869990,82몰,"27,187원/1GB"
68915141,ADATA DDR5-6400 CL32 LANCER RGB 블랙 패키지 서린,32GB(16Gx2),869980,75몰,"27,187원/1GB"
68915192,ADATA DDR5-6000 CL30 LANCER RGB 화이트 패키지 서린,64GB(32Gx2),1278870,88몰,"19,982원/1GB"
68915270,ADATA DDR5-6000 CL30 LANCER RGB 화이트 패키지 서린,32GB(16Gx2),869980,74몰,"27,187원/1GB"
68915318,ADATA DDR5-6400 CL32 LANCER RGB 화이트 패키지 서린,32GB(16Gx2),869980,79몰,"27,187원/1GB"
68918885,ADATA DDR5-5600 CL46-45-45 서린,32GB,649350,89몰,"20,292원/1GB"
68918912,ADATA DDR5-5600 CL46-45-45 서린,16GB,364490,90몰,"22,781원/1GB"
68918936,ADATA 노트북 DDR5-5600 CL46 서린,32GB,669820,79몰,"20,932원/1GB"
68918960,ADATA 노트북 DDR5-5600 CL46 서린,16GB,339990,80몰,"21,249원/1GB"
69566999,마이크론 Crucial DDR5-6400 CL38 PRO Overclocking 패키지 아스크텍,32GB(16Gx2),876250,2몰,"27,383원/1GB"
70003763,ESSENCORE KLEVV 노트북 DDR5-5600 CL46 파인인포,32GB,696400,62몰,"21,763원/1GB"
70677074,PATRIOT 노트북 DDR5-5600 CL46 SIGNATURE,32GB,530000,1몰,"16,563원/1GB"
71061959,마이크론 Crucial DDR5-6400 CL38 PRO Overclocking 패키지 대원씨티에스,32GB(16Gx2),757950,118몰,"23,686원/1GB"
71158334,마이크론 Crucial DDR5-6400 CL38 PRO Overclocking White 패키지 대원씨티에스,32GB(16Gx2),821790,111몰,"25,681원/1GB"
71216363,ESSENCORE KLEVV DDR5-5600 CL46 NEO 파인인포,16GB,321920,112몰,"20,120원/1GB"
71218634,G.SKILL DDR5-6000 CL36 RIPJAWS M5 RGB 블랙 패키지,32GB(16Gx2),728710,85몰,"22,772원/1GB"
71218667,G.SKILL DDR5-6000 CL36 RIPJAWS M5 RGB 화이트 패키지,32GB(16Gx2),728660,91몰,"22,771원/1GB"
71425031,PATRIOT 노트북 DDR5-5600 CL46 SIGNATURE,16GB,335000,7몰,"20,938원/1GB"
71501081,PATRIOT DDR5-5600 CL36 VIPER Elite 5 RGB,16GB,359700,77몰,"22,481원/1GB"
71501129,PATRIOT DDR5-5600 CL36 VIPER Elite 5 RGB,32GB,719360,68몰,"22,480원/1GB"
71501804,PATRIOT DDR5-6000 CL30 VIPER Elite 5 RGB,16GB,380000,76몰,"23,750원/1GB"
71501885,PATRIOT DDR5-7000 CL32 VIPER Elite 5 RGB 패키지,32GB(16Gx2),910800,11몰,"28,463원/1GB"
71502218,마이크론 노트북 DDR5-5600 중고,8GB,169770,4몰,"21,221원/1GB"
72228770,PATRIOT 노트북 DDR4-3200 CL22 SIGNATURE,4GB,52110,5몰,"13,028원/1GB"
72471092,CORSAIR DDR5-6000 CL30 VENGEANCE RGB DP WHITE 패키지,32GB(16Gx2),891560,81몰,"27,861원/1GB"
72587681,ESSENCORE KLEVV DDR5-6000 CL30 URBANE V RGB 패키지 서린,32GB(16Gx2),875590,115몰,"27,362원/1GB"
72587687,ESSENCORE KLEVV DDR5-6400 CL32 URBANE V RGB 패키지 서린,32GB(16Gx2),1959820,6몰,"61,244원/1GB"
72913406,G.SKILL DDR5-6000 CL36 AEGIS 5,16GB,394380,106몰,"24,649원/1GB"
72913436,G.SKILL DDR5-6000 CL28 FLARE X5 J 패키지,32GB(16Gx2),935000,84몰,"29,219원/1GB"
72913478,G.SKILL DDR5-6000 CL28 FLARE X5 J 화이트 패키지,32GB(16Gx2),935000,86몰,"29,219원/1GB"
72913520,G.SKILL DDR5-6000 CL28 RIPJAWS M5 NEO RGB 블랙 패키지,32GB(16Gx2),955000,86몰,"29,844원/1GB"
72913541,G.SKILL DDR5-6000 CL28 RIPJAWS M5 NEO RGB 화이트 패키지,32GB(16Gx2),955000,75몰,"29,844원/1GB"
72913559,G.SKILL DDR5-6000 CL36 FLARE X5 J 패키지,64GB(32Gx2),1499820,63몰,"23,435원/1GB"
72913568,G.SKILL DDR5-6000 CL36 FLARE X5 J 화이트 패키지,64GB(32Gx2),1184230,87몰,"18,504원/1GB"
72913592,G.SKILL DDR5-6000 CL36 RIPJAWS M5 NEO RGB 블랙 패키지,64GB(32Gx2),1519770,79몰,"23,746원/1GB"
72913613,G.SKILL DDR5-6000 CL36 RIPJAWS M5 NEO RGB 화이트 패키지,64GB(32Gx2),1205630,85몰,"18,838원/1GB"
72913664,G.SKILL DDR5-6000 CL36 TRIDENT Z5 NEO RGB J 패키지,64GB(32Gx2),1499730,90몰,"23,433원/1GB"
72913682,G.SKILL DDR5-6000 CL36 TRIDENT Z5 NEO RGB J 화이트 패키지,64GB(32Gx2),1481650,88몰,"23,151원/1GB"
72969449,실리콘파워 DDR4-2666 CL19,16GB,198000,1몰,"12,375원/1GB"
72969482,실리콘파워 DDR4-2666 CL19 패키지,32GB(16Gx2),396000,1몰,"12,375원/1GB"
73697915,실리콘파워 DDR4-3600 CL16 Xpower Turbine 패키지,16GB(8Gx2),251100,1몰,"15,694원/1GB"
73697921,실리콘파워 DDR4-3600 CL18 Xpower Turbine RGB 패키지,32GB(16Gx2),471700,1몰,"14,741원/1GB"
73697936,실리콘파워 DDR4-3200 CL16 Xpower Zenith 패키지,16GB(8Gx2),244600,1몰,"15,288원/1GB"
73698065,실리콘파워 DDR4-3600 CL18 Xpower Zenith 패키지,32GB(16Gx2),480800,1몰,"15,025원/1GB"
74054723,트랜센드 DDR5-5600 CL46 Jetram,32GB,690000,50몰,"21,563원/1GB"
74056361,트랜센드 노트북 DDR5-5600 CL46,32GB,690000,64몰,"21,563원/1GB"
74056385,트랜센드 노트북 DDR5-5600 CL46,16GB,345000,69몰,"21,563원/1GB"
74115305,실리콘파워 DDR5-5600 CL40 Xpower Zenith RGB 블랙 패키지,32GB(16Gx2),812200,1몰,"25,381원/1GB"
74115320,실리콘파워 DDR5-5600 CL40 Xpower Zenith RGB 화이트 패키지,32GB(16Gx2),812200,1몰,"25,381원/1GB"
74341889,TeamGroup T-Force DDR5-6000 CL28 Delta RGB 블랙 패키지 서린,32GB(16Gx2),920000,51몰,"28,750원/1GB"
74341892,TeamGroup T-Force DDR5-6000 CL28 Delta RGB 화이트 패키지 서린,32GB(16Gx2),920000,56몰,"28,750원/1GB"
74341913,TeamGroup T-Force DDR5-7200 CL34 XTREEM ARGB 화이트 패키지 서린,32GB(16Gx2),829420,64몰,"25,919원/1GB"
74421821,TeamGroup DDR5-5600 CL46 Elite Plus 블랙,32GB,682000,16몰,"21,313원/1GB"
74421911,트랜센드 DDR5-6400 CL52 CUDIMM,16GB,380000,12몰,"23,750원/1GB"
74549789,마이크론 Crucial DDR5-5600 CL46 PRO 아스크텍,32GB,683270,36몰,"21,352원/1GB"
74884730,마이크론 Crucial 노트북 DDR4-3200 CL22 대원씨티에스,32GB,341900,6몰,"10,684원/1GB"
75465935,PATRIOT DDR5-6000 CL30 VIPER Elite 5,16GB,370000,81몰,"23,125원/1GB"
75466037,PATRIOT DDR5-6000 CL30 VIPER Elite 5 패키지,32GB(16Gx2),701260,86몰,"21,914원/1GB"
75466088,PATRIOT DDR5-6000 CL30 VIPER Elite 5 패키지,64GB(32Gx2),1393270,70몰,"21,770원/1GB"
75466202,PATRIOT DDR5-6400 CL32 VIPER Elite 5 패키지,32GB(16Gx2),759200,72몰,"23,725원/1GB"
75466214,PATRIOT DDR5-6400 CL32 VIPER Elite 5 패키지,64GB(32Gx2),1419420,59몰,"22,178원/1GB"
75656471,G.SKILL DDR5-5600 CL36 AEGIS 5,32GB,688370,89몰,"21,512원/1GB"
75656486,G.SKILL DDR5-6000 CL36 AEGIS 5,32GB,693000,85몰,"21,656원/1GB"
75656702,G.SKILL DDR5-6000 CL28 FLARE X5 J 패키지,64GB(32Gx2),1304540,72몰,"20,383원/1GB"
75656726,G.SKILL DDR5-6000 CL28 FLARE X5 J 화이트 패키지,64GB(32Gx2),1304540,74몰,"20,383원/1GB"
75724346,G.SKILL DDR5-6000 CL28 RIPJAWS M5 NEO RGB 블랙 패키지,64GB(32Gx2),1270000,79몰,"19,844원/1GB"
75724397,G.SKILL DDR5-6000 CL28 RIPJAWS M5 NEO RGB 화이트 패키지,64GB(32Gx2),1270000,78몰,"19,844원/1GB"
75724439,G.SKILL DDR5-6000 CL30 RIPJAWS M5 NEO RGB 블랙 패키지,64GB(32Gx2),1599770,71몰,"24,996원/1GB"
75724463,G.SKILL DDR5-6000 CL30 RIPJAWS M5 NEO RGB 블랙 패키지,32GB(16Gx2),875000,86몰,"27,344원/1GB"
75724526,G.SKILL DDR5-6000 CL30 RIPJAWS M5 NEO RGB 화이트 패키지,64GB(32Gx2),1289010,69몰,"20,141원/1GB"
75724553,G.SKILL DDR5-6000 CL30 RIPJAWS M5 NEO RGB 화이트 패키지,32GB(16Gx2),875000,89몰,"27,344원/1GB"
75724637,CORSAIR DDR5-6000 CL30 VENGEANCE RGB DP WHITE 패키지,64GB(32Gx2),1494790,82몰,"23,356원/1GB"
75938423,ADATA DDR5-6000 CL30 LANCER BLADE RGB 블랙 패키지 서린,48GB(24Gx2),1149970,24몰,"23,958원/1GB"
75938444,ADATA DDR5-6000 CL30 LANCER BLADE RGB 화이트 패키지 서린,48GB(24Gx2),1149990,26몰,"23,958원/1GB"
75938450,ADATA DDR5-6400 CL32 LANCER BLADE RGB 블랙 패키지 서린,48GB(24Gx2),1133690,84몰,"23,619원/1GB"
75938468,ADATA DDR5-6400 CL32 LANCER BLADE RGB 화이트 패키지 서린,48GB(24Gx2),1133690,80몰,"23,619원/1GB"
75991769,마이크론 Crucial DDR5-5600 CL46 대원씨티에스,64GB,1299690,75몰,"20,308원/1GB"
76331690,삼성전자 노트북 DDR5-5600 중고,16GB,388990,20몰,"24,312원/1GB"
76509239,삼성전자 DDR5-5600 ECC/REG,128GB,4843730,37몰,"37,842원/1GB"
76946597,마이크론 Crucial DDR5-5600 CL46,64GB,1517020,2몰,"23,703원/1GB"
76946672,마이크론 Crucial DDR5-6400 CL52 CUDIMM 아스크텍,64GB,1496000,1몰,"23,375원/1GB"
76946693,마이크론 Crucial DDR5-6400 CL52 CUDIMM 아스크텍,32GB,791300,21몰,"24,728원/1GB"
76946702,마이크론 Crucial DDR5-6400 CL52 CUDIMM 아스크텍,16GB,412500,27몰,"25,781원/1GB"
77015942,실리콘파워 DDR5-5600 CL46,16GB,400300,1몰,"25,019원/1GB"
77015954,실리콘파워 DDR5-5600 CL46 패키지,32GB(16Gx2),795500,1몰,"24,859원/1GB"
77785742,PATRIOT DDR5-6000 CL30 VIPER Elite 5 RGB 패키지,32GB(16Gx2),760000,78몰,"23,750원/1GB"
77791217,마이크론 Crucial DDR5-6400 CL52 CUDIMM 대원씨티에스,32GB,712180,89몰,"22,256원/1GB"
77791223,마이크론 Crucial DDR5-6400 CL52 CUDIMM 대원씨티에스,16GB,414400,1몰,"25,900원/1GB"
77791265,삼성전자 DDR5-5600,수량별배송비 16GB,421600,28몰,"26,350원/1GB"
77791268,삼성전자 DDR5-5600,수량별배송비 32GB,866770,12몰,"27,087원/1GB"
78714443,실리콘파워 노트북 DDR4-3200 CL22 패키지,16GB(8Gx2),234000,1몰,"14,625원/1GB"
78715631,트랜센드 노트북 DDR5-5600 CL46,8GB,200000,46몰,"25,000원/1GB"
78849281,ESSENCORE KLEVV DDR5-6000 CL30 URBANE V RGB 패키지 서린,48GB(24Gx2),1160000,6몰,"24,167원/1GB"
78849305,ESSENCORE KLEVV DDR5-6400 CL32 URBANE V RGB 패키지 서린,48GB(24Gx2),1160000,6몰,"24,167원/1GB"
78983834,G.SKILL DDR5-6000 CL36 RIPJAWS M5 NEO RGB 블랙 패키지,32GB(16Gx2),725000,77몰,"22,656원/1GB"
78983882,G.SKILL DDR5-6000 CL36 RIPJAWS M5 NEO RGB 화이트 패키지,32GB(16Gx2),725000,76몰,"22,656원/1GB"
79000574,ESSENCORE KLEVV DDR5-6000 CL30 BOLT V AMD 패키지 서린,32GB(16Gx2),1545650,1몰,"48,302원/1GB"
79010636,ESSENCORE KLEVV DDR5-6000 CL30 CRAS V RGB WHITE AMD 패키지 서린,32GB(16Gx2),935000,4몰,"29,219원/1GB"
79014581,ESSENCORE KLEVV DDR5-6400 CL32 CRAS V RGB AMD 패키지 서린,32GB(16Gx2),1268950,1몰,"39,655원/1GB"
79017092,ESSENCORE KLEVV DDR5-6400 CL32 CRAS V RGB WHITE AMD 패키지 서린,32GB(16Gx2),1015120,1몰,"31,723원/1GB"
79397039,ADATA 노트북 DDR5-5600 CL46 파인인포,16GB,329550,68몰,"20,597원/1GB"
79397126,ADATA 노트북 DDR5-5600 CL46 파인인포,32GB,658750,69몰,"20,586원/1GB"
79397198,ADATA DDR5-5600 CL46-45-45 파인인포,32GB,659190,77몰,"20,600원/1GB"
79397219,ADATA DDR5-5600 CL46-45-45 파인인포,16GB,331860,94몰,"20,741원/1GB"
79408823,삼성전자 DDR5-5600 ECC/REG,64GB,2755310,80몰,"43,052원/1GB"
79408826,삼성전자 DDR5-5600 ECC/REG,32GB,878990,73몰,"27,468원/1GB"
80151257,G.SKILL DDR5-6000 CL26 TRIDENT Z5 NEO RGB H 패키지,64GB(32Gx2),1989770,58몰,"31,090원/1GB"
80151290,G.SKILL DDR5-6000 CL26 TRIDENT Z5 NEO RGB H 패키지,32GB(16Gx2),1045000,75몰,"32,656원/1GB"
80151368,G.SKILL DDR5-6000 CL26 TRIDENT Z5 NEO RGB H 화이트 패키지,64GB(32Gx2),1989770,62몰,"31,090원/1GB"
80151371,G.SKILL DDR5-6000 CL26 TRIDENT Z5 NEO RGB H 화이트 패키지,32GB(16Gx2),1045000,68몰,"32,656원/1GB"
80548106,CORSAIR DDR5-6400 CL32 Dominator Titanium WHITE 패키지,64GB(32Gx2),1605880,63몰,"25,092원/1GB"
81036575,ADATA DDR5-5600 CL46 LANCER BLADE 블랙 서린,16GB,368990,93몰,"23,062원/1GB"
81036614,ADATA DDR5-5600 CL46 LANCER BLADE 블랙 서린,32GB,572280,93몰,"17,884원/1GB"
81036653,ADATA DDR5-5600 CL46 LANCER BLADE 화이트 서린,16GB,366790,33몰,"22,924원/1GB"
81036776,ADATA DDR5-5600 CL46 LANCER BLADE 화이트 서린,32GB,642770,91몰,"20,087원/1GB"
81036917,ADATA DDR5-6000 CL34 LANCER BLADE RGB 블랙 패키지 서린,32GB(16Gx2),777990,73몰,"24,312원/1GB"
81036980,ADATA DDR5-6000 CL34 LANCER BLADE RGB 화이트 패키지 서린,32GB(16Gx2),792500,1몰,"24,766원/1GB"
81037100,ADATA DDR5-6000 CL36 LANCER BLADE 블랙 패키지 서린,32GB(16Gx2),748930,76몰,"23,404원/1GB"
81037184,ADATA DDR5-6000 CL36 LANCER BLADE 화이트 패키지 서린,32GB(16Gx2),748950,85몰,"23,405원/1GB"
81037256,ADATA DDR5-6000 CL36 LANCER BLADE RGB 블랙 패키지 서린,32GB(16Gx2),759630,76몰,"23,738원/1GB"
81037301,ADATA DDR5-6000 CL36 LANCER BLADE RGB 화이트 패키지 서린,32GB(16Gx2),758890,90몰,"23,715원/1GB"
81716342,삼성전자 DDR5-5600 ECC/REG,16GB,749000,2몰,"46,813원/1GB"
88136876,커널앤코어 노트북용 DDR4-3200 CL22,8GB,93000,1몰,"11,625원/1GB"
88136900,커널앤코어 노트북용 DDR4-3200 CL22,4GB,16520,2몰,"4,130원/1GB"
91040711,마이크론 Crucial DDR5-5600 CL46 패키지 아스크텍,64GB(32Gx2),1405850,20몰,"21,966원/1GB"
91188290,ESSENCORE KLEVV DDR5-6000 CL28 BOLT V 패키지 서린,32GB(16Gx2),926730,64몰,"28,960원/1GB"
91188350,ESSENCORE KLEVV DDR5-6000 CL28 BOLT V WHITE 패키지 서린,32GB(16Gx2),926690,69몰,"28,959원/1GB"
91188443,ESSENCORE KLEVV DDR5-6000 CL28 CRAS V RGB 패키지 서린,32GB(16Gx2),976940,60몰,"30,529원/1GB"
91188470,ESSENCORE KLEVV DDR5-6000 CL28 CRAS V RGB WHITE 패키지 서린,32GB(16Gx2),977340,74몰,"30,542원/1GB"
91188656,ESSENCORE KLEVV DDR5-6000 CL30 FIT V 패키지 서린,32GB(16Gx2),716380,82몰,"22,387원/1GB"
91188716,ESSENCORE KLEVV DDR5-6000 CL30 FIT V WHITE 패키지 서린,32GB(16Gx2),715560,80몰,"22,361원/1GB"
91426655,CORSAIR DDR5-6400 CL42 VENGEANCE BLACK 패키지,128GB(64Gx2),2753360,6몰,"21,511원/1GB"
91496405,ANACOMDA DDR5-5600 CL46 디앤디컴,16GB,345000,31몰,"21,563원/1GB"
92046671,ADATA 노트북 DDR5-5600 CL46 파인인포,8GB,194790,39몰,"24,349원/1GB"
92152220,ESSENCORE KLEVV DDR5-5600 CL30 FIT V 서린,16GB,358960,71몰,"22,435원/1GB"
92152256,ESSENCORE KLEVV DDR5-6000 CL30 BOLT V WHITE 패키지 서린,32GB(16Gx2),875560,87몰,"27,361원/1GB"
92152277,ESSENCORE KLEVV DDR5-6400 CL32 BOLT V WHITE 패키지 서린,32GB(16Gx2),950000,1몰,"29,688원/1GB"
92523398,아이티젠 DDR5-5600,16GB,365000,11몰,"22,813원/1GB"
92679104,아이티젠 DDR4-2666,32GB,369180,5몰,"11,537원/1GB"
92679131,아이티젠 DDR4-3200,32GB,399770,11몰,"12,493원/1GB"
93074489,ESSENCORE KLEVV DDR5-5600 CL46 NEO 파인인포,8GB,203590,60몰,"25,449원/1GB"
93178919,ADATA DDR5-6000 CL30 LANCER BLADE 화이트 패키지 파인인포,32GB(16Gx2),797210,72몰,"24,913원/1GB"
93178940,ADATA DDR5-6000 CL30 LANCER BLADE 화이트 패키지 파인인포,64GB(32Gx2),1193430,68몰,"18,647원/1GB"
93178967,ADATA DDR5-6000 CL30 LANCER BLADE 블랙 패키지 파인인포,64GB(32Gx2),1193430,70몰,"18,647원/1GB"
93178988,ADATA DDR5-6000 CL30 LANCER BLADE 블랙 패키지 파인인포,32GB(16Gx2),797210,73몰,"24,913원/1GB"
93179012,ADATA DDR5-6000 CL30 LANCER BLADE RGB 화이트 패키지 파인인포,32GB(16Gx2),811530,73몰,"25,360원/1GB"
93179039,ADATA DDR5-6000 CL30 LANCER BLADE RGB 화이트 패키지 파인인포,48GB(24Gx2),1040670,76몰,"21,681원/1GB"
93179066,ADATA DDR5-6000 CL30 LANCER BLADE RGB 화이트 패키지 파인인포,64GB(32Gx2),1231620,72몰,"19,244원/1GB"
93179096,ADATA DDR5-6000 CL30 LANCER BLADE RGB 블랙 패키지 파인인포,32GB(16Gx2),811530,75몰,"25,360원/1GB"
93179111,ADATA DDR5-6000 CL30 LANCER BLADE RGB 블랙 패키지 파인인포,48GB(24Gx2),1040670,75몰,"21,681원/1GB"
93179114,ADATA DDR5-6000 CL30 LANCER BLADE RGB 블랙 패키지 파인인포,64GB(32Gx2),1231620,76몰,"19,244원/1GB"
93385487,G.SKILL DDR5-6000 CL28 TRIDENT Z5 NEO RGB J 패키지,32GB(16Gx2),975000,66몰,"30,469원/1GB"
93385544,G.SKILL DDR5-6000 CL32 TRIDENT Z5 NEO RGB J 화이트 패키지,64GB(32Gx2),1579990,77몰,"24,687원/1GB"
93385616,G.SKILL DDR5-6000 CL36 TRIDENT Z5 NEO RGB J 화이트 패키지,32GB(16Gx2),745000,76몰,"23,281원/1GB"
93446816,GeIL DDR5-6000 CL30 GEMINI RGB Gray 패키지,32GB(16Gx2),732500,1몰,"22,891원/1GB"
93501548,PATRIOT DDR5-6400 CL52 SIGNATURE CUDIMM,32GB,495000,1몰,"15,469원/1GB"
93502490,ADATA DDR5-6000 CL30 LANCER RGB 블랙 패키지 파인인포,64GB(32Gx2),1241170,74몰,"19,393원/1GB"
93502517,ADATA DDR5-6000 CL30 LANCER RGB 화이트 패키지 파인인포,64GB(32Gx2),1241170,74몰,"19,393원/1GB"
93564836,트랜센드 DDR5-6400 CL52 CUDIMM,32GB,660000,1몰,"20,625원/1GB"
93629033,ADATA DDR5-6000 CL30 LANCER RGB 화이트 패키지 파인인포,32GB(16Gx2),821080,81몰,"25,659원/1GB"
93629063,ADATA DDR5-6000 CL30 LANCER RGB 블랙 패키지 파인인포,32GB(16Gx2),849020,28몰,"26,532원/1GB"
93803003,G.SKILL DDR5-6000 CL34 FLARE X5 J 패키지,128GB(64Gx2),2890000,59몰,"22,578원/1GB"
93803030,G.SKILL DDR5-6000 CL36 FLARE X5 J 패키지,256GB(64Gx4),5799990,58몰,"22,656원/1GB"
93803096,G.SKILL DDR5-6000 CL34 RIPJAWS S5 J 블랙 패키지,128GB(64Gx2),2890000,65몰,"22,578원/1GB"
93803210,G.SKILL DDR5-6000 CL34 TRIDENT Z5 RGB J 패키지,128GB(64Gx2),2935000,59몰,"22,930원/1GB"
93803243,G.SKILL DDR5-6000 CL34 TRIDENT Z5 NEO RGB J 패키지,128GB(64Gx2),2935000,69몰,"22,930원/1GB"
93803294,G.SKILL DDR5-6000 CL36 TRIDENT Z5 NEO RGB J 패키지,256GB(64Gx4),5849740,54몰,"22,851원/1GB"
93805016,ESSENCORE KLEVV DDR5-6400 CL30 BOLT V 패키지 서린,32GB(16Gx2),878470,62몰,"27,452원/1GB"
93805103,ESSENCORE KLEVV DDR5-6400 CL30 BOLT V WHITE 패키지 서린,32GB(16Gx2),878470,69몰,"27,452원/1GB"
93862400,V-Color DDR5-6000 CL32 ECC/REG 패키지,64GB(16Gx4),1600000,4몰,"25,000원/1GB"
93862913,V-Color DDR5-6400 CL32 ECC/REG 패키지,128GB(32Gx4),4300000,4몰,"33,594원/1GB"
94129193,삼성전자 노트북 DDR4-3200 중고,32GB,316240,17몰,"9,883원/1GB"
94450280,ADATA 노트북 DDR4-3200 CL22 파인인포,16GB,204330,61몰,"12,771원/1GB"
94450292,ADATA 노트북 DDR4-3200 CL22 파인인포,8GB,105380,58몰,"13,173원/1GB"
94450319,ADATA DDR4-3200 CL22 파인인포,16GB,204330,75몰,"12,771원/1GB"
94450340,ADATA DDR4-3200 CL22 파인인포,8GB,105360,65몰,"13,170원/1GB"
94450418,이메이션 노트북 DDR5-5600 CL46-46-46,32GB,651570,2몰,"20,362원/1GB"
94450436,이메이션 노트북 DDR5-5600 CL46-46-46,16GB,329000,3몰,"20,563원/1GB"
94450610,이메이션 DDR4-3200 CL22-22-22-52,32GB,451570,2몰,"14,112원/1GB"
94450646,이메이션 DDR4-3200 CL22-22-22-52,16GB,198000,20몰,"12,375원/1GB"
94450658,이메이션 DDR4-3200 CL22-22-22-52,8GB,105890,9몰,"13,236원/1GB"
94450724,이메이션 노트북 DDR4-3200 CL22-22-22-52,16GB,199000,3몰,"12,438원/1GB"
94568963,ESSENCORE KLEVV DDR5-6000 CL30 BOLT V 패키지 서린,64GB(32Gx2),1447960,86몰,"22,624원/1GB"
94568981,ESSENCORE KLEVV DDR5-6000 CL30 BOLT V WHITE 패키지 서린,64GB(32Gx2),1247970,59몰,"19,500원/1GB"
94638185,ESSENCORE KLEVV DDR5-5600 CL46 AMD 파인인포,16GB,321920,83몰,"20,120원/1GB"
94638203,ESSENCORE KLEVV DDR5-5600 CL46 AMD 파인인포,8GB,194280,60몰,"24,285원/1GB"
95056655,PATRIOT DDR5-6000 CL28 VIPER Elite 5 ULTRA RGB 패키지,32GB(16Gx2),818950,62몰,"25,592원/1GB"
95057237,PATRIOT DDR5-6000 CL28 VIPER Elite 5 ULTRA 패키지,32GB(16Gx2),799130,62몰,"24,973원/1GB"
95057837,PATRIOT DDR5-8000 CL38 VIPER Xtreme5 RGB 패키지,32GB(16Gx2),828130,63몰,"25,879원/1GB"
95202428,ADATA DDR5-5600 CL46 LANCER BLADE 블랙 파인인포,16GB,349930,83몰,"21,871원/1GB"
95202470,ADATA DDR5-5600 CL46 LANCER BLADE 화이트 파인인포,16GB,350950,89몰,"21,934원/1GB"
95205599,ADATA DDR5-6000 CL36 LANCER BLADE 블랙 패키지 파인인포,32GB(16Gx2),706510,57몰,"22,078원/1GB"
95205638,ADATA DDR5-6000 CL34 LANCER BLADE 블랙 패키지 파인인포,32GB(16Gx2),849900,17몰,"26,559원/1GB"
95205719,ADATA DDR5-6000 CL36 LANCER BLADE 화이트 패키지 파인인포,32GB(16Gx2),706510,53몰,"22,078원/1GB"
95205869,ADATA DDR5-5600 CL46 LANCER BLADE 블랙 파인인포,32GB,647930,81몰,"20,248원/1GB"
95205893,ADATA DDR5-5600 CL46 LANCER BLADE 화이트 파인인포,32GB,639670,90몰,"19,990원/1GB"
95423780,BIWIN DDR4-3200 CL22,16GB,195690,48몰,"12,231원/1GB"
95423906,BIWIN DDR5-5600 CL46,32GB,700000,1몰,"21,875원/1GB"
95423948,BIWIN DDR5-6000 CL30 HX100 블랙 패키지,64GB(32Gx2),1250000,1몰,"19,531원/1GB"
95423957,BIWIN DDR5-6000 CL30 HX100 블랙 패키지,32GB(16Gx2),730000,1몰,"22,813원/1GB"
95423984,BIWIN DDR5-6000 CL28 HX100 블랙 패키지,48GB(24Gx2),1119760,64몰,"23,328원/1GB"
95424008,BIWIN DDR5-6000 CL30 HX100 실버 패키지,64GB(32Gx2),1250000,1몰,"19,531원/1GB"
95424011,BIWIN DDR5-6000 CL30 HX100 실버 패키지,32GB(16Gx2),730000,1몰,"22,813원/1GB"
95424023,BIWIN DDR5-6000 CL28 HX100 실버 패키지,48GB(24Gx2),931920,65몰,"19,415원/1GB"
95424062,BIWIN DDR5-6000 CL30 DW100 RGB 블랙 패키지,64GB(32Gx2),1270000,1몰,"19,844원/1GB"
95424074,BIWIN DDR5-6000 CL30 DW100 RGB 블랙 패키지,32GB(16Gx2),750000,1몰,"23,438원/1GB"
95424089,BIWIN DDR5-6000 CL28 DW100 RGB 블랙 패키지,48GB(24Gx2),1115850,65몰,"23,247원/1GB"
95424092,BIWIN DDR5-6000 CL30 DW100 RGB 화이트 패키지,64GB(32Gx2),1270000,1몰,"19,844원/1GB"
95424110,BIWIN DDR5-6000 CL30 DW100 RGB 화이트 패키지,32GB(16Gx2),750000,1몰,"23,438원/1GB"
95424116,BIWIN DDR5-6000 CL28 DW100 RGB 화이트 패키지,48GB(24Gx2),1115850,67몰,"23,247원/1GB"
95425847,CORSAIR DDR5-6000 CL36 VENGEANCE 패키지,96GB(48Gx2),1784010,68몰,"18,583원/1GB"
95523926,트랜센드 노트북 DDR5-6400 CL52 CSODIMM,16GB,350000,1몰,"21,875원/1GB"
96368429,타무즈 DDR5-5600 CL46 S5,16GB,375390,59몰,"23,462원/1GB"
96773279,킹스톤 FURY DDR5-6000 CL30 Beast RGB 블랙 패키지 코잇,32GB(16Gx2),870910,81몰,"27,216원/1GB"
96773297,킹스톤 FURY DDR5-6000 CL30 Beast RGB 블랙 패키지 코잇,64GB(32Gx2),1263120,77몰,"19,736원/1GB"
96773312,킹스톤 FURY DDR5-6000 CL30 Beast RGB 화이트 패키지 코잇,64GB(32Gx2),1265730,73몰,"19,777원/1GB"
96773315,킹스톤 FURY DDR5-6000 CL30 Beast RGB 화이트 패키지 코잇,32GB(16Gx2),872320,75몰,"27,260원/1GB"
96773372,킹스톤 FURY DDR5-5600 CL36 Beast 블랙 코잇,16GB,400530,81몰,"25,033원/1GB"
96773399,킹스톤 FURY DDR5-5600 CL36 Beast 화이트 코잇,16GB,405500,81몰,"25,344원/1GB"
96773477,킹스톤 FURY DDR5-5600 CL46 코잇,32GB,699970,44몰,"21,874원/1GB"
96773492,킹스톤 FURY DDR5-5600 CL46 코잇,16GB,398780,63몰,"24,924원/1GB"
96773624,TeamGroup T-CREATE DDR5-6400 CL42 EXPERT 패키지 서린,128GB(64Gx2),2499900,57몰,"19,530원/1GB"
96773702,TeamGroup T-CREATE DDR5-6400 CL42 EXPERT 화이트 패키지 서린,128GB(64Gx2),2499940,62몰,"19,531원/1GB"
97124168,AFOX DDR4-3200 CL22 대원씨티에스,8GB,103800,31몰,"12,975원/1GB"
97124171,AFOX DDR4-3200 CL22 대원씨티에스,16GB,186940,80몰,"11,684원/1GB"
97124183,GeIL DDR5-6000 CL38 GEMINI RGB Gray 패키지,32GB(16Gx2),716160,75몰,"22,380원/1GB"
97124186,GeIL DDR5-6000 CL38 GEMINI RGB White 패키지,32GB(16Gx2),727380,74몰,"22,731원/1GB"
97365275,GeIL 노트북 DDR5-5600 CL46,16GB,340000,64몰,"21,250원/1GB"
97841837,G.SKILL DDR5-6400 CL30 TRIDENT Z5 NEO RGB J 화이트 패키지 중고,32GB(16Gx2),796430,1몰,"24,888원/1GB"
97841849,G.SKILL DDR5-6000 CL30 TRIDENT Z5 NEO RGB J 화이트 패키지 중고,32GB(16Gx2),791780,1몰,"24,743원/1GB"
98783168,PATRIOT DDR5-5600 CL46 SIGNATURE CORE,64GB,1363990,38몰,"21,312원/1GB"
99128828,비즈텍 TREAVE DDR5-5600 CL46 ARGB 블랙,32GB,607470,51몰,"18,983원/1GB"
99128864,타무즈 DDR5-5600 CL40 XMP,16GB,344460,54몰,"21,529원/1GB"
99289193,ADATA DDR5-6000 CL28 LANCER BLADE RGB 블랙 패키지 파인인포,32GB(16Gx2),725590,56몰,"22,675원/1GB"
99289292,ADATA DDR5-6000 CL28 LANCER BLADE RGB 화이트 패키지 파인인포,32GB(16Gx2),725590,59몰,"22,675원/1GB"
99290126,CORSAIR DDR5-6000 CL40-40-40-77 VENGEANCE BLACK 패키지,64GB(32Gx2),1380580,26몰,"21,572원/1GB"
99293237,ADATA 노트북 DDR4-3200 CL22 파인인포,32GB,464310,3몰,"14,510원/1GB"
99553832,마이크론 Crucial DDR5-6400 CL32 PRO Overclocking 패키지 아스크텍,32GB(16Gx2),825400,27몰,"25,794원/1GB"
99553838,마이크론 Crucial DDR5-6400 CL32 PRO Overclocking White 패키지 아스크텍,32GB(16Gx2),832210,36몰,"26,007원/1GB"
99639581,SK하이닉스 DDR4-3200,16GB,240490,60몰,"15,031원/1GB"
99737048,AGI DDR5-5600 CL46 UD238 서린,16GB,353980,80몰,"22,124원/1GB"
99737063,AGI DDR5-5600 CL46 UD238 서린,32GB,631380,75몰,"19,731원/1GB"
99746936,DLI MEMORY DDR4-3200 CL22,8GB,99250,52몰,"12,406원/1GB"
99749048,Apacer DDR5-5200 CL40 NOX RGB BLACK 패키지,32GB(16Gx2),697970,56몰,"21,812원/1GB"
99749180,Apacer DDR5-5200 CL40 NOX RGB BLACK 패키지,64GB(32Gx2),1019980,62몰,"15,937원/1GB"
99749258,Apacer DDR5-5200 CL40 NOX RGB SILVER 패키지,32GB(16Gx2),698970,63몰,"21,843원/1GB"
99749285,Apacer DDR5-5200 CL40 NOX RGB SILVER 패키지,64GB(32Gx2),1019760,63몰,"15,934원/1GB"
99749339,Apacer DDR5-6000 CL38 NOX RGB BLACK 패키지,32GB(16Gx2),719000,22몰,"22,469원/1GB"
99749546,Apacer DDR5-6000 CL38 NOX RGB BLACK 패키지,64GB(32Gx2),1188990,61몰,"18,578원/1GB"
99749558,Apacer DDR5-6000 CL38 NOX RGB SILVER 패키지,32GB(16Gx2),719000,21몰,"22,469원/1GB"
99749564,Apacer DDR5-6000 CL38 NOX RGB SILVER 패키지,64GB(32Gx2),1188990,64몰,"18,578원/1GB"
99749609,마이크론 Crucial DDR5-6400 CL38 PRO Overclocking 대원씨티에스,16GB,393590,63몰,"24,599원/1GB"
99749612,마이크론 Crucial DDR5-6400 CL52 CUDIMM 패키지 대원씨티에스,32GB(16Gx2),765830,66몰,"23,932원/1GB"
99750215,마이크론 Crucial DDR5-5600 CL46 PRO 대원씨티에스,32GB,685000,64몰,"21,406원/1GB"
99886799,Apacer DDR5-5200 CL40 NOX BLACK 패키지,64GB(32Gx2),999540,58몰,"15,618원/1GB"
99886835,Apacer DDR5-5200 CL40 NOX BLACK 패키지,32GB(16Gx2),689000,7몰,"21,531원/1GB"
99887288,Apacer DDR5-5200 CL40 NOX WHITE 패키지,64GB(32Gx2),999980,63몰,"15,625원/1GB"
99887309,Apacer DDR5-5200 CL40 NOX WHITE 패키지,32GB(16Gx2),688980,53몰,"21,531원/1GB"
99887354,Apacer DDR5-6000 CL38 NOX BLACK 패키지,64GB(32Gx2),1158990,63몰,"18,109원/1GB"
99887372,Apacer DDR5-6000 CL38 NOX BLACK 패키지,32GB(16Gx2),709000,6몰,"22,156원/1GB"
99887393,Apacer DDR5-6000 CL38 NOX WHITE 패키지,64GB(32Gx2),1158990,65몰,"18,109원/1GB"
99887405,Apacer DDR5-6000 CL38 NOX WHITE 패키지,32GB(16Gx2),709000,6몰,"22,156원/1GB"
99893666,Apacer DDR5-5600 CL46,16GB,359910,83몰,"22,494원/1GB"
99893684,Apacer DDR5-5600 CL46,32GB,672250,69몰,"21,008원/1GB"
99946529,PATRIOT DDR5-5600 CL46 SIGNATURE PREMIUM 블랙,8GB,199070,68몰,"24,884원/1GB"
99946718,PATRIOT DDR5-6000 CL30 SIGNATURE PREMIUM EVO 블랙,16GB,341000,14몰,"21,313원/1GB"
99946733,PATRIOT DDR5-6000 CL30 SIGNATURE PREMIUM EVO 화이트,16GB,341000,15몰,"21,313원/1GB"
100192370,킹스톤 FURY DDR5-5600 CL36 Beast 블랙 코잇,32GB,709970,56몰,"22,187원/1GB"
100192376,킹스톤 FURY DDR5-5600 CL36 Beast 화이트 코잇,32GB,644480,56몰,"20,140원/1GB"
100273145,마이크론 Crucial DDR4-3200 CL22 PRO 패키지 대원씨티에스,32GB(16Gx2),403860,67몰,"12,621원/1GB"
100273337,마이크론 Crucial DDR5-5600 CL46 PRO 대원씨티에스,64GB,1580000,1몰,"24,688원/1GB"
100273607,마이크론 Crucial DDR5-6400 CL32 PRO Overclocking 패키지 대원씨티에스,32GB(16Gx2),798000,60몰,"24,938원/1GB"
100273628,마이크론 Crucial DDR5-6400 CL32 PRO Overclocking White 패키지 대원씨티에스,32GB(16Gx2),832740,59몰,"26,023원/1GB"
100387547,ADATA DDR4-3200 CL22 파인인포,32GB,427930,58몰,"13,373원/1GB"
100447838,Ramaxel 노트북 DDR5-4800 중고,12GB,148990,18몰,"12,416원/1GB"
100619459,KingBank DDR5-6000 CL30 화이트 패키지,16GB,399000,1몰,"24,938원/1GB"
100691795,HIKSEMI DDR5-6000 CL38 FUTURE RGB BLACK 패키지,32GB(16Gx2),800000,1몰,"25,000원/1GB"
100691819,HIKSEMI DDR5-6000 CL38 FUTURE RGB WHITE 패키지,32GB(16Gx2),800000,1몰,"25,000원/1GB"
100692737,ESSENCORE KLEVV DDR5-6000 CL28 URBANE V RGB 화이트 패키지 서린,32GB(16Gx2),944740,74몰,"29,523원/1GB"
100692755,ESSENCORE KLEVV DDR5-6000 CL28 URBANE V RGB 블랙 패키지 서린,32GB(16Gx2),958460,70몰,"29,952원/1GB"
100692833,ESSENCORE KLEVV DDR5-6000 CL30 URBANE V RGB 블랙 패키지 서린,32GB(16Gx2),876730,79몰,"27,398원/1GB"
100692866,CORSAIR DDR5-6400 CL32 VENGEANCE BLACK 패키지,64GB(32Gx2),1295710,59몰,"20,245원/1GB"
100692944,CORSAIR DDR5-6400 CL32 VENGEANCE RGB WHITE 패키지,64GB(32Gx2),1478930,55몰,"23,108원/1GB"
100693058,CORSAIR DDR5-6400 CL32 VENGEANCE RGB BLACK 패키지 해외구매,64GB(32Gx2),1515700,1몰,"23,683원/1GB"
100693181,CORSAIR DDR5-6000 CL30 VENGEANCE RGB 패키지 해외구매,64GB(32Gx2),3667000,1몰,"57,297원/1GB"
100693760,CORSAIR DDR5-6000 CL30 VENGEANCE 패키지 해외구매,64GB(32Gx2),1050160,4몰,"16,409원/1GB"
100695821,ADATA DDR5-6000 CL36 LANCER BLADE RGB 블랙 패키지 파인인포,32GB(16Gx2),760000,5몰,"23,750원/1GB"
100700609,OLOy DDR5-5200 CL36 BLADE RGB BLACK 패키지 올로코리아,32GB(16Gx2),671980,61몰,"20,999원/1GB"
100700621,OLOy DDR5-5600 CL40 BLADE RGB BLACK 패키지 올로코리아,32GB(16Gx2),723950,63몰,"22,623원/1GB"
100842740,ADATA DDR5-6000 CL36 LANCER BLADE 블랙 파인인포,24GB,510760,61몰,"21,282원/1GB"
100842782,ADATA DDR5-6000 CL36 LANCER BLADE 화이트 파인인포,24GB,510780,61몰,"21,283원/1GB"
101078510,AGI DDR5-6000 CL30 TURBOJET UD858 블랙 패키지 서린,32GB(16Gx2),701500,1몰,"21,922원/1GB"
101078582,AGI DDR5-6000 CL30 TURBOJET UD858 RGB 블랙 패키지 서린,32GB(16Gx2),838990,63몰,"26,218원/1GB"
101078618,AGI DDR5-6000 CL30 TURBOJET UD858 RGB 화이트 패키지 서린,32GB(16Gx2),838980,63몰,"26,218원/1GB"
101079236,BIWIN DDR5-4800 CL40,32GB,618550,3몰,"19,330원/1GB"
101185049,AGI DDR5-5600 CL46 UD238 HEATSINK 서린,32GB,631880,62몰,"19,746원/1GB"
101185058,AGI DDR5-5600 CL46 UD238 HEATSINK 서린,16GB,354960,64몰,"22,185원/1GB"
101186585,에이서 DDR5-4800 CL40 UD200,16GB,329000,2몰,"20,563원/1GB"
101186612,에이서 DDR5-5600 CL46 UD200,16GB,369000,2몰,"23,063원/1GB"
101628665,AGI DDR4-3200 CL22 UD138 서린,8GB,93660,64몰,"11,708원/1GB"
101628668,AGI DDR4-3200 CL22 UD138 서린,16GB,191160,63몰,"11,948원/1GB"
101628701,킹스톤 DDR5-5600 CL46 중고,8GB,198990,5몰,"24,874원/1GB"
101628713,마이크론 Crucial DDR4-3200 중고,8GB,95000,7몰,"11,875원/1GB"
101628743,AGI DDR4-3600 CL18 TURBOJET UD848 RGB BLACK 서린,32GB(16Gx2),390500,54몰,"12,203원/1GB"
101665346,Apacer 노트북 DDR5-5600 CL46,16GB,331250,51몰,"20,703원/1GB"
101667029,Apacer 노트북 DDR5-5600 CL46,32GB,608280,51몰,"19,009원/1GB"
101721578,AGI 노트북 DDR5-5600 CL46 SD238 서린,32GB,661290,32몰,"20,665원/1GB"
101721581,AGI 노트북 DDR5-5600 CL46 SD238 서린,16GB,333570,32몰,"20,848원/1GB"
101725853,AGI 노트북 DDR4-3200 CL22 SD138 서린,16GB,192080,55몰,"12,005원/1GB"
101725856,AGI 노트북 DDR4-3200 CL22 SD138 서린,8GB,93760,53몰,"11,720원/1GB"
102553307,G.SKILL DDR5-5600 CL36 FLARE X5 AMD 블랙,8GB,209000,53몰,"26,125원/1GB"
102553352,G.SKILL DDR5-6000 CL30 FLARE X5 AMD 블랙,8GB,218400,50몰,"27,300원/1GB"
102553379,G.SKILL DDR5-6000 CL36 RIPJAWS S5 블랙,16GB,425000,53몰,"26,563원/1GB"
102621422,DLI DDR5-5600 CL46,32GB,629270,29몰,"19,665원/1GB"
103130627,삼성전자 DDR5-6400 ECC/REG,64GB,2335860,2몰,"36,498원/1GB"
103414910,킹스톤 FURY DDR5-5600 CL36 Beast 화이트 병행수입,16GB,가격비교예정,0몰,
103414928,킹스톤 FURY DDR5-5600 CL36 Beast 블랙 병행수입,16GB,368410,28몰,"23,026원/1GB"
103415228,킹스톤 FURY 노트북 DDR5-5600 CL40 병행수입,16GB,280500,1몰,"17,531원/1GB"
103415249,타무즈 DDR5-5600 CL46,8GB,220000,8몰,"27,500원/1GB"
103415291,ADATA DDR5-6000 CL30 ARMAX RGB 패키지 파인인포,32GB(16Gx2),827990,50몰,"25,875원/1GB"
103415333,ADATA DDR5-6000 CL30 ARMAX RGB 패키지 파인인포,64GB(32Gx2),가격비교예정,0몰,
103415363,ADATA DDR5-5600 CL46 ARMAX 파인인포,16GB,342900,51몰,"21,431원/1GB"
103415375,ADATA DDR5-5600 CL46 ARMAX 파인인포,32GB,가격비교예정,0몰,
103416014,GeIL DDR5-6000 CL36 ORION V RGB 패키지,32GB(16Gx2),717500,53몰,"22,422원/1GB"
103482146,CORSAIR DDR5-8400 CL40 VENGEANCE RGB BLACK 패키지,48GB(24Gx2),1376630,44몰,"28,680원/1GB"
103516745,ADATA DDR5-5600 CL46-45-45 파인인포,8GB,201560,47몰,"25,195원/1GB"
103599704,GeIL DDR5-6000 CL36 ORION V RGB WHITE 패키지,32GB(16Gx2),719000,27몰,"22,469원/1GB"
103752776,AGI DDR5-6000 CL30 TURBOJET UD858 RGB 블랙 패키지 서린,48GB(24Gx2),1174980,21몰,"24,479원/1GB"
103752911,킹스톤 노트북 DDR5-5600 CL46 코잇,16GB,가격비교예정,0몰,
103752917,킹스톤 노트북 DDR5-5600 CL46 코잇,32GB,가격비교예정,0몰,
103753112,킹스톤 FURY 노트북 DDR5-5600 CL40 Impact 코잇,16GB,335000,14몰,"20,938원/1GB"
103753142,킹스톤 FURY 노트북 DDR5-5600 CL40 Impact 코잇,32GB,630000,14몰,"19,688원/1GB"
103753160,킹스톤 FURY DDR5-6000 CL30 Beast 블랙 코잇,32GB,가격비교예정,0몰,
103753163,킹스톤 FURY DDR5-6000 CL30 Beast 블랙 코잇,16GB,435200,26몰,"27,200원/1GB"
103753169,킹스톤 FURY DDR5-6000 CL30 Beast 화이트 코잇,32GB,가격비교예정,0몰,
103753172,킹스톤 FURY DDR5-6000 CL30 Beast 화이트 코잇,16GB,476540,24몰,"29,784원/1GB"
103808213,킹스톤 FURY 노트북 DDR4-2666 CL40 병행수입,16GB,174730,26몰,"10,921원/1GB"
103808225,킹스톤 FURY 노트북 DDR4-3200 CL40 병행수입,16GB,185320,26몰,"11,583원/1GB"
104041571,ANACOMDA DDR5-5600 CL46 얼티메이크,16GB,351730,8몰,"21,983원/1GB"
104043956,킹스톤 FURY DDR4-3200 CL16 Beast 블랙 병행수입,16GB,211790,14몰,"13,237원/1GB"
104045429,컴이지 킹덤 DDR4-3200 CL22,16GB,183250,48몰,"11,453원/1GB"
104374583,CENTAUR DDR4-3200 CL22,16GB,180020,24몰,"11,251원/1GB"
104374586,트랜센드 DDR5-5600 CL46 Jetram,8GB,194850,17몰,"24,356원/1GB"
104374652,ADATA DDR5-5600 CL46 ARMAX 서린,16GB,367980,19몰,"22,999원/1GB"
104374655,ADATA DDR5-6000 CL30 ARMAX RGB 패키지 서린,32GB(16Gx2),849980,20몰,"26,562원/1GB"
104374658,ADATA DDR5-6000 CL30 ARMAX RGB 패키지 서린,64GB(32Gx2),1599980,21몰,"25,000원/1GB"
104571350,컴이지 킹덤 DDR5-5600 CL46,16GB,344180,14몰,"21,511원/1GB"
104595902,킹스톤 FURY DDR5-5600 CL46 병행수입,32GB,656570,14몰,"20,518원/1GB"
