Id,Name,Type,Price,Mall,2025-12-31 13:01:45
1510996,이지넷유비쿼터스 USB 3.0 to SATA 확장 어댑터 (NEXT-318U3),,18400,231몰,
1649125,라이트컴 COMS 3.5인치 HDD 케이스,,2120,342몰,
1659778,ORICO PHX-35 하드 보호케이스,,5010,168몰,
1759667,ORICO PHP-35 HDD보관함,,3490,243몰,
2621045,라이트컴 COMS 3.5형 폴더접이식 HDD 케이스,,3270,258몰,
2638370,강원전자 ineo I-NC10 알루미늄 하드디스크 보관함,3.5 10Bay,53000,117몰,
2638398,강원전자 ineo I-NC23 알루미늄 하드디스크 보관함,2.5 3Bay + 3.5 6Bay,44990,132몰,
2680556,마하링크 2.5 가이드 (ML-HG2535),,1000,78몰,
2813718,트랜센드 MSA370 mSATA,64GB,117000,44몰,"1,828원/1GB"
2813737,트랜센드 MSA370 mSATA,128GB,207370,72몰,"1,620원/1GB"
2813743,트랜센드 MSA370 mSATA,256GB,387650,66몰,"1,514원/1GB"
2837539,트랜센드 MSA370 mSATA,512GB,828170,27몰,"1,618원/1GB"
3103073,삼성전자 850 EVO M.2 SATA 해외구매,500GB,60000,2몰,120원/1GB
3190080,트랜센드 SSD370S,64GB,120000,6몰,"1,875원/1GB"
3190082,트랜센드 SSD370S,128GB,216000,5몰,"1,688원/1GB"
3190087,트랜센드 SSD370S,256GB,400000,5몰,"1,563원/1GB"
3206498,Sandisk SSD PLUS,240GB,56560,27몰,236원/1GB
3208163,트랜센드 SSD370S,512GB,766000,3몰,"1,496원/1GB"
3229500,이지넷유비쿼터스 NEXT-418U3 SATA,,17480,53몰,
3244009,트랜센드 SSD370S,1TB,1500000,3몰,"1,500원/1GB"
3269758,라이트컴 COMS mSATA to 2.5 SATA 컨버터 (BE574),,14700,57몰,
3328332,강원전자 NETmate Mini SATA SSD 하이브리드 디스크 PCI Express 카드 (NM-SSP1),,9390,96몰,
3335203,라이트컴 COMS HB817 2.5-3.5 철재 하드 가이드,,2590,71몰,
3546574,강원전자 I-NC10K 다용도 알루미늄 하드디스크 보관함,,39000,94몰,
3558656,라이트컴 COMS Macbook Air SSD to SATA 컨버터 (ITB756),,11440,63몰,
3568758,트랜센드 MSA370 mSATA,32GB,69000,30몰,"2,156원/1GB"
3611982,라이트컴 COMS M.2 to SATA 케이스형 컨버터 (ITB748),,11810,66몰,
3669316,서진네트웍스 UNICORN 3.5형 하드보관 케이스,,1510,72몰,
3669333,서진네트웍스 UNICORN 2.5형 하드보관 케이스,,1530,52몰,
3767411,Sandisk SSD PLUS,480GB,88030,14몰,183원/1GB
3932027,이지넷유비쿼터스 USB 3.0 2.5형 SSD/HDD SATA3 컨트롤러 (NEXT-415MU3),,5600,228몰,
3941730,라이트컴 COMS KS984 HDD 케이스,,4700,101몰,
3948200,라이트컴 COMS M.2 to SATA 컨버터 (KS965),,7900,74몰,
3969479,라이트컴 COMS mSATA to SATA 컨버터 (KS969),,8330,73몰,
3969559,라이트컴 COMS Dual M.2 to SATA kit (KS975),,8740,71몰,
3969575,라이트컴 COMS M.2 to SATA kit (KS966),,8030,76몰,
3975334,트랜센드 SSD220S,480GB,71500,21몰,149원/1GB
3975348,트랜센드 SSD220S,240GB,65500,64몰,273원/1GB
4091615,트랜센드 SSD220S,120GB,41000,66몰,342원/1GB
4311656,강원전자 NETmate NMU-ST370 SATA3 to Type C 변환 컨버터,,13990,63몰,
4318522,라이트컴 COMS KS985 알루미늄 하드 보관함,,36890,85몰,
4318873,ORICO 3.5 HDD 알루미늄 10단 하드보관함 (BSC35-10),,38500,63몰,
4413004,트랜센드 MTS820 M.2 SATA,240GB,67280,2몰,280원/1GB
4413015,트랜센드 MTS820 M.2 SATA,120GB,40300,3몰,336원/1GB
4593708,Western Digital WD GREEN SSD,240GB,75100,84몰,313원/1GB
4593734,Western Digital WD GREEN SSD,120GB,70000,2몰,583원/1GB
4645937,ORICO 1125SS 변환 가이드,,9700,142몰,
4661305,라이트컴 COMS PCB 타입 SATA to mSATA 변환 컨버터 (KS508),,2570,53몰,
4672752,라이트컴 COMS M.2 to SATA 컨버터 (KS514),,11620,70몰,
4739353,라이트컴 COMS mSATA to SATA 컨버터 (HB679),,9100,86몰,
4739397,라이트컴 COMS M.2 to SATA 컨버터 (HB680),,9500,96몰,
4800828,Western Digital WD GREEN M.2 SATA,240GB,103370,29몰,431원/1GB
4800835,Western Digital WD GREEN M.2 SATA,120GB,76000,1몰,633원/1GB
4825561,트랜센드 SSD230S,512GB,138490,97몰,270원/1GB
4825610,트랜센드 SSD230S,256GB,79800,105몰,312원/1GB
4825624,트랜센드 SSD230S,128GB,49980,89몰,390원/1GB
4911078,삼성전자 PM871 M.2 SATA 중고,128GB,17000,2몰,133원/1GB
4911146,삼성전자 PM871 M.2 SATA 중고,256GB,30000,3몰,117원/1GB
5020544,서진네트웍스 UNICORN USB 3.0 to SATA 케이블 (HD-300SATA),,9500,73몰,
5115382,이지넷유비쿼터스 USB 2.0 to SATA/IDE 컨트롤러 (NEXT-218SATAIDE NEW),,16200,69몰,
5391586,Sandisk Ultra 3D,250GB,141000,1몰,564원/1GB
5391593,Sandisk Ultra 3D,500GB,102950,27몰,206원/1GB
5391601,Sandisk Ultra 3D,1TB,154780,53몰,155원/1GB
5391611,Sandisk Ultra 3D,2TB,295520,4몰,148원/1GB
5498770,ADATA Ultimate SU650,240GB,101500,3몰,423원/1GB
5548440,서진네트웍스 UNICORN USB 3.0 to SATA 케이블 (HD-500SATAA),,14930,151몰,
5579642,Western Digital WD Blue 3D SSD,250GB,120000,7몰,480원/1GB
5579649,Western Digital WD Blue 3D SSD,500GB,175000,7몰,350원/1GB
5579658,Western Digital WD Blue 3D SSD,1TB,271800,8몰,272원/1GB
5579669,Western Digital WD Blue 3D SSD,2TB,600000,9몰,300원/1GB
5592148,디오테라 VIVA 300S LITE M.2 SATA,256GB,49730,89몰,194원/1GB
5592173,디오테라 VIVA 300S LITE M.2 SATA,128GB,29390,83몰,230원/1GB
5592212,디오테라 VIVA 300S LITE mSATA,256GB,48980,72몰,191원/1GB
5592235,디오테라 VIVA 300S LITE mSATA,128GB,28660,64몰,224원/1GB
5615337,라인업시스템 LANSTAR mSATA to PCIe 카드 (LS-PCIE-MSATA),,4600,74몰,
5702285,삼성전자 PM981 M.2 NVMe 병행수입,512GB,119710,11몰,234원/1GB
5702297,삼성전자 PM981 M.2 NVMe 병행수입,1TB,190000,1몰,190원/1GB
5706990,COLORFUL SL500 ONYX ST,480GB,172820,5몰,360원/1GB
5739310,삼성전자 PM871b M.2 SATA 병행수입,512GB,60000,2몰,117원/1GB
5751499,디오테라 VIVA 300S LITE M.2 SATA,512GB,90050,73몰,176원/1GB
5786466,타무즈 RX550,240GB,44500,6몰,185원/1GB
5791868,마이크론 Crucial MX500 대원씨티에스,2TB,255550,1몰,128원/1GB
5834142,삼성전자 860 PRO,256GB,362000,1몰,"1,414원/1GB"
5834143,삼성전자 860 PRO,512GB,470000,1몰,918원/1GB
5834144,삼성전자 860 PRO,1TB,668110,61몰,668원/1GB
5834159,삼성전자 860 PRO,2TB,1250000,1몰,625원/1GB
5834197,삼성전자 860 EVO,250GB,109000,2몰,436원/1GB
5834210,삼성전자 860 EVO,500GB,155000,2몰,310원/1GB
5834230,삼성전자 860 EVO,1TB,239000,2몰,239원/1GB
5834242,삼성전자 860 EVO,2TB,605000,1몰,303원/1GB
5834265,삼성전자 860 EVO,4TB,620000,1몰,155원/1GB
5840929,리버네트워크 NEXI USB 3.0 to IDE+SATA3 컨버터 (NX-U3TIS),,21270,142몰,
5862331,PNY CS900 해외구매,120GB,103980,4몰,867원/1GB
5862343,PNY CS900 해외구매,240GB,60800,1몰,253원/1GB
5862350,PNY CS900 해외구매,480GB,662150,2몰,"1,379원/1GB"
5896575,마이크론 Crucial MX500 해외구매,500GB,113780,15몰,228원/1GB
5896578,마이크론 Crucial MX500 해외구매,1TB,162320,10몰,162원/1GB
5896585,마이크론 Crucial MX500 해외구매,2TB,262800,10몰,131원/1GB
5901598,트랜센드 SSD230S,1TB,273000,30몰,273원/1GB
5986682,트랜센드 MTS820S M.2 SATA,120GB,38960,92몰,325원/1GB
5986687,트랜센드 MTS820S M.2 SATA,240GB,62490,83몰,260원/1GB
5986690,트랜센드 MTS820S M.2 SATA,480GB,124000,68몰,258원/1GB
6012363,삼성전자 PM981 M.2 NVMe 병행수입,256GB,51560,5몰,201원/1GB
6078367,Western Digital WD Blue 3D M.2 SATA,1TB,261020,1몰,261원/1GB
6088328,삼성전자 860 EVO M.2 SATA 병행수입,250GB,140000,1몰,560원/1GB
6095758,삼성전자 970 EVO M.2 NVMe,1TB,2500000,1몰,"2,500원/1GB"
6095784,삼성전자 970 EVO M.2 NVMe,500GB,180000,1몰,360원/1GB
6096638,삼성전자 970 EVO M.2 NVMe,250GB,198000,2몰,792원/1GB
6096738,삼성전자 970 PRO M.2 NVMe,512GB,227690,34몰,445원/1GB
6096748,삼성전자 970 PRO M.2 NVMe,1TB,570000,1몰,570원/1GB
6210573,킹스톤 UV500 M.2 SATA,120GB,26000,3몰,217원/1GB
6210576,킹스톤 UV500 M.2 SATA,240GB,52180,2몰,217원/1GB
6242066,트랜센드 MTE110S M.2 NVMe,128GB,49000,81몰,383원/1GB
6242075,트랜센드 MTE110S M.2 NVMe,256GB,65980,90몰,258원/1GB
6242079,트랜센드 MTE110S M.2 NVMe,512GB,110430,90몰,216원/1GB
6246293,KingDian N580 M.2 SATA,256GB,28410,6몰,111원/1GB
6246299,KingDian N580 M.2 SATA,512GB,81380,4몰,159원/1GB
6279182,엠지텍 MG970,240GB,67900,1몰,283원/1GB
6377421,디오테라 VIVA 300S LITE M.2 SATA,1TB,151000,75몰,151원/1GB
6405689,타무즈 M720 PRO M.2 NVMe,512GB,111200,2몰,217원/1GB
6405693,타무즈 M720 PRO M.2 NVMe,1TB,242690,72몰,243원/1GB
6429569,마이크론 Crucial BX500 대원씨티에스,240GB,73720,8몰,307원/1GB
6429795,ADATA Ultimate SU655,480GB,130000,1몰,271원/1GB
6446362,Western Digital WD GREEN SSD,480GB,109320,32몰,228원/1GB
6453805,마이크론 Crucial BX500 아스크텍,240GB,62500,6몰,260원/1GB
6460412,인텔 D3-S4510,240GB,307000,1몰,"1,279원/1GB"
6460532,인텔 D3-S4510,480GB,499000,1몰,"1,040원/1GB"
6460535,인텔 D3-S4510,960GB,739000,1몰,770원/1GB
6460539,인텔 D3-S4510,1.92TB,1150000,1몰,599원/1GB
6476438,ADATA Ultimate SU800,256GB,55400,66몰,216원/1GB
6476453,ADATA Ultimate SU800,1TB,134030,89몰,134원/1GB
6476457,ADATA Ultimate SU800 M.2 SATA,128GB,36000,1몰,281원/1GB
6480486,타무즈 M740 M.2 NVMe,256GB,65560,1몰,256원/1GB
6480494,타무즈 M740 M.2 NVMe,512GB,114010,4몰,223원/1GB
6480499,타무즈 M740 M.2 NVMe,1TB,181790,4몰,182원/1GB
6582227,디오테라 VIVA 300S LITE mSATA,512GB,64850,60몰,127원/1GB
6627592,Western Digital WD GREEN M.2 SATA,480GB,332650,1몰,693원/1GB
6769714,TeamGroup T-Force DELTA R RGB,1TB,119630,1몰,120원/1GB
6798478,트랜센드 MTS830S M.2 SATA,128GB,49020,16몰,383원/1GB
6798490,트랜센드 MTS830S M.2 SATA,256GB,88990,88몰,348원/1GB
6798502,트랜센드 MTS830S M.2 SATA,512GB,149440,72몰,292원/1GB
6855199,ADATA XPG SX8200 Pro M.2 NVMe,256GB,54270,5몰,212원/1GB
6855988,ADATA XPG SX8200 Pro M.2 NVMe,512GB,132220,1몰,258원/1GB
6879958,삼성전자 PM961 M.2 NVMe 중고,128GB,21000,2몰,164원/1GB
6879979,삼성전자 PM961 M.2 NVMe 중고,256GB,41000,2몰,160원/1GB
6879985,삼성전자 PM961 M.2 NVMe 중고,512GB,96000,2몰,188원/1GB
6879997,삼성전자 PM961 M.2 NVMe 중고,1TB,200000,2몰,200원/1GB
6938251,트랜센드 MTE110S M.2 NVMe,1TB,177990,82몰,178원/1GB
6938563,트랜센드 MTS830S M.2 SATA,1TB,170970,14몰,171원/1GB
6998212,탑라인에이치디 HDTOP USB 3.0 to SATA 2.5형 컨버터 (HT-A100),,6700,82몰,
7063738,삼성전자 PM981 M.2 NVMe 벌크,256GB,54210,8몰,212원/1GB
7063753,삼성전자 PM981 M.2 NVMe 벌크,512GB,102000,14몰,199원/1GB
7136722,삼성전자 970 EVO Plus M.2 NVMe,250GB,126000,7몰,504원/1GB
7136755,삼성전자 970 EVO Plus M.2 NVMe,500GB,194000,3몰,388원/1GB
7136788,삼성전자 970 EVO Plus M.2 NVMe,1TB,152400,6몰,152원/1GB
7162783,Lexar NS100,256GB,48300,7몰,189원/1GB
7162801,Lexar NS100,512GB,67680,21몰,132원/1GB
7169662,Western Digital WD GREEN SSD 중고,120GB,13790,4몰,115원/1GB
7175386,ADATA XPG SX6000 Lite M.2 NVMe,256GB,58710,4몰,229원/1GB
7175431,ADATA XPG SX6000 Lite M.2 NVMe,1TB,191400,2몰,191원/1GB
7261471,GIGABYTE SSD 제이씨현,480GB,107500,57몰,224원/1GB
7277257,Western Digital WD GREEN SSD,1TB,145000,172몰,145원/1GB
7395145,Western Digital WD BLACK SN750 M.2 NVMe,500GB,249000,1몰,498원/1GB
7430029,트랜센드 MSA230S mSATA,64GB,42580,87몰,665원/1GB
7430038,트랜센드 MSA230S mSATA,128GB,57740,16몰,451원/1GB
7533316,삼성전자 970 EVO Plus M.2 NVMe 해외구매,250GB,86700,3몰,347원/1GB
7533328,삼성전자 970 EVO Plus M.2 NVMe 해외구매,500GB,151000,1몰,302원/1GB
7533334,삼성전자 970 EVO Plus M.2 NVMe 해외구매,1TB,209000,5몰,209원/1GB
7631194,트랜센드 SSD230S,2TB,385750,105몰,193원/1GB
7911874,TeamGroup MS30 M.2 SATA,128GB,63000,1몰,492원/1GB
7911898,TeamGroup MS30 M.2 SATA,256GB,62980,94몰,246원/1GB
7911922,TeamGroup MS30 M.2 SATA,512GB,153790,87몰,300원/1GB
7922116,TeamGroup MS30 M.2 SATA 해외구매,1TB,102500,15몰,103원/1GB
7981315,한창코퍼레이션 Cloud SSD,120GB,37000,46몰,308원/1GB
7981351,한창코퍼레이션 Cloud SSD,128GB,37500,53몰,293원/1GB
7981372,한창코퍼레이션 Cloud SSD,240GB,52000,49몰,217원/1GB
7981390,한창코퍼레이션 Cloud SSD,256GB,55000,51몰,215원/1GB
7981411,한창코퍼레이션 Cloud SSD,480GB,82500,47몰,172원/1GB
7981429,한창코퍼레이션 Cloud SSD,512GB,85000,54몰,166원/1GB
7981645,한창코퍼레이션 Cloud SSD,1TB,160000,53몰,160원/1GB
7981891,Sandisk SSD PLUS,1TB,158820,44몰,159원/1GB
8034664,삼성전자 970 EVO Plus M.2 NVMe,2TB,296990,13몰,148원/1GB
8042194,라이트컴 COMS M.2 SSD to PCIe 변환 어댑터 (ND536),,8240,66몰,
8046541,Seagate 파이어쿠다 510 M.2 NVMe,2TB,573590,1몰,287원/1GB
8047408,Seagate 바라쿠다 510 M.2 NVMe,512GB,140470,1몰,274원/1GB
8049865,트랜센드 MTE220S M.2 NVMe,256GB,98100,78몰,383원/1GB
8049874,트랜센드 MTE220S M.2 NVMe,512GB,149890,83몰,293원/1GB
8049886,트랜센드 MTE220S M.2 NVMe,1TB,206020,95몰,206원/1GB
8050171,라이트컴 COMS M.2 SSD to PCIe 변환 어댑터 (ND522),,12750,78몰,
8165764,TeamGroup MS30 M.2 SATA 해외구매,256GB,52830,8몰,206원/1GB
8165788,TeamGroup MS30 M.2 SATA 해외구매,512GB,60590,17몰,118원/1GB
8376201,마이크론 Crucial BX500 해외구매,120GB,116250,1몰,969원/1GB
8376225,마이크론 Crucial BX500 해외구매,240GB,35630,15몰,148원/1GB
8376261,마이크론 Crucial BX500 해외구매,480GB,75000,1몰,156원/1GB
8462625,CORSAIR Force Series MP600 M.2 NVMe,1TB,383000,2몰,383원/1GB
8467623,서진네트웍스 UNICORN USB 3.0 to SATA 케이블 (FD-700SATAA),,9150,106몰,
8535602,강원전자 NETmate USB 3.0 to SATA3 컨버터 (NM-KP01C),,18150,115몰,
8787626,라이트컴 COMS M.2 to SATA 컨버터 (ND540),,13760,62몰,
8789678,라이트컴 COMS mSATA/M.2 to SATA 컨버터 (BT467),,22200,68몰,
8842694,트랜센드 MSA230S mSATA,256GB,91990,85몰,359원/1GB
9282543,TeamGroup GX2,128GB,42790,94몰,334원/1GB
9282576,TeamGroup GX2,256GB,61080,101몰,239원/1GB
9282591,TeamGroup GX2,512GB,97630,103몰,191원/1GB
9282597,TeamGroup GX2,1TB,146280,101몰,146원/1GB
9469365,트로이씨앤씨 MTros MS820 SSD,256GB,98710,1몰,386원/1GB
9469371,트로이씨앤씨 MTros MS820 SSD,512GB,67000,37몰,131원/1GB
9651540,이지넷유비쿼터스 mSATA to SATA 변환 어댑터 (1MSATA1S),,20670,74몰,
9652941,이지넷유비쿼터스 M.2 to SATA 변환 어댑터 (1NGFF1S),,20700,70몰,
9701229,타무즈 GKM330 M.2 SATA,128GB,29680,80몰,232원/1GB
9701295,타무즈 GKM330 M.2 SATA,256GB,60220,87몰,235원/1GB
9701343,타무즈 GKM330 M.2 SATA,512GB,61450,5몰,120원/1GB
9727089,라인업시스템 LANSTAR USB3.0 to SATA 컨버터 (LS-USB3.0-SATA),,9600,72몰,
9831483,이지넷유비쿼터스 USB 3.0 to SATA/IDE 컨트롤러 (NEXT-518U3 SATAIDE),,21900,281몰,
9891273,Western Digital WD RED SA500 SSD,500GB,152000,1몰,304원/1GB
9891306,Western Digital WD RED SA500 SSD,1TB,229540,5몰,230원/1GB
9891327,Western Digital WD RED SA500 SSD,2TB,413050,5몰,207원/1GB
9891351,Western Digital WD RED SA500 SSD,4TB,705590,5몰,176원/1GB
9933177,타무즈 GK500,128GB,56590,2몰,442원/1GB
9933225,타무즈 GK500,256GB,94950,1몰,371원/1GB
9933246,타무즈 GK500,512GB,80200,73몰,157원/1GB
10033824,타무즈 GKX570 mSATA 벌크,16GB,20470,69몰,"1,279원/1GB"
10033857,타무즈 GKX570 mSATA 벌크,32GB,31990,72몰,"1,000원/1GB"
10033869,타무즈 GKX570 mSATA 벌크,64GB,40600,72몰,634원/1GB
10033884,타무즈 GKX570 mSATA 벌크,256GB,71180,81몰,278원/1GB
10033965,타무즈 GKX370 mSATA,64GB,26500,1몰,414원/1GB
10034022,타무즈 GKX370 mSATA,128GB,38310,68몰,299원/1GB
10034037,타무즈 GKX370 mSATA,256GB,52000,82몰,203원/1GB
10034049,타무즈 GKX370 mSATA,512GB,74440,73몰,145원/1GB
10034064,타무즈 GKX370 mSATA,1TB,144170,4몰,144원/1GB
10085025,디오테라 ROIPLE DOVE SSD,128GB,29490,86몰,230원/1GB
10085043,디오테라 ROIPLE DOVE SSD,256GB,50950,85몰,199원/1GB
10120377,Western Digital WD Blue SN550 M.2 NVMe,250GB,125000,1몰,500원/1GB
10120452,Western Digital WD Blue SN550 M.2 NVMe,500GB,139680,5몰,279원/1GB
10120467,Western Digital WD Blue SN550 M.2 NVMe,1TB,261030,5몰,261원/1GB
10304748,실리콘파워 P34 A60 M.2 NVMe,512GB,114700,1몰,224원/1GB
10304760,실리콘파워 P34 A60 M.2 NVMe,1TB,160430,4몰,160원/1GB
10388088,실리콘파워 P34 A60 M.2 NVMe,256GB,53710,3몰,210원/1GB
10528728,삼성전자 PM981a M.2 NVMe 벌크,256GB,54220,14몰,212원/1GB
10528734,삼성전자 PM981a M.2 NVMe 벌크,512GB,118360,52몰,231원/1GB
10583226,마이크론 Crucial BX500 아스크텍,1TB,162480,35몰,162원/1GB
10623204,Sandisk SSD PLUS 해외구매,1TB,97300,18몰,97원/1GB
10720662,Sandisk SSD PLUS 해외구매,2TB,215340,3몰,108원/1GB
10839261,한창코퍼레이션 Cloud M.2 SATA,256GB,37800,54몰,148원/1GB
10839279,한창코퍼레이션 Cloud M.2 SATA,512GB,97000,52몰,189원/1GB
10839285,한창코퍼레이션 Cloud M.2 SATA,1TB,162000,50몰,162원/1GB
10869774,Seagate IronWolf 510 M.2 NVMe,480GB,149000,1몰,310원/1GB
10869825,Seagate IronWolf 510 M.2 NVMe,960GB,249000,1몰,259원/1GB
10869891,Seagate IronWolf 510 M.2 NVMe,1.92TB,569990,34몰,297원/1GB
10980351,Sandisk SSD PLUS,2TB,265110,5몰,133원/1GB
11006499,디오테라 ROIPLE DOVE SSD,512GB,84760,85몰,166원/1GB
11012049,한창코퍼레이션 Cloud M.2 NVMe,128GB,45000,20몰,352원/1GB
11012085,한창코퍼레이션 Cloud M.2 NVMe,256GB,62500,45몰,244원/1GB
11012115,한창코퍼레이션 Cloud M.2 NVMe,512GB,99000,49몰,193원/1GB
11012139,한창코퍼레이션 Cloud M.2 NVMe,1TB,165000,48몰,165원/1GB
11056662,마이크론 Crucial BX500 아스크텍,2TB,294750,27몰,147원/1GB
11087823,마이크론 Crucial BX500 해외구매,1TB,125100,3몰,125원/1GB
11093694,트랜센드 MTE220S M.2 NVMe,2TB,415510,38몰,208원/1GB
11103009,마이크론 Crucial BX500 대원씨티에스,1TB,161240,12몰,161원/1GB
11127369,ADATA XPG SX8100 M.2 NVMe,256GB,65500,1몰,256원/1GB
11165538,삼성전자 PM991 M.2 NVMe 벌크,256GB,50000,21몰,195원/1GB
11165553,삼성전자 PM991 M.2 NVMe 벌크,1TB,192000,2몰,192원/1GB
11282853,키오시아 EXCERIA,240GB,61910,5몰,258원/1GB
11282967,키오시아 EXCERIA,480GB,92140,73몰,192원/1GB
11355939,디오테라 ROIPLE Ray M.2 NVMe,256GB,53990,73몰,211원/1GB
11355945,디오테라 ROIPLE Ray M.2 NVMe,512GB,94990,76몰,186원/1GB
11355969,디오테라 ROIPLE Ray M.2 NVMe,1TB,154990,78몰,155원/1GB
11439459,Sandisk Ultra 3D,4TB,565330,4몰,141원/1GB
11581559,삼성전자 750 EVO 중고,250GB,32000,2몰,128원/1GB
11581652,삼성전자 850 EVO Series 중고,250GB,36000,2몰,144원/1GB
11708717,타무즈 GK300,64GB,15310,77몰,239원/1GB
11711015,삼성전자 870 QVO,8TB,1750000,23몰,219원/1GB
11799478,라인업시스템 LANSTAR M.2 SSD to PCIe 카드 (LS-PCIE-M2SATAN),,7700,100몰,
11830057,ADATA FALCON M.2 NVMe,512GB,144000,3몰,281원/1GB
11830438,ADATA SWORDFISH M.2 NVMe,500GB,140000,5몰,280원/1GB
11887891,타무즈 GKM330 M.2 2242 SATA,64GB,30500,12몰,477원/1GB
11887939,타무즈 GKM330 M.2 2242 SATA,128GB,37760,78몰,295원/1GB
11887951,타무즈 GKM330 M.2 2242 SATA,256GB,49640,11몰,194원/1GB
11888050,타무즈 GKM330 M.2 2242 SATA,512GB,95010,84몰,186원/1GB
11888062,타무즈 GKM330 M.2 2242 SATA,1TB,150000,56몰,150원/1GB
12039551,디오테라 ROIPLE DOVE SSD,1TB,139990,58몰,140원/1GB
12049634,삼성전자 860 EVO 중고,250GB,34490,23몰,138원/1GB
12092057,삼성전자 870 QVO,4TB,685790,36몰,171원/1GB
12092081,삼성전자 870 QVO,2TB,351140,65몰,176원/1GB
12092096,삼성전자 870 QVO,1TB,190120,67몰,190원/1GB
12213065,트랜센드 SSD220Q,500GB,99400,7몰,199원/1GB
12213089,트랜센드 SSD220Q,1TB,165830,7몰,166원/1GB
12233387,Seagate IronWolf Pro 125 SSD,240GB,125000,1몰,521원/1GB
12284690,트랜센드 SSD220Q,2TB,214770,9몰,107원/1GB
12338801,삼성전자 980 PRO M.2 NVMe,250GB,167570,58몰,670원/1GB
12338942,삼성전자 980 PRO M.2 NVMe,500GB,270990,46몰,542원/1GB
12339347,삼성전자 980 PRO M.2 NVMe,1TB,293080,85몰,293원/1GB
12353690,라이트컴 COMS SW077 M.2 SSD to PCIe 변환 어댑터,,4510,77몰,
12354065,라이트컴 COMS SW229 M.2 SSD to PCIe 변환 어댑터,,8000,79몰,
12372326,엠씨케이글로벌 OUTTON MK-500 LITE M.2 NVMe,128GB,46990,61몰,367원/1GB
12372446,엠씨케이글로벌 OUTTON MK-500 LITE M.2 NVMe,256GB,52770,1몰,206원/1GB
12372485,엠씨케이글로벌 OUTTON MK-500 LITE M.2 NVMe,1TB,160000,1몰,160원/1GB
12384710,크로셀 CORE,128GB,30190,61몰,236원/1GB
12384731,크로셀 CORE,240GB,47550,48몰,198원/1GB
12497381,CORSAIR MP400 M.2 NVMe,2TB,329000,1몰,165원/1GB
12544625,엠씨케이글로벌 OUTTON MK-500 LITE SSD,128GB,33000,56몰,258원/1GB
12545057,엠씨케이글로벌 OUTTON MK-500 LITE SSD,256GB,63000,66몰,246원/1GB
12545069,엠씨케이글로벌 OUTTON MK-500 LITE SSD,512GB,99970,69몰,195원/1GB
12545087,엠씨케이글로벌 OUTTON MK-500 LITE SSD,1TB,211000,55몰,211원/1GB
12573560,리버네트워크 NEXI NX-U30SC USB 3.0 to SATA3 컨버터,,15290,137몰,
12575978,엠씨케이글로벌 OUTTON MK-500 LITE M.2 SATA,128GB,32990,77몰,258원/1GB
12576053,엠씨케이글로벌 OUTTON MK-500 LITE M.2 SATA,256GB,51400,6몰,201원/1GB
12576071,엠씨케이글로벌 OUTTON MK-500 LITE M.2 SATA,512GB,81260,5몰,159원/1GB
12660116,Western Digital WD BLACK SN850 M.2 NVMe,500GB,189000,1몰,378원/1GB
12660173,Western Digital WD BLACK SN850 M.2 NVMe,1TB,216880,4몰,217원/1GB
12668204,Seagate 바라쿠다 Q5 M.2 NVMe,500GB,120550,8몰,241원/1GB
12668231,Seagate 바라쿠다 Q5 M.2 NVMe,1TB,210920,2몰,211원/1GB
12668246,Seagate 바라쿠다 Q5 M.2 NVMe,2TB,249000,7몰,125원/1GB
12825845,PATRIOT P300 M.2 NVMe,1TB,198740,122몰,199원/1GB
12826274,PATRIOT P300 M.2 NVMe,512GB,120570,127몰,235원/1GB
12826391,PATRIOT P300 M.2 NVMe,256GB,69350,113몰,271원/1GB
12826433,PATRIOT P300 M.2 NVMe,128GB,51090,122몰,399원/1GB
12888908,GIGABYTE SSD 제이씨현,1TB,157900,42몰,158원/1GB
13023767,PNY CS900 제이씨현,240GB,52690,4몰,220원/1GB
13041338,삼성전자 870 QVO 병행수입,1TB,234840,70몰,235원/1GB
13057157,삼성전자 870 QVO 병행수입,4TB,441350,5몰,110원/1GB
13057166,삼성전자 870 QVO 병행수입,2TB,396920,67몰,198원/1GB
13057169,삼성전자 870 QVO 병행수입,8TB,1458990,20몰,182원/1GB
13069295,삼성전자 970 EVO Plus M.2 NVMe 해외구매,2TB,244800,7몰,122원/1GB
13077344,SK하이닉스 Gold P31 M.2 NVMe 해외구매,500GB,224820,9몰,450원/1GB
13077407,SK하이닉스 Gold P31 M.2 NVMe 해외구매,1TB,201950,30몰,202원/1GB
13137749,PNY CS1031 Gen3 M.2 NVMe 제이씨현,256GB,56170,46몰,219원/1GB
13161338,SK하이닉스 Gold P31 M.2 NVMe,1TB,466880,6몰,467원/1GB
13161353,SK하이닉스 Gold P31 M.2 NVMe,500GB,800000,2몰,"1,600원/1GB"
13168232,SK하이닉스 Gold S31,1TB,200000,1몰,200원/1GB
13187417,라이트컴 COMS IF795 mSATA/M.2 to PCIe 컨버터,,19030,42몰,
13187813,라이트컴 COMS IF796 M.2 NVMe to PCIe 컨버터,,6680,54몰,
13190384,삼성전자 870 EVO,250GB,93880,221몰,376원/1GB
13190519,삼성전자 870 EVO,500GB,123740,287몰,247원/1GB
13190573,삼성전자 870 EVO,1TB,234450,263몰,234원/1GB
13190630,삼성전자 870 EVO,2TB,396190,201몰,198원/1GB
13190711,삼성전자 870 EVO,4TB,659000,196몰,165원/1GB
13228772,이지넷유비쿼터스 NEXT-338TC USB-C to SATA 컨버터,,13200,66몰,
13228940,이지넷유비쿼터스 NEXT-448TC USB-C to SATA 컨버터,,14900,114몰,
13276304,삼성전자 PM9A1 M.2 NVMe 병행수입,2TB,415320,100몰,208원/1GB
13276568,삼성전자 PM9A1 M.2 NVMe 병행수입,1TB,221180,246몰,221원/1GB
13293902,삼성전자 PM9A1 M.2 NVMe 병행수입,256GB,72120,31몰,282원/1GB
13311974,삼성전자 870 EVO 병행수입,1TB,212520,109몰,213원/1GB
13312010,삼성전자 870 EVO 병행수입,500GB,139900,97몰,280원/1GB
13344977,삼성전자 PM9A1 M.2 NVMe 병행수입,512GB,153900,156몰,301원/1GB
13349057,삼성전자 870 EVO 병행수입,250GB,93990,103몰,376원/1GB
13369613,ADATA XPG GAMMIX S70 M.2 NVMe,1TB,269500,2몰,270원/1GB
13409255,실리콘파워 P34 UD70 M.2 NVMe,2TB,283430,57몰,142원/1GB
13417007,삼성전자 870 EVO 병행수입,2TB,365100,75몰,183원/1GB
13459688,TeamGroup GX2 SMI,512GB,99000,1몰,193원/1GB
13486118,삼성전자 PM9A1 M.2 NVMe 벌크,1TB,218800,132몰,219원/1GB
13514987,인텔 Optane Memory M10 M.2 NVMe 벌크,16GB,11130,7몰,696원/1GB
13538642,삼성전자 980 PRO M.2 NVMe,2TB,312990,91몰,156원/1GB
13550969,삼성전자 PM9A1 M.2 NVMe 벌크,256GB,58990,106몰,230원/1GB
13562645,삼성전자 980 M.2 NVMe,250GB,106990,48몰,428원/1GB
13562693,삼성전자 980 M.2 NVMe,500GB,136990,175몰,274원/1GB
13562714,삼성전자 980 M.2 NVMe,1TB,249000,27몰,249원/1GB
13645796,Sabrent Rocket Q M.2 NVMe 해외구매,1TB,115400,9몰,115원/1GB
13646021,Sabrent Rocket Q M.2 NVMe 해외구매,500GB,179930,1몰,360원/1GB
13649699,삼성전자 PM9A1 M.2 NVMe 벌크,512GB,135000,189몰,264원/1GB
13686599,인텔 DC P4610,6.4TB,2793110,2몰,436원/1GB
13686635,인텔 DC P4610,3.2TB,1515640,2몰,474원/1GB
13686647,인텔 DC P4610,1.6TB,808500,11몰,505원/1GB
13710416,라이트컴 COMS KS164 TF to SATA 변환 컨버터,,21600,63몰,
13761623,삼성전자 PM991 M.2 NVMe 벌크,128GB,29790,26몰,233원/1GB
13782983,Western Digital WD Blue 3D SSD,4TB,612000,1몰,153원/1GB
13799327,삼성전자 980 M.2 NVMe 병행수입,500GB,145490,71몰,291원/1GB
13799357,삼성전자 980 M.2 NVMe 병행수입,1TB,270720,10몰,271원/1GB
13799366,삼성전자 980 M.2 NVMe 병행수입,250GB,79500,12몰,318원/1GB
13847210,Western Digital WD BLACK SN850 히트싱크 M.2 NVMe,2TB,495060,2몰,248원/1GB
13860719,삼성전자 870 EVO 병행수입,4TB,607990,108몰,152원/1GB
13865279,PNY CS900 제이씨현,500GB,98500,13몰,197원/1GB
14019041,인텔 SOLIDIGM 670p M.2 NVMe,2TB,418950,2몰,209원/1GB
14019152,인텔 SOLIDIGM 670p M.2 NVMe,512GB,107550,6몰,210원/1GB
14069789,조이쿨 SSD 고정용 나사,20개,510,46몰,
14070197,조이쿨 SSD 고정용 나사,100개,2130,44몰,
14081222,트랜센드 MTE240S M.2 NVMe,1TB,232020,67몰,232원/1GB
14081342,트랜센드 MTE240S M.2 NVMe,500GB,160000,2몰,320원/1GB
14127800,라이트컴 COMS SW230 U.2 to PCIe 변환 어댑터,,28060,59몰,
14128196,라이트컴 COMS KS167 M.2 to SATA 컨버터,,5250,73몰,
14176913,실리콘파워 P34 A60 M.2 NVMe,128GB,39800,3몰,311원/1GB
14194337,TeamGroup MP33 M.2 NVMe,512GB,113000,1몰,221원/1GB
14261117,장우컴퍼니 M.2 SSD 연장 가이드,,1800,57몰,
14423996,TeamGroup T-Force CARDEA Ceramic C440 M.2 NVMe,2TB,328340,5몰,164원/1GB
14512184,J&A LEVEN JS600 해외구매,2TB,189890,4몰,95원/1GB
14512226,J&A LEVEN JS600 해외구매,256GB,53260,1몰,208원/1GB
14597159,Western Digital WD BLACK SN850 히트싱크 M.2 NVMe 해외구매,1TB,285000,1몰,285원/1GB
14623025,래안텍 R4MTP M.2 to PCIe 컨버터,,33000,3몰,
14627129,Western Digital WD Green SN350 M.2 NVMe 해외구매,240GB,71820,2몰,299원/1GB
14653847,삼성전자 PM9A1 M.2 NVMe 벌크,2TB,428910,18몰,214원/1GB
14803400,Seagate 파이어쿠다 530 M.2 NVMe,4TB,598000,20몰,150원/1GB
14803478,Seagate 파이어쿠다 530 M.2 NVMe,2TB,365000,29몰,183원/1GB
14803520,Seagate 파이어쿠다 530 M.2 NVMe,1TB,279000,23몰,279원/1GB
14803562,Seagate 파이어쿠다 530 M.2 NVMe,500GB,129000,8몰,258원/1GB
14810525,조이쿨 M.2 SSD 조립용 나사,10개,370,54몰,
14810528,조이쿨 M.2 SSD 조립용 나사,50개,1900,41몰,
14929073,PATRIOT P300 M.2 NVMe 해외구매,1TB,102630,1몰,103원/1GB
14929094,PATRIOT P300 M.2 NVMe 해외구매,512GB,72400,12몰,141원/1GB
14929109,PATRIOT P300 M.2 NVMe 해외구매,256GB,56600,3몰,221원/1GB
14929133,PATRIOT P300 M.2 NVMe 해외구매,128GB,44500,16몰,348원/1GB
14949881,삼성전자 PM991a M.2 NVMe 벌크,256GB,51970,50몰,203원/1GB
14949896,삼성전자 PM991a M.2 NVMe 벌크,512GB,125130,2몰,244원/1GB
14958056,SK하이닉스 BC711 M.2 NVMe 벌크,256GB,59900,40몰,234원/1GB
14958794,Seagate 파이어쿠다 530 히트싱크 M.2 NVMe,4TB,879000,10몰,220원/1GB
14958833,Seagate 파이어쿠다 530 히트싱크 M.2 NVMe,2TB,360000,15몰,180원/1GB
14958878,Seagate 파이어쿠다 530 히트싱크 M.2 NVMe,1TB,224000,9몰,224원/1GB
14958932,Seagate 파이어쿠다 530 히트싱크 M.2 NVMe,500GB,125130,14몰,250원/1GB
14968946,Western Digital WD SN530 M.2 NVMe 벌크,256GB,45290,12몰,177원/1GB
15022826,SK하이닉스 Gold P31 M.2 NVMe,2TB,378000,11몰,189원/1GB
15056408,마이크론 Crucial P5 Plus M.2 NVMe 해외구매,2TB,330860,36몰,165원/1GB
15056447,마이크론 Crucial P5 Plus M.2 NVMe 해외구매,1TB,334730,2몰,335원/1GB
15103874,삼성전자 PM991a M.2 NVMe 벌크,1TB,193030,3몰,193원/1GB
15115958,엠비에프 MBF-U3SATA-BK USB 3.0 to SATA3 컨버터,,6000,78몰,
15222089,ADATA Ultimate SU650,256GB,72000,7몰,281원/1GB
15239015,CORSAIR MP600 PRO XT M.2 NVMe,4TB,553080,9몰,138원/1GB
15239081,CORSAIR MP600 PRO XT M.2 NVMe,2TB,370500,1몰,185원/1GB
15455606,타무즈 RXK550Q,500GB,80000,1몰,160원/1GB
15495944,삼성전자 980 PRO 히트싱크 M.2 NVMe,1TB,290000,7몰,290원/1GB
15573710,SK하이닉스 Gold P31 M.2 NVMe 해외구매,2TB,291380,18몰,146원/1GB
15585548,COLORFUL SL500 디앤디컴,256GB,53980,99몰,211원/1GB
15585551,COLORFUL SL500 디앤디컴,512GB,97990,21몰,191원/1GB
15591008,COLORFUL SL300 디앤디컴,128GB,28990,100몰,226원/1GB
15600020,삼성전자 PM991a M.2 2242 NVMe 벌크,256GB,39900,9몰,156원/1GB
15623981,TeamGroup MP33 M.2 NVMe,256GB,63550,3몰,248원/1GB
15712556,Western Digital WD Green SN350 M.2 NVMe,2TB,248940,7몰,124원/1GB
15712613,Western Digital WD Green SN350 M.2 NVMe,1TB,164000,9몰,164원/1GB
15712787,Western Digital WD Green SN350 M.2 NVMe 해외구매,1TB,128600,15몰,129원/1GB
15725393,MG BX3510 하드보관함,,28130,111몰,
15725492,MG BX3826 하드보관함,,28080,76몰,
15756047,Seagate IronWolf 525 M.2 NVMe,2TB,609000,2몰,305원/1GB
15756104,Seagate IronWolf 525 M.2 NVMe,1TB,325620,4몰,326원/1GB
15775862,Plextor M10P M.2 NVMe,2TB,410010,41몰,205원/1GB
15775898,Plextor M10P M.2 NVMe,1TB,212770,44몰,213원/1GB
15775916,Plextor M10P M.2 NVMe,512GB,148000,1몰,289원/1GB
15817706,PNY CS900 해외구매,500GB,71920,8몰,144원/1GB
15847229,트랜센드 MTS420S M.2 2242 SATA,120GB,36300,99몰,303원/1GB
15847280,트랜센드 MTS420S M.2 2242 SATA,240GB,53760,95몰,224원/1GB
15847289,트랜센드 MTS420S M.2 2242 SATA,480GB,122740,93몰,256원/1GB
15863327,SilverStone SDP08-E SSD 가이드 STCOM,,10380,44몰,
15880709,리버네트워크 NEXI NX1246 M.2 NVMe to PCIe 확장 카드,,3600,136몰,
15880778,리버네트워크 NEXI NX1247 M.2 NVMe to PCIe 확장 카드,,5600,124몰,
15907517,키오시아 EXCERIA PRO M.2 NVMe,1TB,206990,16몰,207원/1GB
15946682,SK하이닉스 BC711 M.2 NVMe 병행수입,256GB,72700,48몰,284원/1GB
15946868,SK하이닉스 BC711 M.2 NVMe 병행수입,512GB,257480,4몰,503원/1GB
15946976,SK하이닉스 BC711 M.2 NVMe 병행수입,1TB,231000,42몰,231원/1GB
15997322,삼성전자 970 EVO Plus M.2 NVMe 중고,2TB,231840,12몰,116원/1GB
16039004,HP S650,120GB,20900,1몰,174원/1GB
16039043,HP S650,240GB,28240,1몰,118원/1GB
16245542,트랜센드 MTE110Q M.2 NVMe,1TB,177990,41몰,178원/1GB
16245587,트랜센드 MTE110Q M.2 NVMe,500GB,94500,3몰,189원/1GB
16290596,삼성전자 980 PRO 히트싱크 M.2 NVMe,2TB,390000,7몰,195원/1GB
16355756,SK하이닉스 BC711 M.2 NVMe 벌크,512GB,99000,1몰,193원/1GB
16436138,HP FX900 Pro M.2 NVMe,512GB,74870,2몰,146원/1GB
16587578,Western Digital WD BLACK SN770 M.2 NVMe,250GB,122950,2몰,492원/1GB
16662581,GIGABYTE SSD 피씨디렉트,480GB,109750,1몰,229원/1GB
16662584,GIGABYTE SSD 제이씨현,240GB,59000,59몰,246원/1GB
16677893,ADATA Ultimate SU650,512GB,110000,10몰,215원/1GB
16729436,Western Digital WD BLACK SN850 히트싱크 M.2 NVMe 해외구매,2TB,346700,10몰,173원/1GB
16779401,엠비에프 MBF-UC3SATA-BK USB 3.0 Type C to SATA 어댑터,,7600,78몰,
16800110,라인업시스템 LANSTAR LS-PCIE-RAID 2.5 SATA 2포트 to PCIe 카드,,59360,112몰,
16860140,이지넷유비쿼터스 NEXTU NEXT-M2290G2DC M.2 & SATA 클론 어댑터,,46200,199몰,
16899878,마이크로닉스 WARP B2,512GB,68000,2몰,133원/1GB
16899911,마이크로닉스 WARP B2,128GB,48010,2몰,375원/1GB
16958459,SK하이닉스 BC711 M.2 NVMe 벌크,128GB,30000,4몰,234원/1GB
17000984,SK하이닉스 Platinum P41 M.2 NVMe,2TB,405000,41몰,203원/1GB
17001050,SK하이닉스 Platinum P41 M.2 NVMe,1TB,310000,38몰,310원/1GB
17001083,SK하이닉스 Platinum P41 M.2 NVMe,500GB,164000,52몰,328원/1GB
17142170,Western Digital WD Blue SA510,1TB,176700,214몰,177원/1GB
17142212,Western Digital WD Blue SA510,500GB,98000,178몰,196원/1GB
17142230,Western Digital WD Blue SA510,250GB,79990,151몰,320원/1GB
17143130,Western Digital WD Blue SA510 M.2 SATA,1TB,197490,3몰,197원/1GB
17143169,Western Digital WD Blue SA510 M.2 SATA,500GB,132530,3몰,265원/1GB
17143181,Western Digital WD Blue SA510 M.2 SATA,250GB,95000,2몰,380원/1GB
17287469,ADATA LEGEND 710 M.2 NVMe,1TB,242990,72몰,243원/1GB
17287529,ADATA LEGEND 710 M.2 NVMe,512GB,127990,69몰,250원/1GB
17343065,삼성전자 PM893 벌크,240GB,176410,108몰,735원/1GB
17343128,삼성전자 PM893 벌크,480GB,311310,82몰,649원/1GB
17343143,삼성전자 PM893 벌크,960GB,518510,37몰,540원/1GB
17343161,삼성전자 PM893 벌크,1.92TB,726890,79몰,379원/1GB
17343176,삼성전자 PM893 벌크,3.84TB,1324550,81몰,345원/1GB
17343182,삼성전자 PM893 벌크,7.68TB,2869000,4몰,374원/1GB
17397623,SK하이닉스 Platinum P41 M.2 NVMe 해외구매,500GB,121200,81몰,242원/1GB
17398064,SK하이닉스 Platinum P41 M.2 NVMe 해외구매,1TB,159900,69몰,160원/1GB
17398076,SK하이닉스 Platinum P41 M.2 NVMe 해외구매,2TB,305990,138몰,153원/1GB
17454683,마이크론 Crucial P3 Plus M.2 NVMe 대원씨티에스,1TB,198460,2몰,198원/1GB
17454725,마이크론 Crucial P3 Plus M.2 NVMe 대원씨티에스,2TB,332500,1몰,166원/1GB
17454743,마이크론 Crucial P3 Plus M.2 NVMe 대원씨티에스,4TB,1000000,1몰,250원/1GB
17454767,마이크론 Crucial P3 Plus M.2 NVMe 대원씨티에스,500GB,96900,1몰,194원/1GB
17549690,트랜센드 MTE110S M.2 NVMe,2TB,435000,3몰,218원/1GB
17550233,트랜센드 MSA230S mSATA,512GB,155000,5몰,303원/1GB
17594117,트랜센드 SSD230S,4TB,979980,95몰,245원/1GB
17619734,마이크론 Crucial BX500 아스크텍,500GB,88500,51몰,177원/1GB
17706038,솔리다임 P41 PLUS M.2 NVMe,1TB,219000,13몰,219원/1GB
17706074,솔리다임 P41 PLUS M.2 NVMe,2TB,320990,26몰,160원/1GB
17719115,트랜센드 SSD225S,2TB,443020,92몰,222원/1GB
17719241,트랜센드 SSD225S,1TB,234990,91몰,235원/1GB
17719292,트랜센드 SSD225S,500GB,126000,84몰,252원/1GB
17719367,트랜센드 SSD225S,250GB,65500,74몰,262원/1GB
17788379,Western Digital WD BLACK SN850X M.2 NVMe,4TB,709000,147몰,177원/1GB
17788451,Western Digital WD BLACK SN850X M.2 NVMe,2TB,381520,165몰,191원/1GB
17788487,Western Digital WD BLACK SN850X M.2 NVMe,1TB,259000,181몰,259원/1GB
17790251,Western Digital WD BLACK SN850X 히트싱크 M.2 NVMe,1TB,254530,124몰,255원/1GB
17790299,Western Digital WD BLACK SN850X 히트싱크 M.2 NVMe,2TB,432890,110몰,216원/1GB
17796053,타무즈 M740 M.2 2242 NVMe,512GB,103620,1몰,202원/1GB
17796152,타무즈 M740 M.2 2242 NVMe,256GB,52950,79몰,207원/1GB
17819666,Western Digital WD BLACK SN850X M.2 NVMe 해외구매,1TB,172900,26몰,173원/1GB
17821166,Lexar NM620 M.2 NVMe 해외구매,256GB,60510,3몰,236원/1GB
17821220,Lexar NM620 M.2 NVMe 해외구매,512GB,85970,1몰,168원/1GB
17821265,Lexar NM620 M.2 NVMe 해외구매,1TB,114400,2몰,114원/1GB
17863883,ADATA LEGEND 700 M.2 NVMe,256GB,59000,1몰,230원/1GB
17874212,Lexar NQ100 해외구매,240GB,54150,1몰,226원/1GB
17874227,Lexar NQ100 해외구매,480GB,115330,2몰,240원/1GB
17874251,PNY CS900 해외구매,1TB,102630,10몰,103원/1GB
17887205,CORSAIR MP600 PRO LPX M.2 NVMe 해외구매,500GB,160250,4몰,321원/1GB
17887217,CORSAIR MP600 PRO LPX M.2 NVMe 해외구매,1TB,178550,7몰,179원/1GB
17887241,CORSAIR MP600 PRO LPX M.2 NVMe 해외구매,2TB,299460,17몰,150원/1GB
17933762,마이크론 Crucial BX500 대원씨티에스,500GB,89040,16몰,178원/1GB
17947481,Seagate Game Drive for PS5 M.2 NVMe,1TB,249000,111몰,249원/1GB
17947601,Seagate Game Drive for PS5 M.2 NVMe,2TB,349000,112몰,175원/1GB
17970599,PNY CS1031 Gen3 M.2 NVMe 제이씨현,500GB,102190,45몰,204원/1GB
17970794,PNY CS900 제이씨현,250GB,52900,1몰,212원/1GB
17970932,CORSAIR MP600 PRO XT M.2 NVMe,8TB,1562000,21몰,195원/1GB
18041081,PNY CS900 제이씨현,1TB,157710,6몰,158원/1GB
18068195,마이크론 1300 SSD 벌크,512GB,124990,8몰,244원/1GB
18237560,키오시아 EXCERIA G2 M.2 NVMe,1TB,179000,4몰,179원/1GB
18269483,CORSAIR MP600 PRO NH M.2 NVMe,8TB,1590000,7몰,199원/1GB
18269576,CORSAIR MP600 PRO NH M.2 NVMe,4TB,638000,17몰,160원/1GB
18269633,CORSAIR MP600 PRO NH M.2 NVMe,2TB,363000,3몰,182원/1GB
18269669,CORSAIR MP600 PRO NH M.2 NVMe,1TB,219000,11몰,219원/1GB
18297002,삼성전자 990 PRO M.2 NVMe,1TB,305640,215몰,306원/1GB
18297722,삼성전자 990 PRO M.2 NVMe,2TB,400000,209몰,200원/1GB
18328925,비트엠 Newsync BITS,1TB,141000,26몰,141원/1GB
18332612,비트엠 Newsync BITS,512GB,87130,100몰,170원/1GB
18332642,비트엠 Newsync BITS,256GB,59300,85몰,232원/1GB
18332651,비트엠 Newsync BITS,128GB,34990,92몰,273원/1GB
18332834,비트엠 Newsync BITS M.2 NVMe,1TB,179390,22몰,179원/1GB
18332876,비트엠 Newsync BITS M.2 NVMe,512GB,100020,100몰,195원/1GB
18332945,비트엠 Newsync BITS M.2 NVMe,256GB,68640,103몰,268원/1GB
18338426,BIOSTAR M760 M.2 NVMe,256GB,59890,14몰,234원/1GB
18363101,COLORFUL CN600 PRO M.2 NVMe 디앤디컴,512GB,103400,108몰,202원/1GB
18363194,COLORFUL CN600 PRO M.2 NVMe 디앤디컴,256GB,73900,59몰,289원/1GB
18429662,삼성전자 990 PRO M.2 NVMe 해외구매,1TB,199000,46몰,199원/1GB
18479384,트랜센드 MTE250S M.2 NVMe,2TB,425710,48몰,213원/1GB
18479411,트랜센드 MTE250S M.2 NVMe,1TB,266150,48몰,266원/1GB
18518807,삼성전자 990 PRO M.2 NVMe 병행수입,1TB,289880,34몰,290원/1GB
18518834,삼성전자 990 PRO M.2 NVMe 병행수입,2TB,418990,36몰,209원/1GB
18563495,젬스톤 GSTON GSM300 mSATA 벌크,128GB,24660,59몰,193원/1GB
18563522,젬스톤 GSTON GSM300 mSATA 벌크,256GB,34660,67몰,135원/1GB
18581684,트랜센드 MTE250H M.2 NVMe,1TB,284120,42몰,284원/1GB
18581717,트랜센드 MTE250H M.2 NVMe,2TB,424990,93몰,212원/1GB
18598418,Western Digital WD SN740 M.2 2230 NVMe 해외구매,256GB,51100,14몰,200원/1GB
18598472,Western Digital WD SN740 M.2 2230 NVMe 해외구매,512GB,98630,5몰,193원/1GB
18598562,Western Digital WD SN740 M.2 2230 NVMe 해외구매,1TB,110500,7몰,111원/1GB
18598769,삼성전자 860 EVO 중고,1TB,146000,1몰,146원/1GB
18617705,PATRIOT P300 M.2 NVMe,2TB,390000,128몰,195원/1GB
18633650,COLORFUL CN600 PRO M.2 NVMe 디앤디컴,1TB,185650,23몰,186원/1GB
18636905,Western Digital WD SN740 M.2 2230 NVMe 해외구매,2TB,216486,2몰,108원/1GB
18684149,Western Digital WD BLACK SN850X 히트싱크 M.2 NVMe 해외구매,1TB,233890,9몰,234원/1GB
18684164,Western Digital WD BLACK SN850X M.2 NVMe 해외구매,2TB,290890,38몰,145원/1GB
18684167,Western Digital WD BLACK SN850X M.2 NVMe 해외구매,4TB,580920,4몰,145원/1GB
18684197,Western Digital WD BLACK SN850X 히트싱크 M.2 NVMe 해외구매,2TB,363600,15몰,182원/1GB
18748385,삼성전자 PM991a M.2 NVMe 벌크,128GB,32790,17몰,256원/1GB
18796625,SK하이닉스 BC711 M.2 NVMe 중고,256GB,46000,1몰,180원/1GB
18830261,삼성전자 960 EVO M.2 NVMe 중고,250GB,48500,4몰,194원/1GB
18917510,마이크론 Crucial P3 Plus M.2 NVMe 해외구매,500GB,71100,9몰,142원/1GB
18917678,삼성전자 860 EVO 중고,500GB,63990,19몰,128원/1GB
18919073,삼성전자 850 EVO Series 중고,120GB,18000,1몰,150원/1GB
18919160,삼성전자 850 EVO Series 중고,500GB,66000,1몰,132원/1GB
18919208,삼성전자 850 EVO Series 중고,1TB,146000,1몰,146원/1GB
18952679,삼성전자 PM9B1 M.2 NVMe 벌크,512GB,99000,35몰,193원/1GB
18953177,마이크론 2400 M.2 NVMe 벌크,512GB,112000,23몰,219원/1GB
18962249,삼성전자 750 EVO 중고,120GB,14730,2몰,123원/1GB
18962291,삼성전자 750 EVO 중고,500GB,56000,1몰,112원/1GB
18983489,TeamGroup MP44L M.2 NVMe 서린,1TB,181720,1몰,182원/1GB
19047548,COLORFUL CN700 M.2 NVMe 디앤디컴,1TB,199000,3몰,199원/1GB
19094288,트랜센드 MTE250S M.2 NVMe,4TB,913650,44몰,228원/1GB
19094534,트랜센드 MTE250H M.2 NVMe,4TB,1133000,2몰,283원/1GB
19100387,CORSAIR MP600 PRO NH M.2 NVMe 해외구매,8TB,1367320,16몰,171원/1GB
19100390,CORSAIR MP600 PRO NH M.2 NVMe 해외구매,4TB,805200,2몰,201원/1GB
19100393,CORSAIR MP600 PRO NH M.2 NVMe 해외구매,2TB,268490,25몰,134원/1GB
19100396,CORSAIR MP600 PRO NH M.2 NVMe 해외구매,1TB,155990,17몰,156원/1GB
19159703,삼성전자 PM9B1 M.2 2242 NVMe 벌크,256GB,44800,13몰,175원/1GB
19175660,트랜센드 MTE300S M.2 2230 NVMe,256GB,97500,4몰,381원/1GB
19175996,트랜센드 MTE400S M.2 2242 NVMe,256GB,79580,8몰,311원/1GB
19176044,트랜센드 MTE400S M.2 2242 NVMe,512GB,140360,84몰,274원/1GB
19176074,트랜센드 MTE400S M.2 2242 NVMe,1TB,259620,84몰,260원/1GB
19193414,엠씨케이글로벌 OUTTON MK-500 LITE SSD,2TB,371990,33몰,186원/1GB
19319885,삼성전자 980 PRO 히트싱크 M.2 NVMe 해외구매,2TB,346990,3몰,173원/1GB
19508336,한창코퍼레이션 WIN M.2 NVMe,128GB,44990,43몰,351원/1GB
19508561,한창코퍼레이션 WIN M.2 NVMe,256GB,67000,40몰,262원/1GB
19508612,한창코퍼레이션 WIN M.2 NVMe,512GB,99000,40몰,193원/1GB
19508660,한창코퍼레이션 WIN M.2 NVMe,1TB,165000,40몰,165원/1GB
19508843,한창코퍼레이션 WIN SSD,120GB,35000,53몰,292원/1GB
19508897,한창코퍼레이션 WIN SSD,128GB,36000,44몰,281원/1GB
19509188,한창코퍼레이션 WIN SSD,240GB,50000,43몰,208원/1GB
19509257,한창코퍼레이션 WIN SSD,256GB,53000,47몰,207원/1GB
19509311,한창코퍼레이션 WIN SSD,512GB,95000,48몰,186원/1GB
19509350,한창코퍼레이션 WIN SSD,1TB,155000,49몰,155원/1GB
19546880,PNY CS900 마이크로닉스,250GB,51560,6몰,206원/1GB
19616756,삼성전자 990 PRO M.2 NVMe 해외구매,2TB,331100,16몰,166원/1GB
19629137,삼성전자 840 PRO Series 중고,128GB,20000,1몰,156원/1GB
19649351,ADATA LEGEND 710 M.2 NVMe,256GB,82490,69몰,322원/1GB
19729874,라이트컴 COMS SW571 M.2 NVMe to PCIe 컨버터,,4980,54몰,
19745036,HIKSEMI Wave Pro(P) M.2 NVMe,512GB,111500,62몰,218원/1GB
19745132,HIKSEMI Wave Pro(P) M.2 NVMe,1024GB,173000,46몰,169원/1GB
19807334,HIKSEMI E3000 M.2 NVMe,1TB,168740,72몰,169원/1GB
19826411,SK하이닉스 PC801 M.2 NVMe 벌크,256GB,52000,55몰,203원/1GB
19890503,솔리다임 P44 Pro M.2 NVMe 해외구매,512GB,137450,4몰,268원/1GB
19890527,솔리다임 P44 Pro M.2 NVMe 해외구매,1TB,191910,5몰,192원/1GB
19890605,솔리다임 P44 Pro M.2 NVMe 해외구매,2TB,292270,3몰,146원/1GB
19953977,ADATA Ultimate SU650,1TB,210000,46몰,210원/1GB
19959629,CORSAIR MP600 CORE XT M.2 NVMe 해외구매,1TB,140400,4몰,140원/1GB
19959662,CORSAIR MP600 CORE XT M.2 NVMe 해외구매,2TB,281400,9몰,141원/1GB
20020157,Western Digital WD Green SN350 M.2 NVMe,250GB,63990,80몰,256원/1GB
20020220,Western Digital WD Green SN350 M.2 NVMe,500GB,105000,93몰,210원/1GB
20020811,CORSAIR MP600 CORE XT M.2 NVMe 해외구매,4TB,628750,3몰,157원/1GB
20030681,CORSAIR MP600 MINI M.2 2230 NVMe,1TB,219000,2몰,219원/1GB
20076629,CORSAIR MP700 M.2 NVMe,1TB,301710,2몰,302원/1GB
20079467,CORSAIR MP700 M.2 NVMe,2TB,496070,2몰,248원/1GB
20125037,솔리다임 P41 PLUS M.2 NVMe 해외구매,1TB,144800,12몰,145원/1GB
20125142,솔리다임 P41 PLUS M.2 NVMe 해외구매,2TB,253590,6몰,127원/1GB
20125190,솔리다임 P41 PLUS M.2 NVMe 해외구매,512GB,127050,4몰,248원/1GB
20165744,킹스톤 NV2 M.2 NVMe 해외구매,250GB,57300,8몰,229원/1GB
20165957,킹스톤 NV2 M.2 NVMe 해외구매,1TB,118460,9몰,118원/1GB
20165993,킹스톤 NV2 M.2 NVMe 해외구매,2TB,346680,1몰,173원/1GB
20166026,킹스톤 NV2 M.2 NVMe 해외구매,4TB,551340,2몰,138원/1GB
20179880,실리콘파워 UD90 M.2 NVMe 해외구매,1TB,122500,10몰,123원/1GB
20179940,실리콘파워 UD90 M.2 NVMe 해외구매,2TB,210600,1몰,105원/1GB
20222969,Western Digital WD SN740 M.2 NVMe 벌크,256GB,44810,30몰,175원/1GB
20232233,CORSAIR MP600 MINI M.2 2230 NVMe 해외구매,1TB,140600,43몰,141원/1GB
20268644,GIGABYTE AORUS Gen5 10000 M.2 NVMe 피씨디렉트,2TB,525000,1몰,263원/1GB
20308046,삼성전자 PM9B1 M.2 NVMe 벌크,1TB,204820,2몰,205원/1GB
20308067,삼성전자 PM9B1 M.2 NVMe 벌크,256GB,50000,77몰,195원/1GB
20321180,CORSAIR MP600 PRO NH M.2 NVMe 해외구매,500GB,199320,2몰,399원/1GB
20355632,마이크론 Crucial T700 히트싱크 M.2 NVMe 아스크텍,4TB,769500,8몰,192원/1GB
20355683,마이크론 Crucial T700 히트싱크 M.2 NVMe 아스크텍,2TB,388490,61몰,194원/1GB
20355827,마이크론 Crucial T700 히트싱크 M.2 NVMe 아스크텍,1TB,243590,58몰,244원/1GB
20356451,마이크론 Crucial T700 M.2 NVMe 대원씨티에스,4TB,718090,57몰,180원/1GB
20356454,마이크론 Crucial T700 M.2 NVMe 대원씨티에스,2TB,423630,6몰,212원/1GB
20356457,마이크론 Crucial T700 M.2 NVMe 대원씨티에스,1TB,262900,1몰,263원/1GB
20462714,MSI SPATIUM S270 해외구매,240GB,38320,19몰,160원/1GB
20462822,MSI SPATIUM S270 해외구매,480GB,43490,1몰,91원/1GB
20530139,실리콘파워 UD90 M.2 NVMe 해외구매,4TB,404700,4몰,101원/1GB
20539400,삼성전자 990 PRO 히트싱크 M.2 NVMe 해외구매,1TB,226160,19몰,226원/1GB
20539451,삼성전자 990 PRO 히트싱크 M.2 NVMe 해외구매,2TB,384990,5몰,192원/1GB
20600144,삼성전자 990 PRO 히트싱크 M.2 NVMe,1TB,299000,40몰,299원/1GB
20600147,삼성전자 990 PRO 히트싱크 M.2 NVMe,2TB,403850,42몰,202원/1GB
20612159,ESSENCORE KLEVV CRAS C930 M.2 NVMe,1TB,239520,36몰,240원/1GB
20612771,ESSENCORE KLEVV CRAS C930 M.2 NVMe,2TB,355000,2몰,178원/1GB
20685251,PNY CS900 해외구매,2TB,196910,14몰,98원/1GB
20687681,Seagate 파이어쿠다 540 M.2 NVMe,2TB,398500,24몰,199원/1GB
20687702,Seagate 파이어쿠다 540 M.2 NVMe,1TB,259000,18몰,259원/1GB
20693714,MSI SPATIUM M480 PRO M.2 NVMe,1TB,249235,63몰,249원/1GB
20753024,인네트워크 IN-PCIEX-M2NB M.2 NVMe to PCIe 확장 카드,,7350,83몰,
20753111,인네트워크 IN-PCIEX-M2NA M.2 NVMe to PCIe 확장 카드,,4800,89몰,
21193868,조이쿨 M.2 육각나사 세트,,890,43몰,
21429269,Western Digital WD BLACK SN850P 히트싱크 for PS5 M.2 NVMe,1TB,339000,2몰,339원/1GB
21429272,Western Digital WD BLACK SN850P 히트싱크 for PS5 M.2 NVMe,2TB,478500,1몰,239원/1GB
21429281,Western Digital WD Blue SA510,2TB,320000,101몰,160원/1GB
21441731,GIGABYTE AORUS Gen4 7300 M.2 NVMe 해외구매,1TB,142500,14몰,143원/1GB
21441779,GIGABYTE AORUS Gen4 7300 M.2 NVMe 해외구매,2TB,246800,11몰,123원/1GB
21482864,마이크론 Crucial P3 M.2 NVMe 해외구매,2TB,221160,4몰,111원/1GB
21572813,Western Digital WD BLACK SN850P 히트싱크 for PS5 M.2 NVMe 해외구매,1TB,216800,52몰,217원/1GB
21572825,Western Digital WD BLACK SN850P 히트싱크 for PS5 M.2 NVMe 해외구매,2TB,354400,19몰,177원/1GB
21648764,PATRIOT P220,128GB,40930,18몰,320원/1GB
21648812,PATRIOT P220,256GB,62880,6몰,246원/1GB
21648833,PATRIOT P220,512GB,110000,1몰,215원/1GB
21648875,PATRIOT P220,1TB,191910,20몰,192원/1GB
21648908,PATRIOT P220,2TB,377910,14몰,189원/1GB
21691025,Western Digital WD Blue SN580 M.2 NVMe,2TB,340000,1몰,170원/1GB
21691031,Western Digital WD Blue SN580 M.2 NVMe,1TB,237950,9몰,238원/1GB
21691043,Western Digital WD Blue SN580 M.2 NVMe,500GB,123950,4몰,248원/1GB
21691052,Western Digital WD Blue SN580 M.2 NVMe,250GB,120140,2몰,481원/1GB
21721961,Western Digital WD BLACK SN850P 히트싱크 for PS5 M.2 NVMe 해외구매,4TB,590100,10몰,148원/1GB
24704597,MSI SPATIUM M450 M.2 NVMe,1TB,199000,4몰,199원/1GB
24704669,MSI SPATIUM M450 M.2 NVMe,500GB,131500,1몰,263원/1GB
24708467,트랜센드 MTE300S M.2 2230 NVMe,1TB,263000,4몰,263원/1GB
27806333,Western Digital WD Blue SA510,4TB,508380,113몰,127원/1GB
27885494,마이크론 Crucial P3 M.2 NVMe 해외구매,500GB,84480,22몰,169원/1GB
28121732,GIGABYTE AORUS Gen5 12000 M.2 NVMe 제이씨현,1TB,279000,3몰,279원/1GB
28121825,GIGABYTE AORUS Gen5 12000 M.2 NVMe 제이씨현,2TB,449000,4몰,225원/1GB
28131875,삼성전자 990 PRO M.2 NVMe,4TB,695670,118몰,174원/1GB
28247900,이지넷유비쿼터스 NEXTU 화이듀 M2296PCIe M.2 to PCIe 변환 어댑터,,9690,167몰,
28249727,삼성전자 980 PRO 히트싱크 M.2 NVMe 해외구매,1TB,201000,8몰,201원/1GB
28335542,마이크론 Crucial P3 Plus M.2 NVMe 해외구매,1TB,120500,15몰,121원/1GB
28335590,마이크론 Crucial P3 Plus M.2 NVMe 해외구매,2TB,242590,15몰,121원/1GB
28335740,마이크론 Crucial P3 Plus M.2 NVMe 해외구매,4TB,444410,1몰,111원/1GB
28376822,Western Digital WD BLACK SN770M M.2 2230 NVMe 해외구매,500GB,109670,38몰,219원/1GB
28377929,MSI SPATIUM M480 PRO M.2 NVMe 해외구매,2TB,277720,14몰,139원/1GB
28394468,Western Digital WD SN740 M.2 NVMe 벌크,512GB,115000,6몰,225원/1GB
28399616,SK하이닉스 PC801 M.2 NVMe 벌크,512GB,114720,90몰,224원/1GB
28418183,실리콘파워 P34 A60 M.2 NVMe,2TB,403700,1몰,202원/1GB
28460444,MSI SPATIUM M480 PRO M.2 NVMe 해외구매,4TB,567750,4몰,142원/1GB
28478759,HP FX900 Pro M.2 NVMe,4TB,900000,1몰,225원/1GB
28515230,라이트컴 COMS SW522 M.2 SSD to PCIe 변환 어댑터,,5950,107몰,
28553285,삼성전자 990 PRO M.2 NVMe 해외구매,4TB,552390,25몰,138원/1GB
28771175,HIKSEMI FUTURE M.2 NVMe,4TB,536000,65몰,134원/1GB
28771220,HIKSEMI FUTURE M.2 NVMe,2TB,288500,71몰,144원/1GB
28771232,HIKSEMI FUTURE M.2 NVMe,1TB,177500,68몰,178원/1GB
28771262,HIKSEMI FUTURE M.2 NVMe,512GB,141000,64몰,275원/1GB
28772096,HIKSEMI Wave Pro(P) M.2 NVMe,256GB,65500,66몰,256원/1GB
28772405,HIKSEMI WAVE,512GB,96000,27몰,188원/1GB
28772462,HIKSEMI WAVE,256GB,53000,23몰,207원/1GB
28772480,HIKSEMI WAVE,128GB,35000,36몰,273원/1GB
29307863,트랜센드 MTE245S M.2 NVMe,2TB,339950,78몰,170원/1GB
29307890,트랜센드 MTE245S M.2 NVMe,1TB,184890,70몰,185원/1GB
29340407,트랜센드 MTE245S M.2 NVMe,500GB,109990,9몰,220원/1GB
29345393,키오시아 CL4-8D M.2 NVMe 벌크,256GB,50000,38몰,195원/1GB
29345780,Seagate 파이어쿠다 520N M.2 2230 NVMe,1TB,245700,8몰,246원/1GB
29345783,Seagate 파이어쿠다 520N M.2 2230 NVMe,2TB,304930,12몰,152원/1GB
29485325,SK하이닉스 BC901 M.2 2242 NVMe 벌크,256GB,49900,22몰,195원/1GB
29655617,마이크론 Crucial T500 M.2 NVMe 아스크텍,2TB,395000,115몰,198원/1GB
29655656,마이크론 Crucial T500 M.2 NVMe 아스크텍,1TB,239990,139몰,240원/1GB
29655680,마이크론 Crucial T500 M.2 NVMe 아스크텍,500GB,181980,38몰,364원/1GB
29659889,CORSAIR MP600 CORE MINI M.2 2230 NVMe,2TB,342000,2몰,171원/1GB
29661482,CORSAIR MP600 CORE MINI M.2 2230 NVMe,1TB,193900,4몰,194원/1GB
29666111,마이크론 Crucial T500 M.2 NVMe 대원씨티에스,1TB,254830,158몰,255원/1GB
29666195,마이크론 Crucial T500 M.2 NVMe 대원씨티에스,2TB,427440,131몰,214원/1GB
29666252,마이크론 Crucial T500 M.2 NVMe 대원씨티에스,500GB,149800,36몰,300원/1GB
29809250,라인업시스템 LANSTAR M.2 NVMe to PCIe 카드 (LS-PCIE-M2SSD),,5200,156몰,
29868269,Western Digital WD BLACK SN770M M.2 2230 NVMe,2TB,397930,7몰,199원/1GB
29868374,Western Digital WD BLACK SN770M M.2 2230 NVMe,1TB,269300,2몰,269원/1GB
29888369,Lexar NM790 M.2 NVMe,2TB,268390,18몰,134원/1GB
29888390,Lexar NM790 M.2 NVMe,4TB,517580,21몰,129원/1GB
29913368,삼성전자 990 PRO 히트싱크 M.2 NVMe 해외구매,4TB,592290,5몰,148원/1GB
29934866,Nextorage NEM-PA Series M.2 NVMe 해외구매,1TB,149000,3몰,149원/1GB
29934959,Nextorage NEM-PA Series M.2 NVMe 해외구매,2TB,229000,8몰,115원/1GB
29934980,Nextorage NEM-PA Series M.2 NVMe 해외구매,4TB,649000,1몰,162원/1GB
30008675,ADATA LEGEND 900 M.2 NVMe,2TB,475000,43몰,238원/1GB
30008744,ADATA LEGEND 900 M.2 NVMe,1TB,256000,39몰,256원/1GB
30008783,ADATA LEGEND 900 M.2 NVMe,512GB,142000,43몰,277원/1GB
30025547,CORSAIR MP600 CORE MINI M.2 2230 NVMe 해외구매,1TB,158790,14몰,159원/1GB
30025556,CORSAIR MP600 CORE MINI M.2 2230 NVMe 해외구매,2TB,290770,13몰,145원/1GB
30078635,Western Digital WD Blue SN580 M.2 NVMe 해외구매,250GB,99500,4몰,398원/1GB
30078653,Western Digital WD Blue SN580 M.2 NVMe 해외구매,500GB,99500,25몰,199원/1GB
30078671,Western Digital WD Blue SN580 M.2 NVMe 해외구매,1TB,137800,11몰,138원/1GB
30078689,Western Digital WD Blue SN580 M.2 NVMe 해외구매,2TB,252260,8몰,126원/1GB
30103469,Western Digital WD BLACK SN770M M.2 2230 NVMe 해외구매,1TB,165050,19몰,165원/1GB
30212315,마이크론 Crucial T500 M.2 NVMe 해외구매,500GB,140650,5몰,281원/1GB
30212384,마이크론 Crucial T500 M.2 NVMe 해외구매,1TB,173370,18몰,173원/1GB
30212411,마이크론 Crucial T500 M.2 NVMe 해외구매,2TB,264100,1몰,132원/1GB
30217520,트랜센드 MTE400S M.2 2242 NVMe,2TB,569990,4몰,285원/1GB
30230834,PNY XLR8 CS3150 히트싱크 ARGB M.2 NVMe,2TB,416000,1몰,208원/1GB
30231065,PNY CS3150 히트싱크 블랙 M.2 NVMe,2TB,402000,1몰,201원/1GB
30231230,PNY CS3150 히트싱크 화이트 M.2 NVMe,2TB,402000,1몰,201원/1GB
30237056,CORSAIR MP700 PRO with Air Cooler M.2 NVMe,2TB,604550,2몰,302원/1GB
30237116,CORSAIR MP700 PRO with Air Cooler M.2 NVMe,1TB,367250,2몰,367원/1GB
30247589,CORSAIR MP700 PRO M.2 NVMe,2TB,395000,23몰,198원/1GB
30271115,키오시아 EXCERIA PLUS G3 M.2 NVMe,1TB,174000,110몰,174원/1GB
30271118,키오시아 EXCERIA PLUS G3 M.2 NVMe,2TB,296000,109몰,148원/1GB
30498647,TERACLE T450 M.2 NVMe,2TB,242400,4몰,121원/1GB
30612962,삼성전자 990 PRO 히트싱크 M.2 NVMe,4TB,749800,25몰,187원/1GB
31080539,TERACLE T460 M.2 NVMe,4TB,475200,4몰,119원/1GB
31283690,Western Digital WD BLACK SN770M M.2 2230 NVMe 해외구매,2TB,273100,7몰,137원/1GB
31284086,Sandisk SSD PLUS M.2 NVMe,2TB,267870,13몰,134원/1GB
31284125,Sandisk SSD PLUS M.2 NVMe,1TB,159090,4몰,159원/1GB
31284176,Sandisk SSD PLUS M.2 NVMe,500GB,97480,25몰,195원/1GB
31284551,Sandisk Extreme M.2 NVMe,2TB,333770,13몰,167원/1GB
31284620,Sandisk Extreme M.2 NVMe,1TB,188830,45몰,189원/1GB
31284659,Sandisk Extreme M.2 NVMe,500GB,114930,4몰,230원/1GB
31950254,ADATA XPG GAMMIX S60 M.2 NVMe,2TB,312050,53몰,156원/1GB
31986509,삼성전자 990 PRO 히트싱크 M.2 NVMe 병행수입,1TB,723000,2몰,723원/1GB
31986575,GIGABYTE Gen3 2500E M.2 NVMe 피씨디렉트,2TB,246050,1몰,123원/1GB
31986578,GIGABYTE Gen3 2500E M.2 NVMe 피씨디렉트,1TB,151500,4몰,152원/1GB
32103443,MSI SPATIUM M480 PRO M.2 NVMe,2TB,324500,112몰,162원/1GB
32105957,MSI SPATIUM M480 PRO M.2 NVMe 해외구매,1TB,164300,30몰,164원/1GB
32673455,트랜센드 MTE410S M.2 2242 NVMe,2TB,569100,10몰,285원/1GB
32682920,트랜센드 MTE410S M.2 2242 NVMe,1TB,259990,76몰,260원/1GB
32690744,트랜센드 MTE410S M.2 2242 NVMe,512GB,140990,8몰,275원/1GB
33332441,HIKSEMI E100,1TB,127070,67몰,127원/1GB
33364364,타무즈 M740 M.2 NVMe 벌크,1TB,182710,34몰,183원/1GB
33364415,타무즈 M740 M.2 NVMe 벌크,256GB,63420,37몰,248원/1GB
33364421,타무즈 M740 M.2 NVMe 벌크,512GB,99820,85몰,195원/1GB
33369665,타무즈 RXK550 벌크,1TB,153160,58몰,153원/1GB
33369674,타무즈 RXK550 벌크,512GB,99230,83몰,194원/1GB
33369677,타무즈 RXK550 벌크,256GB,54080,81몰,211원/1GB
33369680,타무즈 RXK550 벌크,128GB,34930,23몰,273원/1GB
33410435,삼성전자 990 EVO M.2 NVMe,1TB,262000,3몰,262원/1GB
33410492,삼성전자 990 EVO M.2 NVMe,2TB,254820,3몰,127원/1GB
33421580,Lexar NM790 히트싱크 M.2 NVMe,2TB,274120,2몰,137원/1GB
33421589,Lexar NM790 히트싱크 M.2 NVMe,4TB,523400,18몰,131원/1GB
34388156,Sandisk SSD PLUS M.2 NVMe,250GB,57600,40몰,230원/1GB
34741487,CORSAIR MP600 ELITE 히트싱크 M.2 NVMe,2TB,295000,1몰,148원/1GB
34741574,CORSAIR MP600 ELITE M.2 NVMe,2TB,283000,1몰,142원/1GB
35225171,강원전자 넷메이트 M.2 NVMe to PCIe 카드 (NM-SRBM2),,6700,127몰,
35225798,GIGABYTE AORUS Gen4 5000E M.2 NVMe 피씨디렉트,1TB,255010,2몰,255원/1GB
35235131,MSI SPATIUM M460 M.2 NVMe,1TB,202760,1몰,203원/1GB
35235179,강원전자 넷메이트 M.2 NVMe to PCIe 카드 (NM-SRM2),,5100,146몰,
35815022,삼성전자 990 EVO M.2 NVMe 해외구매,1TB,187910,3몰,188원/1GB
35815025,삼성전자 990 EVO M.2 NVMe 해외구매,2TB,350610,2몰,175원/1GB
39089555,라이트컴 COMS 3.5형 HDD 케이스 (KS834),,6120,69몰,
39104663,Seagate 바라쿠다 PCIe M.2 NVMe,1TB,200000,5몰,200원/1GB
39104681,Seagate 바라쿠다 PCIe M.2 NVMe,500GB,166480,2몰,333원/1GB
39104891,Seagate 바라쿠다 520 M.2 NVMe,1024GB,230680,2몰,225원/1GB
40722593,타무즈 GKX570 mSATA 벌크,512GB,87780,75몰,171원/1GB
40722644,마이크론 Crucial T705 M.2 NVMe 해외구매,4TB,695470,1몰,174원/1GB
40722668,마이크론 Crucial T705 M.2 NVMe 해외구매,1TB,209000,42몰,209원/1GB
40895498,삼성전자 990 PRO 히트싱크 M.2 NVMe 병행수입,2TB,507120,2몰,254원/1GB
40997015,에이서 프레데터 GM7000 M.2 NVMe 해외구매,512GB,115160,7몰,225원/1GB
41030624,마이크론 Crucial T705 M.2 NVMe 아스크텍,4TB,901130,5몰,225원/1GB
41042150,마이크론 Crucial T705 M.2 NVMe 아스크텍,2TB,394110,8몰,197원/1GB
41045897,마이크론 Crucial T705 M.2 NVMe 아스크텍,1TB,287970,57몰,288원/1GB
41062217,마이크론 Crucial T705 히트싱크 M.2 NVMe 아스크텍,4TB,893260,2몰,223원/1GB
41069159,마이크론 Crucial T705 히트싱크 M.2 NVMe 아스크텍,2TB,501500,1몰,251원/1GB
41080160,마이크론 Crucial T705 히트싱크 M.2 NVMe 아스크텍,1TB,299550,53몰,300원/1GB
41264225,마이크론 Crucial T705 M.2 NVMe 대원씨티에스,4TB,870600,100몰,218원/1GB
41264228,마이크론 Crucial T705 M.2 NVMe 대원씨티에스,2TB,460630,94몰,230원/1GB
41264234,마이크론 Crucial T705 M.2 NVMe 대원씨티에스,1TB,280920,99몰,281원/1GB
41420363,삼성전자 990 PRO M.2 NVMe 병행수입,4TB,648440,38몰,162원/1GB
42940556,마이크론 Crucial T705 M.2 NVMe 해외구매,2TB,355130,2몰,178원/1GB
42945617,삼성전자 PM9B1 M.2 NVMe 병행수입,512GB,81400,1몰,159원/1GB
46675028,킹스톤 KC3000 M.2 NVMe 해외구매,512GB,118760,15몰,232원/1GB
46675070,킹스톤 KC3000 M.2 NVMe 해외구매,1TB,197000,3몰,192원/1GB
46675112,킹스톤 KC3000 M.2 NVMe 해외구매,2TB,300790,7몰,147원/1GB
46675127,킹스톤 KC3000 M.2 NVMe 해외구매,4TB,624900,3몰,153원/1GB
48000878,PNY CS2241 M.2 NVMe 해외구매,500GB,86600,7몰,173원/1GB
48001118,PNY CS2241 M.2 NVMe 해외구매,1TB,118580,13몰,119원/1GB
48001229,PNY CS2241 M.2 NVMe 해외구매,2TB,184200,3몰,92원/1GB
48001280,PNY CS2241 M.2 NVMe 해외구매,4TB,980400,2몰,245원/1GB
48648668,Seagate 바라쿠다 SATA SSD,240GB,62920,11몰,262원/1GB
48648692,Seagate 바라쿠다 SATA SSD,480GB,90000,2몰,188원/1GB
48648764,Seagate 바라쿠다 SATA SSD,960GB,143000,23몰,149원/1GB
48648797,Seagate 바라쿠다 SATA SSD,1.92TB,315640,75몰,164원/1GB
48648821,Seagate 바라쿠다 SATA SSD,3.84TB,482360,71몰,126원/1GB
49643303,에이서 프레데터 GM7000 M.2 NVMe 해외구매,1TB,161500,17몰,162원/1GB
49643315,에이서 프레데터 GM7000 M.2 NVMe 해외구매,2TB,231500,4몰,116원/1GB
49735940,Seagate NYTRO 1361,3.84TB,970000,61몰,253원/1GB
49736015,Seagate NYTRO 1361,1.92TB,533500,62몰,278원/1GB
49736108,Seagate NYTRO 1361,960GB,249000,59몰,259원/1GB
49736177,Seagate NYTRO 1361,480GB,213400,57몰,445원/1GB
49829882,에이서 프레데터 GM7000 M.2 NVMe 해외구매,4TB,503400,2몰,126원/1GB
49831514,SK하이닉스 BC901 M.2 2242 NVMe 벌크,512GB,110000,1몰,215원/1GB
52263614,마이크론 Crucial BX500 해외구매,4TB,350000,4몰,88원/1GB
53783060,CORSAIR MP700 PRO SE M.2 NVMe,4TB,725000,18몰,181원/1GB
54325391,마이크론 Crucial BX500 아스크텍,4TB,571990,15몰,143원/1GB
56138711,CORSAIR MP600 MINI M.2 2230 NVMe,2TB,319990,26몰,160원/1GB
56144663,ESSENCORE KLEVV CRAS C910 Lite M.2 NVMe 해외구매,500GB,100600,1몰,201원/1GB
56320007,CORSAIR MP600 MINI M.2 2230 NVMe 해외구매,2TB,295560,6몰,148원/1GB
57508163,SK하이닉스 BC901 M.2 NVMe 벌크,256GB,52200,37몰,204원/1GB
58029764,삼성전자 PM9B1 M.2 2242 NVMe 벌크,512GB,110000,47몰,215원/1GB
58119458,OWC U2 ShuttleOne M.2 NVMe to U.2 컨버터 서린,,59000,37몰,
58849022,ESSENCORE KLEVV CRAS C910 M.2 NVMe,2TB,324120,7몰,162원/1GB
58849154,ESSENCORE KLEVV CRAS C910 M.2 NVMe,1TB,210420,49몰,210원/1GB
58849172,ESSENCORE KLEVV CRAS C910 M.2 NVMe,500GB,112500,107몰,225원/1GB
59763380,Western Digital WD Blue SA510 해외구매,2TB,236500,12몰,118원/1GB
59928635,CORSAIR MP700 PRO SE with Air Cooler M.2 NVMe,4TB,778000,8몰,195원/1GB
59928809,CORSAIR MP700 PRO SE with Air Cooler M.2 NVMe,2TB,374000,7몰,187원/1GB
60235493,Western Digital WD Blue SN5000 M.2 NVMe 해외구매,1TB,118200,23몰,118원/1GB
60235607,Western Digital WD Blue SN5000 M.2 NVMe 해외구매,2TB,232400,11몰,116원/1GB
61421927,Western Digital WD Blue SA510 해외구매,4TB,423700,38몰,106원/1GB
61436288,Seagate 파이어쿠다 530R M.2 NVMe,4TB,889110,129몰,222원/1GB
61436369,Seagate 파이어쿠다 530R M.2 NVMe,2TB,496930,104몰,248원/1GB
61436447,Seagate 파이어쿠다 530R M.2 NVMe,1TB,276880,8몰,277원/1GB
61436567,Seagate 파이어쿠다 530R 히트싱크 M.2 NVMe,4TB,933800,164몰,233원/1GB
61436648,Seagate 파이어쿠다 530R 히트싱크 M.2 NVMe,2TB,383000,136몰,192원/1GB
61436678,Seagate 파이어쿠다 530R 히트싱크 M.2 NVMe,1TB,295000,8몰,295원/1GB
61545749,ESSENCORE KLEVV CRAS C910 M.2 NVMe 해외구매,1TB,194800,4몰,195원/1GB
61722041,마이크론 Crucial P310 M.2 2230 NVMe 해외구매,1TB,137970,27몰,138원/1GB
61722290,마이크론 Crucial P310 M.2 2230 NVMe 해외구매,2TB,345400,4몰,173원/1GB
61728101,Western Digital WD Blue SN5000 M.2 NVMe 해외구매,500GB,83600,32몰,167원/1GB
61729067,Western Digital WD Blue SN5000 M.2 NVMe 해외구매,4TB,457200,19몰,114원/1GB
61737086,CORSAIR MP600 PRO LPX M.2 NVMe 해외구매,4TB,573810,2몰,143원/1GB
61737440,CORSAIR MP600 PRO LPX M.2 NVMe 해외구매,8TB,1427990,2몰,178원/1GB
62174813,SK하이닉스 PC801 M.2 NVMe 벌크,1TB,232800,47몰,233원/1GB
62176130,Western Digital WD Blue SN5000 M.2 NVMe,4TB,574990,63몰,144원/1GB
62176193,Western Digital WD Blue SN5000 M.2 NVMe,2TB,298470,117몰,149원/1GB
62176211,Western Digital WD Blue SN5000 M.2 NVMe,1TB,181600,99몰,182원/1GB
62176226,Western Digital WD Blue SN5000 M.2 NVMe,500GB,119960,105몰,240원/1GB
62641895,KingBank KP200 Plus M.2 NVMe 해외구매,512GB,81700,12몰,160원/1GB
62653439,SK하이닉스 Platinum P41 M.2 NVMe 병행수입,1TB,300000,10몰,300원/1GB
62653445,SK하이닉스 Platinum P41 M.2 NVMe 병행수입,2TB,373440,10몰,187원/1GB
63036680,서진네트웍스 UNICORN 2.5인치 HDD 듀얼 컨버터 케이블 (FD-900D),,8040,159몰,
63142019,ORICO J-20 M.2 NVMe,4TB,616920,4몰,154원/1GB
63142034,ORICO J-20 M.2 NVMe,2TB,284390,19몰,142원/1GB
63142070,ORICO J-20 M.2 NVMe,1TB,170100,4몰,170원/1GB
63142121,ORICO J-20 M.2 NVMe,512GB,89327,11몰,174원/1GB
63424208,마이크론 Crucial MX500 해외구매,4TB,533900,1몰,133원/1GB
63464978,킹스톤 NV3 M.2 NVMe 해외구매,500GB,87900,25몰,176원/1GB
63465008,킹스톤 NV3 M.2 NVMe 해외구매,1TB,122350,16몰,122원/1GB
64465940,Western Digital WD BLACK SN850P 히트싱크 for PS5 M.2 NVMe 해외구매,8TB,1170400,8몰,146원/1GB
64466078,Western Digital WD BLACK SN850X M.2 NVMe 해외구매,8TB,1325490,6몰,166원/1GB
65223116,J&A LEVEN JS600 해외구매,512GB,69360,2몰,135원/1GB
65356601,비즈텍 TREAVE VS200,1TB,143600,43몰,144원/1GB
65356619,비즈텍 TREAVE VS200,512GB,82150,76몰,160원/1GB
65356643,비즈텍 TREAVE VS200,256GB,47320,44몰,185원/1GB
65356652,비즈텍 TREAVE VS200,128GB,27380,34몰,214원/1GB
65357123,비즈텍 TREAVE VN300 M.2 NVMe,2TB,290940,44몰,145원/1GB
65357132,비즈텍 TREAVE VN300 M.2 NVMe,512GB,97800,8몰,191원/1GB
65357162,비즈텍 TREAVE VN200 M.2 NVMe,1TB,174810,75몰,175원/1GB
65357183,비즈텍 TREAVE VN200 M.2 NVMe,512GB,105750,63몰,207원/1GB
65357192,비즈텍 TREAVE VN200 M.2 NVMe,256GB,67800,3몰,265원/1GB
65921606,킹스톤 NV3 M.2 NVMe 해외구매,2TB,334850,2몰,167원/1GB
65921864,마이크론 Crucial T500 M.2 NVMe 해외구매,4TB,665890,1몰,166원/1GB
66139043,인텔 D3-S4510,7.68TB,2662000,1몰,347원/1GB
66504866,ESSENCORE KLEVV CRAS C910 M.2 NVMe 해외구매,2TB,209500,2몰,105원/1GB
67372967,마이크론 Crucial T500 M.2 NVMe 아스크텍,4TB,602370,83몰,151원/1GB
67373033,마이크론 Crucial T500 M.2 NVMe 대원씨티에스,4TB,620650,30몰,155원/1GB
67627088,삼성전자 PM9A1a M.2 NVMe 벌크,1TB,218700,12몰,219원/1GB
67847015,HIKSEMI FUTURE Lite M.2 NVMe,1TB,164000,57몰,164원/1GB
67852850,마이크론 Crucial P310 M.2 NVMe 아스크텍,2TB,299940,139몰,150원/1GB
67852853,마이크론 Crucial P310 M.2 NVMe 아스크텍,1TB,159500,93몰,160원/1GB
67852859,마이크론 Crucial P310 M.2 NVMe 아스크텍,500GB,108960,64몰,218원/1GB
67852955,마이크론 Crucial P310 M.2 NVMe 대원씨티에스,2TB,313180,136몰,157원/1GB
67852961,마이크론 Crucial P310 M.2 NVMe 대원씨티에스,1TB,175390,103몰,175원/1GB
67852964,마이크론 Crucial P310 M.2 NVMe 대원씨티에스,500GB,109900,40몰,220원/1GB
67980758,Western Digital WD BLACK SN850X 히트싱크 M.2 NVMe 해외구매,4TB,645140,5몰,161원/1GB
68244071,마이크론 Crucial P310 M.2 NVMe 해외구매,500GB,87300,13몰,175원/1GB
68244089,마이크론 Crucial P310 M.2 NVMe 해외구매,1TB,805200,1몰,805원/1GB
68244098,마이크론 Crucial P310 M.2 NVMe 해외구매,2TB,271400,4몰,136원/1GB
68246588,ESSENCORE KLEVV CRAS C910 M.2 NVMe 해외구매,500GB,82300,4몰,165원/1GB
68364578,Western Digital WD BLACK SN850X 히트싱크 M.2 NVMe 해외구매,8TB,1371550,6몰,171원/1GB
68789954,트랜센드 MTE310S M.2 2230 NVMe,1TB,310570,10몰,311원/1GB
68790020,트랜센드 MTE310S M.2 2230 NVMe,512GB,172630,5몰,337원/1GB
68915633,트랜센드 MTE245S M.2 NVMe,250GB,73880,1몰,296원/1GB
69469679,J&A LEVEN JS600 해외구매,4TB,320000,5몰,80원/1GB
69656300,솔리다임 P44 Pro M.2 NVMe 벌크,2TB,359000,85몰,180원/1GB
69656321,솔리다임 P44 Pro M.2 NVMe 벌크,1TB,430510,1몰,431원/1GB
69656366,솔리다임 P44 Pro M.2 NVMe 벌크,512GB,146990,4몰,287원/1GB
69657203,삼성전자 990 EVO Plus M.2 NVMe 해외구매,1TB,162200,22몰,162원/1GB
69660332,ESSENCORE KLEVV CRAS C715 M.2 NVMe,512GB,104920,89몰,205원/1GB
69660347,ESSENCORE KLEVV CRAS C715 M.2 NVMe,1TB,190850,96몰,191원/1GB
69696692,Western Digital WD Green SN350 M.2 NVMe 해외구매,250GB,75940,21몰,304원/1GB
69869543,삼성전자 990 EVO Plus M.2 NVMe,1TB,261000,68몰,261원/1GB
69869573,삼성전자 990 EVO Plus M.2 NVMe,2TB,375940,90몰,188원/1GB
69869606,삼성전자 990 EVO Plus M.2 NVMe,4TB,647970,141몰,162원/1GB
70250720,ESSENCORE KLEVV CRAS C910 M.2 NVMe,4TB,774110,76몰,194원/1GB
70251908,Western Digital WD Green SN350 M.2 NVMe 해외구매,2TB,226100,6몰,113원/1GB
70675187,Lexar NM620 M.2 NVMe 해외구매,2TB,206510,1몰,103원/1GB
71012951,삼성전자 PM9C1 M.2 NVMe 벌크,512GB,95060,81몰,186원/1GB
71062307,삼성전자 990 EVO Plus M.2 NVMe 해외구매,2TB,269490,15몰,135원/1GB
71427278,COLORFUL CN700 PRO M.2 NVMe 디앤디컴,1TB,198160,62몰,198원/1GB
71506187,삼성전자 990 EVO Plus M.2 NVMe 해외구매,4TB,485590,9몰,121원/1GB
71644874,Western Digital WD BLACK SN850X 히트싱크 M.2 NVMe,8TB,1370720,84몰,171원/1GB
71906102,Western Digital WD BLACK SN850X M.2 NVMe,8TB,1299490,99몰,162원/1GB
72310385,Western Digital WD BLACK SN7100 M.2 NVMe 해외구매,500GB,118790,49몰,238원/1GB
72310637,Western Digital WD BLACK SN7100 M.2 NVMe 해외구매,1TB,167900,18몰,168원/1GB
72310649,Western Digital WD BLACK SN7100 M.2 NVMe 해외구매,2TB,282600,12몰,141원/1GB
72419789,삼성전자 PM9B1 M.2 NVMe 병행수입,256GB,80000,2몰,313원/1GB
72720374,ESSENCORE KLEVV GENUINE G560 M.2 NVMe,4TB,875230,57몰,219원/1GB
72720410,ESSENCORE KLEVV GENUINE G560 M.2 NVMe,2TB,489630,64몰,245원/1GB
72720440,ESSENCORE KLEVV GENUINE G560 M.2 NVMe,1TB,280690,66몰,281원/1GB
72823133,SK하이닉스 Platinum P51 M.2 NVMe,2TB,505000,41몰,253원/1GB
72823220,SK하이닉스 Platinum P51 M.2 NVMe,1TB,321500,37몰,322원/1GB
72823238,SK하이닉스 Platinum P51 M.2 NVMe,500GB,400000,1몰,800원/1GB
72912572,비즈텍 TREAVE VN250D M.2 NVMe,1TB,188990,65몰,189원/1GB
73121480,화웨이 eKitStor Xtreme 200E M.2 NVMe,1TB,173000,88몰,173원/1GB
73121489,화웨이 eKitStor Xtreme 200E M.2 NVMe,512GB,109000,1몰,213원/1GB
73121843,비즈텍 TREAVE VN200 M.2 NVMe,128GB,25200,34몰,197원/1GB
73328651,Western Digital WD Green SN350 M.2 NVMe 해외구매,500GB,91460,16몰,183원/1GB
73560464,HIKSEMI FUTURE Lite M.2 NVMe,512GB,121500,64몰,237원/1GB
73615685,Addlink A93 M.2 NVMe 해외구매,1TB,132300,2몰,132원/1GB
73615742,Addlink A93 M.2 NVMe 해외구매,2TB,368320,1몰,184원/1GB
73615787,Addlink A93 M.2 NVMe 해외구매,4TB,387500,5몰,97원/1GB
73691870,타무즈 M750D M.2 NVMe,1TB,171180,7몰,171원/1GB
73691885,타무즈 M750D M.2 NVMe,512GB,186010,3몰,363원/1GB
74052506,Western Digital WD BLACK SN850X 히트싱크 M.2 NVMe,4TB,738000,85몰,185원/1GB
74055227,Western Digital WD Blue SA510 해외구매,500GB,92900,10몰,186원/1GB
74055824,Western Digital WD Blue SA510 해외구매,1TB,114800,22몰,115원/1GB
74055905,Western Digital WD Blue SA510 해외구매,250GB,66460,24몰,266원/1GB
74056328,트랜센드 MTE310S M.2 2230 NVMe,2TB,579750,9몰,290원/1GB
74056484,키오시아 EXCERIA PLUS G4 M.2 NVMe,2TB,374970,138몰,187원/1GB
74056493,키오시아 EXCERIA PLUS G4 M.2 NVMe,1TB,217000,144몰,217원/1GB
74118173,Western Digital WD BLACK SN7100 M.2 NVMe,2TB,283630,15몰,142원/1GB
74118179,Western Digital WD BLACK SN7100 M.2 NVMe,1TB,194960,74몰,195원/1GB
74118188,Western Digital WD BLACK SN7100 M.2 NVMe,500GB,140800,1몰,282원/1GB
74971610,키오시아 EXCERIA 히트싱크 M.2 NVMe,1TB,210000,15몰,210원/1GB
74971640,키오시아 EXCERIA 히트싱크 M.2 NVMe,2TB,267830,75몰,134원/1GB
75001856,Western Digital WD BLACK SN7100 M.2 NVMe,4TB,663780,12몰,166원/1GB
75465446,인네트워크 IN-325ST USB to SATA 컨버터,,4800,78몰,
75471959,Fanxiang S500 Pro M.2 NVMe 병행수입,512GB,104500,1몰,204원/1GB
75931958,GIGABYTE Gen4 4000E M.2 NVMe 제이씨현,500GB,108000,46몰,216원/1GB
76509452,PATRIOT P220 QLC,128GB,40990,77몰,320원/1GB
76509512,PATRIOT P220 QLC,256GB,62910,67몰,246원/1GB
76509518,PATRIOT P220 QLC,512GB,110000,4몰,215원/1GB
76509521,PATRIOT P220 QLC,1TB,191990,81몰,192원/1GB
76509536,PATRIOT P220 QLC,2TB,358000,87몰,179원/1GB
76512914,ADATA Ultimate SU650,2TB,241020,61몰,121원/1GB
76871675,삼성전자 PM9A1a M.2 NVMe 병행수입,2TB,500000,1몰,250원/1GB
76871684,삼성전자 PM9A1a M.2 NVMe 병행수입,1TB,235400,98몰,235원/1GB
76875284,PATRIOT P400 Lite M.2 NVMe,2TB,399940,89몰,200원/1GB
76875299,PATRIOT P400 Lite M.2 NVMe,4TB,800000,1몰,200원/1GB
76875305,PATRIOT P400 Lite M.2 NVMe,1TB,206990,89몰,207원/1GB
76875311,PATRIOT P400 Lite M.2 NVMe,500GB,121000,106몰,242원/1GB
76942400,엠씨케이글로벌 OUTTON MK-500 LITE mSATA 벌크,512GB,88800,32몰,173원/1GB
76942418,엠씨케이글로벌 OUTTON MK-500 LITE mSATA 벌크,256GB,53350,39몰,208원/1GB
77282546,MG BX3522 하드보관함,,48400,53몰,
77624759,파이슨 ESO256GHLCJ-EL1 M.2 NVMe 벌크,256GB,38900,81몰,152원/1GB
77965343,트랜센드 MTE255S M.2 NVMe,2TB,388730,72몰,194원/1GB
77965361,트랜센드 MTE255S M.2 NVMe,1TB,201690,65몰,202원/1GB
78173954,MSI SPATIUM M450 V1 M.2 NVMe,1TB,194471,47몰,194원/1GB
78234926,Union Memory AM6A0 M.2 2242 NVMe 벌크,256GB,35900,6몰,140원/1GB
78611906,Western Digital WD BLACK SN7100 M.2 NVMe 해외구매,4TB,458400,30몰,115원/1GB
78615518,삼성전자 9100 PRO M.2 NVMe 해외구매,2TB,405050,27몰,203원/1GB
78716702,삼성전자 9100 PRO M.2 NVMe,1TB,351910,89몰,352원/1GB
78716720,삼성전자 9100 PRO M.2 NVMe,2TB,478970,83몰,239원/1GB
78716747,삼성전자 9100 PRO 히트싱크 M.2 NVMe,2TB,489200,20몰,245원/1GB
78716753,삼성전자 9100 PRO 히트싱크 M.2 NVMe,1TB,338580,30몰,339원/1GB
78716759,삼성전자 9100 PRO M.2 NVMe,4TB,910930,42몰,228원/1GB
78716765,삼성전자 9100 PRO 히트싱크 M.2 NVMe,4TB,897000,15몰,224원/1GB
78785120,삼성전자 PM9B1 M.2 2242 NVMe 병행수입,512GB,128510,58몰,251원/1GB
78844796,BIWIN NV7200 M.2 NVMe 해외구매,4TB,636120,1몰,159원/1GB
78844844,BIWIN NV7200 M.2 NVMe 해외구매,2TB,204670,6몰,102원/1GB
79116782,라이트컴 COMS BF468 M.2 to SATA 컨버터,,4250,7몰,
79250330,ADATA LEGEND 860 M.2 NVMe,1TB,252000,84몰,252원/1GB
79385432,삼성전자 9100 PRO M.2 NVMe 해외구매,4TB,823900,4몰,206원/1GB
79395908,ADATA LEGEND 710 M.2 NVMe 파인인포,1TB,240130,89몰,240원/1GB
79396127,ADATA LEGEND 710 M.2 NVMe 파인인포,2TB,199000,1몰,100원/1GB
79396181,ADATA LEGEND 710 M.2 NVMe 파인인포,512GB,123820,92몰,242원/1GB
79396202,ADATA LEGEND 710 M.2 NVMe 파인인포,256GB,69000,65몰,270원/1GB
79398290,GIGABYTE AORUS Gen4 7300 V2 M.2 NVMe 제이씨현,1TB,239580,40몰,240원/1GB
79401872,ADATA LEGEND 860 M.2 NVMe,2TB,369000,80몰,185원/1GB
79402016,ADATA LEGEND 900 M.2 NVMe 파인인포,2TB,319000,81몰,160원/1GB
79402034,ADATA LEGEND 900 M.2 NVMe 파인인포,1TB,219000,85몰,219원/1GB
79402061,ADATA LEGEND 900 M.2 NVMe 파인인포,512GB,114580,81몰,224원/1GB
79402202,ADATA Ultimate SU650 M.2 SATA 파인인포,1TB,210000,15몰,210원/1GB
79402295,ADATA Ultimate SU650 M.2 SATA 파인인포,512GB,110000,15몰,215원/1GB
79402328,ADATA Ultimate SU650 M.2 SATA 파인인포,256GB,72000,15몰,281원/1GB
79516931,키오시아 EXCERIA PLUS G4 M.2 NVMe 해외구매,2TB,453360,6몰,227원/1GB
79518806,키오시아 EXCERIA PLUS G4 M.2 NVMe 해외구매,1TB,262480,21몰,262원/1GB
79551269,라이트컴 COMS BF469 mSATA + M.2 to SATA3 컨버터,,7040,26몰,
79792412,삼성전자 9100 PRO M.2 NVMe 해외구매,1TB,262100,24몰,262원/1GB
79858334,라이트컴 COMS IH795 2230 to 2280 변환 어댑터,,8880,70몰,
86437109,삼성전자 PM9C1a M.2 NVMe 벌크,256GB,65000,3몰,254원/1GB
87424547,Fanxiang S880 M.2 NVMe 병행수입,2TB,298500,1몰,149원/1GB
87490259,Fanxiang S500 Pro M.2 NVMe 병행수입,1TB,196500,1몰,197원/1GB
87535196,Fanxiang S500 Pro M.2 NVMe 병행수입,2TB,241250,1몰,121원/1GB
87589655,Fanxiang S690Q M.2 NVMe 병행수입,2TB,256000,1몰,128원/1GB
87698144,Lexar NS100,1TB,116100,5몰,116원/1GB
88133846,ADATA XPG MARS 980 BLADE M.2 NVMe,2TB,393960,74몰,197원/1GB
88133900,ADATA XPG MARS 980 BLADE M.2 NVMe,1TB,284970,80몰,285원/1GB
88136762,RiTEK RiDATA E801 M.2 NVMe 해외구매,1TB,102790,2몰,103원/1GB
88233152,Lexar NQ100 해외구매,960GB,189540,1몰,197원/1GB
88233278,Lexar NQ100 해외구매,1.92TB,142800,1몰,74원/1GB
89601836,마이크론 Crucial P510 M.2 NVMe 해외구매,2TB,483230,1몰,242원/1GB
89729828,마이크론 Crucial P310 M.2 NVMe 해외구매,4TB,510510,2몰,128원/1GB
89862719,Lexar NS100,2TB,193570,4몰,97원/1GB
90116597,SK하이닉스 Silver S32,2TB,319000,23몰,160원/1GB
90116603,SK하이닉스 Silver S32,1TB,184000,11몰,184원/1GB
90116615,SK하이닉스 Silver S32,500GB,113000,11몰,226원/1GB
90156695,SK하이닉스 Gold P42 M.2 NVMe,500GB,300000,2몰,600원/1GB
90156950,킹스톤 FURY Renegade G5 M.2 NVMe 해외구매,1TB,299470,24몰,292원/1GB
90433049,킹스톤 FURY Renegade G5 M.2 NVMe 해외구매,2TB,473090,5몰,231원/1GB
90891002,Fanxiang S880 M.2 NVMe 병행수입,4TB,427800,1몰,107원/1GB
90891023,Fanxiang S880 M.2 NVMe 병행수입,1TB,156800,1몰,157원/1GB
91039202,마이크론 Crucial P510 M.2 NVMe 아스크텍,2TB,352700,30몰,176원/1GB
91039226,마이크론 Crucial P510 M.2 NVMe 아스크텍,1TB,195720,19몰,196원/1GB
91114766,SK하이닉스 Platinum P51 M.2 NVMe 해외구매,2TB,448220,15몰,224원/1GB
91114781,SK하이닉스 Platinum P51 M.2 NVMe 해외구매,1TB,283650,11몰,284원/1GB
91114985,마이크론 Crucial P310 M.2 NVMe 아스크텍,4TB,565710,18몰,141원/1GB
91423493,TeamGroup MS30 M.2 SATA 해외구매,2TB,214700,5몰,107원/1GB
91424435,MSI SPATIUM M450 V1 M.2 NVMe,500GB,111765,15몰,224원/1GB
91494878,마이크론 Crucial P510 M.2 NVMe 대원씨티에스,2TB,370790,76몰,185원/1GB
91494944,마이크론 Crucial P510 M.2 NVMe 대원씨티에스,1TB,205330,74몰,205원/1GB
91765991,타무즈 M820 M.2 NVMe,1TB,121160,2몰,121원/1GB
92184953,Western Digital WD BLACK SN8100 M.2 NVMe,4TB,787670,67몰,197원/1GB
92186342,Western Digital WD BLACK SN8100 M.2 NVMe,2TB,431990,104몰,216원/1GB
92186393,Western Digital WD BLACK SN8100 M.2 NVMe,1TB,286150,128몰,286원/1GB
92358110,마이크론 Crucial P510 M.2 NVMe 해외구매,1TB,207150,5몰,207원/1GB
92621405,킹스톤 FURY Renegade G5 M.2 NVMe 해외구매,4TB,1023710,1몰,250원/1GB
92686784,키오시아 XG7 M.2 NVMe 벌크,4TB,592450,54몰,148원/1GB
92966705,마이크론 3500 M.2 NVMe 벌크,512GB,118240,9몰,231원/1GB
92970176,타무즈 MX400 mSATA 벌크,1TB,125000,56몰,125원/1GB
92970209,타무즈 MX400 mSATA 벌크,512GB,71990,55몰,141원/1GB
92970245,타무즈 MX400 mSATA 벌크,128GB,34260,56몰,268원/1GB
93074372,ESSENCORE KLEVV CRAS C925 M.2 NVMe,1TB,222000,1몰,222원/1GB
93319112,라이트컴 COMS IH794 2230 to 2280 컨버터,,5600,79몰,
93440663,MSI SPATIUM M560 M.2 NVMe,1TB,348220,55몰,348원/1GB
93442439,마이크론 Crucial T710 M.2 NVMe 아스크텍,4TB,904990,71몰,226원/1GB
93442568,마이크론 Crucial T710 M.2 NVMe 아스크텍,2TB,513630,72몰,257원/1GB
93442589,마이크론 Crucial T710 M.2 NVMe 아스크텍,1TB,318290,60몰,318원/1GB
93499577,마이크론 Crucial T710 M.2 NVMe 대원씨티에스,4TB,909870,84몰,227원/1GB
93499589,마이크론 Crucial T710 M.2 NVMe 대원씨티에스,2TB,418910,89몰,209원/1GB
93499598,마이크론 Crucial T710 M.2 NVMe 대원씨티에스,1TB,283990,89몰,284원/1GB
93628586,킹스톤 NV3 M.2 2230 NVMe 해외구매,500GB,104500,19몰,209원/1GB
93628601,킹스톤 NV3 M.2 2230 NVMe 해외구매,1TB,132670,25몰,133원/1GB
93628607,킹스톤 NV3 M.2 2230 NVMe 해외구매,2TB,271900,2몰,136원/1GB
93630398,PNY CS900 해외구매,250GB,34530,8몰,138원/1GB
93700160,인네트워크 IN-ST3025 USB to SATA 컨버터,,4500,76몰,
93859979,삼성전자 PM9A1a M.2 NVMe 벌크,512GB,138790,72몰,271원/1GB
94129874,PNY CS900 해외구매,4TB,995600,2몰,249원/1GB
94811477,트랜센드 MTE260S M.2 NVMe,2TB,622000,3몰,311원/1GB
94814663,ESSENCORE KLEVV CRAS C925G M.2 NVMe,2TB,394420,70몰,197원/1GB
94814699,ESSENCORE KLEVV CRAS C925G M.2 NVMe,1TB,222000,23몰,222원/1GB
94814912,ESSENCORE KLEVV CRAS C925G M.2 NVMe,500GB,127990,52몰,256원/1GB
95000048,Western Digital WD GREEN SSD,2TB,223510,14몰,112원/1GB
95000072,Western Digital WD GREEN SSD,250GB,64500,12몰,258원/1GB
95000096,Western Digital WD GREEN SSD,500GB,94990,56몰,190원/1GB
95282774,키오시아 CL4-8D M.2 NVMe 벌크,512GB,83000,8몰,162원/1GB
95424329,BIWIN M100,128GB,121200,3몰,947원/1GB
95424425,BIWIN M100,256GB,63020,81몰,246원/1GB
95424440,BIWIN M100,512GB,96000,85몰,188원/1GB
95424686,BIWIN Black Opal X570 PRO M.2 NVMe,1TB,227920,75몰,228원/1GB
95424707,BIWIN Black Opal X570 PRO M.2 NVMe,2TB,378270,56몰,189원/1GB
95424731,BIWIN Black Opal X570 PRO M.2 NVMe,4TB,790520,74몰,198원/1GB
95520998,MSI SPATIUM S270 해외구매,960GB,147830,1몰,154원/1GB
95847257,라이트컴 COMS JA023 USB C to SATA 컨버터,,9500,54몰,
95849288,AGI AI818 M.2 NVMe,2TB,239900,55몰,120원/1GB
95849339,AGI AI818 M.2 NVMe,1TB,185000,50몰,185원/1GB
95849606,AGI AI838 M.2 NVMe,1TB,250000,50몰,250원/1GB
96366197,마이크론 Crucial E100 M.2 NVMe 대원씨티에스,480GB,102290,46몰,213원/1GB
96366221,마이크론 Crucial E100 M.2 NVMe 대원씨티에스,1TB,164900,92몰,165원/1GB
96366248,마이크론 Crucial E100 M.2 NVMe 대원씨티에스,2TB,303190,63몰,152원/1GB
96423437,타무즈 RXK550 벌크,2TB,244020,59몰,122원/1GB
96423518,마이크론 Crucial E100 M.2 NVMe 아스크텍,2TB,278380,64몰,139원/1GB
96423551,마이크론 Crucial E100 M.2 NVMe 아스크텍,1TB,145000,71몰,145원/1GB
96423563,마이크론 Crucial E100 M.2 NVMe 아스크텍,480GB,103000,5몰,215원/1GB
96580466,실리콘파워 UD90 M.2 NVMe 해외구매,500GB,80800,4몰,162원/1GB
96582080,TWSC CUSU CV3500 M.2 NVMe,2TB,269000,40몰,135원/1GB
96582128,TWSC CUSU CV3500 M.2 NVMe,256GB,56700,45몰,221원/1GB
96649172,트랜센드 MTE260S M.2 NVMe,1TB,260980,56몰,261원/1GB
96772562,킹스톤 NV3 M.2 NVMe,2TB,317230,55몰,159원/1GB
96772595,킹스톤 NV3 M.2 NVMe,1TB,170410,57몰,170원/1GB
96772631,킹스톤 NV3 M.2 NVMe,500GB,118900,52몰,238원/1GB
96772838,킹스톤 FURY Renegade G5 M.2 NVMe,4TB,818860,46몰,200원/1GB
96773027,킹스톤 KC3000 M.2 NVMe,4TB,783580,61몰,191원/1GB
96773093,킹스톤 KC3000 M.2 NVMe,2TB,411200,59몰,201원/1GB
96773120,킹스톤 FURY Renegade G5 M.2 NVMe,2TB,424450,55몰,207원/1GB
96773153,킹스톤 FURY Renegade G5 M.2 NVMe,1TB,260420,55몰,254원/1GB
96773165,킹스톤 KC3000 M.2 NVMe,1TB,246620,66몰,241원/1GB
96773204,킹스톤 KC3000 M.2 NVMe,512GB,177560,56몰,347원/1GB
96853913,Western Digital WD Blue SN5100 M.2 NVMe,500GB,121440,57몰,243원/1GB
96853946,Western Digital WD Blue SN5100 M.2 NVMe,1TB,186920,84몰,187원/1GB
96853958,Western Digital WD Blue SN5100 M.2 NVMe,2TB,298800,62몰,149원/1GB
96854075,Western Digital WD Blue SN5100 M.2 NVMe 해외구매,500GB,95230,39몰,190원/1GB
96854129,Western Digital WD Blue SN5100 M.2 NVMe 해외구매,1TB,125450,17몰,125원/1GB
96854213,Western Digital WD Blue SN5100 M.2 NVMe 해외구매,2TB,249000,16몰,125원/1GB
96979466,삼성전자 PM9C1b M.2 NVMe 병행수입,512GB,122070,7몰,238원/1GB
96979484,삼성전자 PM9C1b M.2 NVMe 병행수입,1TB,245000,2몰,239원/1GB
97112444,삼성전자 PM9C1 M.2 NVMe 벌크,256GB,54220,37몰,212원/1GB
97225262,TWSC CUSU C300,256GB,65000,46몰,254원/1GB
97225271,TWSC CUSU C300,512GB,102000,43몰,199원/1GB
97225280,TWSC CUSU C300,1TB,199990,45몰,200원/1GB
97225286,TWSC CUSU C300,2TB,349990,44몰,175원/1GB
97308587,Western Digital WD GREEN SSD 중고,240GB,28810,2몰,120원/1GB
97408457,Western Digital WD SN5000S M.2 NVMe 벌크,512GB,98000,14몰,191원/1GB
97473902,삼성전자 PM9A1a M.2 NVMe 병행수입,512GB,150870,48몰,295원/1GB
97703027,SK하이닉스 Platinum P41 M.2 NVMe 병행수입,500GB,199000,1몰,398원/1GB
97838573,SK하이닉스 BC901 M.2 NVMe 벌크,512GB,97000,8몰,189원/1GB
97839017,삼성전자 980 PRO M.2 NVMe 중고,1TB,186000,1몰,186원/1GB
98085782,삼성전자 870 EVO 중고,250GB,48500,12몰,194원/1GB
98085815,삼성전자 870 EVO 중고,1TB,193440,7몰,193원/1GB
98226905,GIGABYTE Gen4 4000E M.2 NVMe 피씨디렉트,500GB,105960,31몰,212원/1GB
98228288,삼성전자 9100 PRO M.2 NVMe,8TB,1656990,62몰,207원/1GB
98230388,삼성전자 9100 PRO 히트싱크 M.2 NVMe,8TB,1720530,46몰,215원/1GB
98240975,Seagate 파이어쿠다 530 M.2 NVMe 중고,1TB,484990,2몰,485원/1GB
98242505,ESSENCORE KLEVV CRAS C910G M.2 NVMe,1TB,210210,65몰,210원/1GB
98242532,ESSENCORE KLEVV CRAS C910G M.2 NVMe,2TB,387990,44몰,194원/1GB
98409926,라이트컴 COMS IF863 M.2 NVMe to PCIe 변환 컨버터,,8410,42몰,
98590820,삼성전자 870 EVO 중고,500GB,119710,8몰,239원/1GB
98768141,Western Digital WD Blue SN5100 M.2 NVMe 해외구매,4TB,464070,4몰,116원/1GB
98777888,BIWIN M100,1TB,169720,89몰,170원/1GB
98777909,BIWIN M100,2TB,240500,81몰,120원/1GB
98782121,삼성전자 PM9A1 M.2 NVMe 중고,1TB,290000,2몰,290원/1GB
99125576,키오시아 EXCERIA 히트싱크 M.2 NVMe,4TB,571330,59몰,143원/1GB
99126485,라이트컴 COMS TB448 M.2 NVMe to PCIe 변환 컨버터,,7180,70몰,
99126662,TWSC CUSU CV5000 M.2 NVMe,512GB,114990,38몰,225원/1GB
99126695,TWSC CUSU CV5000 M.2 NVMe,1TB,195500,51몰,196원/1GB
99290219,마이크론 Crucial MX500 중고,2TB,193900,2몰,97원/1GB
99290324,마이크론 Crucial MX500 중고,1TB,138260,4몰,138원/1GB
99320654,라이트컴 COMS HA032 M.2 NVMe to PCIe 카드,,5950,19몰,
99481721,Fanxiang S101,128GB,32710,19몰,256원/1GB
99481724,Fanxiang S101,256GB,56070,19몰,219원/1GB
99742436,삼성전자 PM9C1a M.2 NVMe 벌크,512GB,100000,1몰,195원/1GB
99742928,라이트컴 COMS SW545 M.2 NVMe to PCIe 변환 컨버터,,13790,53몰,
99746318,Western Digital WD Blue SN5100 M.2 NVMe,4TB,519150,59몰,130원/1GB
99943991,BIWIN M350 M.2 NVMe,2TB,295820,76몰,148원/1GB
99944000,BIWIN M350 M.2 NVMe,1TB,179420,78몰,179원/1GB
99944090,BIWIN NV7200 M.2 NVMe 해외구매,1TB,169600,2몰,170원/1GB
100192646,라이트컴 COMS IH195 M.2 to PCIe 4x 컨버터,,11780,48몰,
100269854,삼성전자 870 EVO 중고,2TB,266750,6몰,133원/1GB
100270535,BIWIN NV7200 M.2 NVMe,1TB,192000,7몰,192원/1GB
100270739,BIWIN Black Opal NV3500 M.2 NVMe,512GB,111550,70몰,218원/1GB
100270760,BIWIN Black Opal NV3500 M.2 NVMe,1TB,193030,75몰,193원/1GB
100325363,비즈텍 TREAVE VN200Q M.2 NVMe,512GB,96490,35몰,188원/1GB
100325369,비즈텍 TREAVE VN200Q M.2 NVMe,256GB,53590,37몰,209원/1GB
100328783,Apacer AS2280Q4X M.2 NVMe,512GB,118990,53몰,232원/1GB
100328819,Apacer AS2280Q4X M.2 NVMe,1TB,198990,57몰,199원/1GB
100328870,Apacer AS2280Q4X M.2 NVMe,2TB,294800,45몰,147원/1GB
100329014,Apacer AS2280P4X M.2 NVMe,512GB,107500,54몰,210원/1GB
100329047,Apacer AS2280P4X M.2 NVMe,1TB,189000,20몰,189원/1GB
100329191,Apacer AST280X M.2 SATA,256GB,62990,46몰,246원/1GB
100329206,Apacer AST280X M.2 SATA,512GB,153900,50몰,301원/1GB
100382744,Apacer AS350X,256GB,61200,50몰,239원/1GB
100382771,Apacer AS350X,512GB,97700,52몰,191원/1GB
100382792,Apacer AS350X,1TB,148990,51몰,149원/1GB
100448564,마이크론 Crucial BX500 해외구매,500GB,69550,2몰,139원/1GB
100618058,Western Digital WD BLACK SN8100 M.2 NVMe,8TB,2600000,1몰,325원/1GB
100619522,SilverStone SST-ECM40,,132390,16몰,
100623254,Fanxiang S690Q M.2 NVMe 병행수입,1TB,147900,1몰,148원/1GB
100691306,삼성전자 PM9A1 M.2 NVMe 중고,512GB,79720,3몰,156원/1GB
100697684,마이크론 Crucial MX500 중고,250GB,31900,1몰,128원/1GB
100844144,마이크론 Crucial 2500 M.2 NVMe 벌크,512GB,98000,8몰,191원/1GB
101090885,TWSC CUSU CV7000 M.2 NVMe 해외구매,1TB,107300,8몰,107원/1GB
101186015,Western Digital WD Green SN3000 M.2 NVMe,1TB,171000,18몰,171원/1GB
101186033,Western Digital WD Green SN3000 M.2 NVMe,2TB,285000,6몰,143원/1GB
101545757,키오시아 EXCERIA BASIC M.2 NVMe,2TB,296000,95몰,148원/1GB
101545817,키오시아 EXCERIA BASIC M.2 NVMe,1TB,174000,92몰,174원/1GB
102001181,삼성전자 980 PRO M.2 NVMe 중고,2TB,329000,2몰,165원/1GB
102005414,GIGABYTE Gen3 M.2 NVMe 제이씨현,512GB,103780,13몰,203원/1GB
102123836,마이크론 Crucial 2500 M.2 NVMe 벌크,1TB,248990,5몰,243원/1GB
102128081,아이티젠 M.2 NVMe PCI-E 4x 변환 컨버터,,3930,5몰,
102355313,삼성전자 870 EVO 중고,4TB,430000,2몰,108원/1GB
102411863,화웨이 eKitStor Xtreme 201 M.2 NVMe,1TB,187700,30몰,188원/1GB
102411866,화웨이 eKitStor Xtreme 201 M.2 NVMe,2TB,311700,30몰,156원/1GB
102552779,ADATA Ultimate SU650 파인인포,2TB,가격비교예정,0몰,
102552866,ADATA Ultimate SU650 파인인포,1TB,210000,17몰,210원/1GB
102552920,ADATA Ultimate SU650 파인인포,512GB,110000,22몰,215원/1GB
102552941,ADATA Ultimate SU650 파인인포,256GB,72000,23몰,281원/1GB
102552977,ADATA XPG SX8200 Pro M.2 NVMe 파인인포,512GB,116800,25몰,228원/1GB
102620828,삼성전자 PM981a M.2 NVMe 중고,512GB,92000,1몰,180원/1GB
102760391,삼성전자 PM9A1 M.2 NVMe 중고,256GB,94090,1몰,368원/1GB
102760397,삼성전자 970 EVO Plus M.2 NVMe 중고,500GB,96900,4몰,194원/1GB
102760400,삼성전자 970 EVO Plus M.2 NVMe 중고,250GB,60000,1몰,240원/1GB
102760415,Seagate 파이어쿠다 530 M.2 NVMe 중고,2TB,244690,3몰,122원/1GB
102881504,삼성전자 860 EVO 중고,2TB,178130,2몰,89원/1GB
103130261,ESSENCORE KLEVV NEO N410+,512GB,가격비교예정,0몰,
103130264,ESSENCORE KLEVV NEO N410+,256GB,가격비교예정,0몰,
